<?xml version="1.0" ?>
<synergyModuleDescription>
    <config id="config.driver.sci_uart" path="driver/r_sci_uart_cfg.h" version="0">
        <property default="config.driver.sci_uart.external_rts_operation.disabled" display="External RTS Operation" id="config.driver.sci_uart.external_rts_operation">
            <option display="Enable" id="config.driver.sci_uart.external_rts_operation.enabled" value="(1)"/>
            <option display="Disable" id="config.driver.sci_uart.external_rts_operation.disabled" value="(0)"/>
        </property>
        <property default="config.driver.sci_uart.hw_fifo_enable.enabled" display="H/W FIFO" id="config.driver.sci_uart.hw_fifo_enable">
            <option display="Enable" id="config.driver.sci_uart.hw_fifo_enable.enabled" value="(1)"/>
            <option display="Disable" id="config.driver.sci_uart.hw_fifo_enable.disabled" value="(0)"/>
        </property>
        <property default="config.driver.sci_uart.uart_rx_enable.enabled" display="Reception" id="config.driver.sci_uart.uart_rx_enable">
            <option display="Enable" id="config.driver.sci_uart.uart_rx_enable.enabled" value="(1)"/>
            <option display="Disable" id="config.driver.sci_uart.uart_rx_enable.disabled" value="(0)"/>
        </property>
        <property default="config.driver.sci_uart.uart_tx_enable.enabled" display="Transmission" id="config.driver.sci_uart.uart_tx_enable">
            <option display="Enable" id="config.driver.sci_uart.uart_tx_enable.enabled" value="(1)"/>
            <option display="Disable" id="config.driver.sci_uart.uart_tx_enable.disabled" value="(0)"/>
        </property>
        <property default="config.driver.sci_uart.param_checking_enable.bsp" display="Parameter Checking" id="config.driver.sci_uart.param_checking_enable">
            <option display="Default (BSP)" id="config.driver.sci_uart.param_checking_enable.bsp" value="(BSP_CFG_PARAM_CHECKING_ENABLED)"/>
            <option display="Enabled" id="config.driver.sci_uart.param_checking_enable.enabled" value="(1)"/>
            <option display="Disabled" id="config.driver.sci_uart.param_checking_enable.disabled" value="(0)"/>
        </property>
        <content>#define SCI_UART_CFG_EXTERNAL_RTS_OPERATION ${config.driver.sci_uart.external_rts_operation}
            #define SCI_UART_CFG_HW_FIFO_ENABLE ${config.driver.sci_uart.hw_fifo_enable}
            #define SCI_UART_CFG_RX_ENABLE ${config.driver.sci_uart.uart_rx_enable}
            #define SCI_UART_CFG_TX_ENABLE ${config.driver.sci_uart.uart_tx_enable}
            #define SCI_UART_CFG_PARAM_CHECKING_ENABLE ${config.driver.sci_uart.param_checking_enable}
        </content>
    </config>
    <module config="config.driver.sci_uart" display="UART Driver on SCI_UART" id="module.driver.uart_on_sci_uart" version="1">
        <constraint display="Requires one SCI_Common module and ByteQ module(s)">
            "${interface.driver.sci_common}" === "1" &amp;&amp; "${interface.driver.byteq}" &gt; "0"
        </constraint>
		<constraint display="Requires Asynchronous Mode mode to be enabled in SCI Common">
           "${config.driver.sci_common.async}" != "config.driver.sci_common.async.disabled"
        </constraint>
        <constraint display="Requires SCI${module.driver.uart_on_sci_uart.channel} Receive Interrupt (RXI) enabled">
            "${board.icu.sci.sci${module.driver.uart_on_sci_uart.channel}.sci${module.driver.uart_on_sci_uart.channel}.rxi}" != "board.icu.common.irq.disabled"
        </constraint>
        <constraint display="Requires SCI${module.driver.uart_on_sci_uart.channel} Transmit Interrupt (TXI) enabled">
            "${board.icu.sci.sci${module.driver.uart_on_sci_uart.channel}.sci${module.driver.uart_on_sci_uart.channel}.txi}" != "board.icu.common.irq.disabled"
        </constraint>
		<constraint display="Requires SCI${module.driver.uart_on_sci_uart.channel} Transmit End Interrupt (TEI) enabled">
            "${board.icu.sci.sci${module.driver.uart_on_sci_uart.channel}.sci${module.driver.uart_on_sci_uart.channel}.tei}" != "board.icu.common.irq.disabled"
        </constraint>
        <constraint display="Requires SCI${module.driver.uart_on_sci_uart.channel} Error Interrupt (ERI) enabled">
            "${board.icu.sci.sci${module.driver.uart_on_sci_uart.channel}.sci${module.driver.uart_on_sci_uart.channel}.eri}" != "board.icu.common.irq.disabled"
       </constraint> 
		<constraint display="Unique name required for each instance">
       "${interface.driver.uart_on_sci_uart.${module.driver.uart_on_sci_uart.name}}" === "1"
	    </constraint>
		<requires interface="interface.driver.sci_common"/>
        <requires interface="interface.driver.byteq"/>
		<provides interface="interface.driver.uart_on_sci_uart.${module.driver.uart_on_sci_uart.name}" />
        <provides interface="interface.driver.uart.${module.driver.uart_on_sci_uart.name}" />
        <property default="g_uart" display="Name" id="module.driver.uart_on_sci_uart.name">
            <constraint display="Name must be a valid C symbol">testSymbol("${module.driver.uart_on_sci_uart.name}")</constraint>
        </property>
        
        <!-- UART interface configuration -->
        <property default="0" display="Channel" id="module.driver.uart_on_sci_uart.channel">
            <constraint display="Value must be an integer between 0 and 9">testInteger("${module.driver.uart_on_sci_uart.channel}")  &amp;&amp; ("${module.driver.uart_on_sci_uart.channel}" &gt;= 0) &amp;&amp; ("${module.driver.uart_on_sci_uart.channel}" &lt; 10)</constraint>
        </property>
        <property default="9600" display="Baud Rate" id="module.driver.uart_on_sci_uart.baud_rate">
            <constraint display="Value must be an integer">testInteger("${module.driver.uart_on_sci_uart.baud_rate}")</constraint>
        </property>
        <property default="module.driver.uart_on_sci_uart.data_bits.data_bits_8" display="Data Bits" id="module.driver.uart_on_sci_uart.data_bits">
            <option display="8bits" id="module.driver.uart_on_sci_uart.data_bits.data_bits_8" value="UART_DATA_BITS_8"/>
            <option display="7bits" id="module.driver.uart_on_sci_uart.data_bits.data_bits_7" value="UART_DATA_BITS_7"/>
            <option display="9bits" id="module.driver.uart_on_sci_uart.data_bits.data_bits_9" value="UART_DATA_BITS_9"/>
        </property>
        <property default="module.driver.uart_on_sci_uart.parity.parity_off" display="Parity" id="module.driver.uart_on_sci_uart.parity">
            <option display="None" id="module.driver.uart_on_sci_uart.parity.parity_off" value="UART_PARITY_OFF"/>
            <option display="Odd" id="module.driver.uart_on_sci_uart.parity.parity_odd" value="UART_PARITY_ODD"/>
            <option display="Even" id="module.driver.uart_on_sci_uart.parity.parity_even" value="UART_PARITY_EVEN"/>
        </property>
        <property default="module.driver.uart_on_sci_uart.stop_bits.stop_bits_1" display="Stop Bits" id="module.driver.uart_on_sci_uart.stop_bits">
            <option display="1bit" id="module.driver.uart_on_sci_uart.stop_bits.stop_bits_1" value="UART_STOP_BITS_1"/>
            <option display="2bits" id="module.driver.uart_on_sci_uart.stop_bits.stop_bits_2" value="UART_STOP_BITS_2"/>
        </property>
        <property default="module.driver.uart_on_sci_uart.ctsrts_en.false" display="CTS/RTS Selection" id="module.driver.uart_on_sci_uart.ctsrts_en">
            <option display="CTS (Note that RTS is available when enabling External RTS Operation mode which uses 1 GPIO pin)" id="module.driver.uart_on_sci_uart.ctsrts_en.true" value="true"/>
            <option display="RTS (CTS is disabled)" id="module.driver.uart_on_sci_uart.ctsrts_en.false" value="false"/>
        </property>
        <property default="0" display="BYTEQ(Circular Buffer) Length for Transmission" id="module.driver.uart_on_sci_uart.tx_que_len">
            <constraint display="Value must be an integer">testInteger("${module.driver.uart_on_sci_uart.tx_que_len}")</constraint>
        </property>
        <property default="0" display="BYTEQ(Circular Buffer) Length for Reception" id="module.driver.uart_on_sci_uart.rx_que_len">
            <constraint display="Value must be an integer">testInteger("${module.driver.uart_on_sci_uart.rx_que_len}")</constraint>
        </property>

        <!-- External defined callback function -->
        <property default="user_uart_callback" display="Name of UART callback function to be defined by user" id="module.driver.uart_on_sci_uart.callback">
            <constraint display="Name must be a valid C symbol">testSymbol("${module.driver.uart_on_sci_uart.callback}")</constraint>
        </property>
        <property default="NULL" display="Name of UART callback function for the RTS external pin control to be defined by user" id="module.driver.uart_on_sci_uart.callback.rts_pin_ctrl">
            <constraint display="Name must be a valid C symbol">testSymbol("${module.driver.uart_on_sci_uart.callback.rts_pin_ctrl}")</constraint>
        </property>

        <!-- UART Extended configuration -->
        <property default="module.driver.uart_on_sci_uart.clk_src.int_clk" display="Clock Source" id="module.driver.uart_on_sci_uart.clk_src">
            <option display="Internal Clock" id="module.driver.uart_on_sci_uart.clk_src.int_clk" value="SCI_CLK_SRC_INT"/>
            <option display="External Clock 8x baudrate" id="module.driver.uart_on_sci_uart.clk_src.ext_clk_8x" value="SCI_CLK_SRC_EXT8X"/>
            <option display="External Clock 16x baudrate" id="module.driver.uart_on_sci_uart.clk_src.ext_clk_16x" value="SCI_CLK_SRC_EXT16X"/>
        </property>
        <property default="module.driver.uart_on_sci_uart.baudclk_out.false" display="Baudrate Clock Output from SCK pin" id="module.driver.uart_on_sci_uart.baudclk_out">
            <option display="Enable" id="module.driver.uart_on_sci_uart.baudclk_out.true" value="true"/>
            <option display="Disable" id="module.driver.uart_on_sci_uart.baudclk_out.false" value="false"/>
        </property>
        <property default="module.driver.uart_on_sci_uart.rx_edge_start.true" display="Start bit detection" id="module.driver.uart_on_sci_uart.rx_edge_start">
            <option display="Falling Edge" id="module.driver.uart_on_sci_uart.rx_edge_start.true" value="true"/>
            <option display="Low Level" id="module.driver.uart_on_sci_uart.rx_edge_start.false" value="false"/>
        </property>
        <property default="module.driver.uart_on_sci_uart.noisecancel_en.false" display="Noise Cancel" id="module.driver.uart_on_sci_uart.noisecancel_en">
            <option display="Enable" id="module.driver.uart_on_sci_uart.noisecancel_en.true" value="true"/>
            <option display="Disable" id="module.driver.uart_on_sci_uart.noisecancel_en.false" value="false"/>
        </property>

        <header>
            /** UART on SCI Instance. */
            extern const uart_instance_t      ${module.driver.uart_on_sci_uart.name};
            #ifdef ${module.driver.uart_on_sci_uart.callback.rts_pin_ctrl}
            #else
            extern void             ${module.driver.uart_on_sci_uart.callback.rts_pin_ctrl} (uint32_t channel, uint32_t level);
            #endif
#ifdef ${module.driver.uart_on_sci_uart.callback}
#define UART_ON_SCI_UART_CALLBACK_USED_${module.driver.uart_on_sci_uart.name} (0)
#else
#define UART_ON_SCI_UART_CALLBACK_USED_${module.driver.uart_on_sci_uart.name} (1)
#endif
#if UART_ON_SCI_UART_CALLBACK_USED_${module.driver.uart_on_sci_uart.name}
void ${module.driver.uart_on_sci_uart.callback}(uart_callback_args_t * p_args);
#endif
        </header>
        <includes>
            #include &quot;r_sci_uart.h&quot;
            #include &quot;r_uart_api.h&quot;
        </includes>
        <declarations>
#if UART_ON_SCI_UART_CALLBACK_USED_${module.driver.uart_on_sci_uart.name}
#if defined(__ICCARM__)
#define ${module.driver.uart_on_sci_uart.callback}_WEAK_ATTRIBUTE
#pragma weak ${module.driver.uart_on_sci_uart.callback}  = ${module.driver.uart_on_sci_uart.callback}_internal
#elif defined(__GNUC__)
#define ${module.driver.uart_on_sci_uart.callback}_WEAK_ATTRIBUTE   __attribute__ ((weak, alias("${module.driver.uart_on_sci_uart.callback}_internal")))
#endif
void ${module.driver.uart_on_sci_uart.callback}(uart_callback_args_t * p_args) ${module.driver.uart_on_sci_uart.callback}_WEAK_ATTRIBUTE;
#endif

            uart_ctrl_t     ${module.driver.uart_on_sci_uart.name}_ctrl;
            #if (${module.driver.uart_on_sci_uart.tx_que_len})
            static uint8_t  ${module.driver.uart_on_sci_uart.name}_tx_que[${module.driver.uart_on_sci_uart.tx_que_len}];
            static byteq_ctrl_t ${module.driver.uart_on_sci_uart.name}_tx_que_ctrl;
            #else
            #endif
            #if (${module.driver.uart_on_sci_uart.rx_que_len})
            static uint8_t  ${module.driver.uart_on_sci_uart.name}_rx_que[${module.driver.uart_on_sci_uart.rx_que_len}];
            static byteq_ctrl_t ${module.driver.uart_on_sci_uart.name}_rx_que_ctrl;
            #else
            #endif

            /** UART extended configuration for UARTonSCI HAL driver */
            const uart_on_sci_cfg_t uart_sci${module.driver.uart_on_sci_uart.channel}_cfg_t =
            {
                .clk_src             = ${module.driver.uart_on_sci_uart.clk_src},
                .baudclk_out         = ${module.driver.uart_on_sci_uart.baudclk_out},
                .rx_edge_start       = ${module.driver.uart_on_sci_uart.rx_edge_start},
                .noisecancel_en      = ${module.driver.uart_on_sci_uart.noisecancel_en},
                .p_extpin_ctrl       = (void *)${module.driver.uart_on_sci_uart.callback.rts_pin_ctrl}
            };

            /** UART interface configuration */
            const uart_cfg_t ${module.driver.uart_on_sci_uart.name}_cfg =
            {
                .channel             = ${module.driver.uart_on_sci_uart.channel},
                .baud_rate           = ${module.driver.uart_on_sci_uart.baud_rate},
                .data_bits           = ${module.driver.uart_on_sci_uart.data_bits},
                .parity              = ${module.driver.uart_on_sci_uart.parity},
                .stop_bits           = ${module.driver.uart_on_sci_uart.stop_bits},
                .ctsrts_en           = ${module.driver.uart_on_sci_uart.ctsrts_en},
                .p_callback          = (void *)${module.driver.uart_on_sci_uart.callback},
                .p_context           = (void *)&amp;${module.driver.uart_on_sci_uart.name},
                .p_extend            = (void *)&amp;uart_sci${module.driver.uart_on_sci_uart.channel}_cfg_t,
                #if (${module.driver.uart_on_sci_uart.tx_que_len})
                .p_tx_que            = ${module.driver.uart_on_sci_uart.name}_tx_que,
                .tx_que_len          = ${module.driver.uart_on_sci_uart.tx_que_len},
                .p_tx_que_ctrl       = (void *)&amp;${module.driver.uart_on_sci_uart.name}_tx_que_ctrl,
                #else
                .p_tx_que            = NULL,
                .tx_que_len          = 0,
                .p_tx_que_ctrl       = NULL,
                #endif
                #if (${module.driver.uart_on_sci_uart.rx_que_len})
                .p_rx_que            = ${module.driver.uart_on_sci_uart.name}_rx_que,
                .rx_que_len          = ${module.driver.uart_on_sci_uart.rx_que_len},
                .p_rx_que_ctrl       = (void *)&amp;${module.driver.uart_on_sci_uart.name}_rx_que_ctrl
                #else
                .p_rx_que            = NULL,
                .rx_que_len          = 0,
                .p_rx_que_ctrl       = NULL
                #endif
            };

/* Instance structure to use this module. */
const uart_instance_t ${module.driver.uart_on_sci_uart.name} = 
{
    .p_ctrl        = &amp;${module.driver.uart_on_sci_uart.name}_ctrl,
    .p_cfg         = &amp;${module.driver.uart_on_sci_uart.name}_cfg,
    .p_api         = &amp;g_uart_on_sci
};            

#if UART_ON_SCI_UART_CALLBACK_USED_${module.driver.uart_on_sci_uart.name}
/*******************************************************************************************************************//**
 * @brief      This is a weak example callback function.  It should be overridden by defining a user callback function 
 *             with the prototype below.
 *               - void ${module.driver.uart_on_sci_uart.callback}(uart_callback_args_t * p_args)
 *
 * @param[in]  p_args  Callback arguments used to identify what caused the callback.
 **********************************************************************************************************************/
void ${module.driver.uart_on_sci_uart.callback}_internal(uart_callback_args_t * p_args)
{
	/** Do nothing. */
}
#endif
        </declarations>
    </module>
</synergyModuleDescription>
