<?xml version="1.0" ?>
<synergyModuleDescription>  
    <config id="config.framework.sf_el_fx" path="framework/sf_el_fx_cfg.h" version="0">
        <property default="config.framework.sf_el_fx.param_checking_enable.bsp" display="Parameter Checking" id="config.framework.sf_el_fx.param_checking_enable">
            <option display="Default (BSP)" id="config.framework.sf_el_fx.param_checking_enable.bsp" value="(BSP_CFG_PARAM_CHECKING_ENABLE)"/>
            <option display="Enabled" id="config.framework.sf_el_fx.param_checking_enable.enabled" value="(1)"/>
            <option display="Disabled" id="config.framework.sf_el_fx.param_checking_enable.disabled" value="(0)"/>
        </property>
        <content>#define SF_EL_FX_CFG_PARAM_CHECKING_ENABLE ${config.framework.sf_el_fx.param_checking_enable}</content>
    </config>   
    <module config="config.framework.sf_el_fx" display="${module.framework.sf_el_fx.name} FileX I/O Driver" id="module.framework.sf_el_fx" version="1">
          <constraint display="Module instances must have unique names">
            "${interface.framework.sf_el_fx.${module.framework.sf_el_fx.name}}" === "1"
        </constraint>       
        <constraint display="Requires one Block Media driver ${module.framework.sf_el_fx.lowerlevelname}">
            "${interface.framework.block_media.${module.framework.sf_el_fx.lowerlevelname}}" === "1"
        </constraint>
        <requires interface="_rtos" />
        <requires interface="interface.framework.block_media.${module.framework.sf_el_fx.lowerlevelname}" />
        <provides interface="interface.framework.sf_el_fx.${module.framework.sf_el_fx.name}" />
        <property id="module.framework.sf_el_fx.name" display="Name" default="g_sf_el_fx">
            <constraint display="Name must be a valid C symbol">testSymbol("${module.framework.sf_el_fx.name}")</constraint>
        </property>     
        <property id="module.framework.sf_el_fx.lowerlevelapi" display="Block media driver" default="module.framework.sf_el_fx.lowerlevelapi.sdmmc">
            <option display="on SDMMC" id="module.framework.sf_el_fx.lowerlevelapi.sdmmc" value="sdmmc"/>
        </property>
        <property id="module.framework.sf_el_fx.lowerlevelname" display="Lower level block media name" default="g_sf_block_media_sdmmc" >               
            <constraint display="Name must be a valid C symbol">testSymbol("${module.framework.sf_el_fx.lowerlevelname}")</constraint>
        </property>
        <header>
            extern sf_el_fx_t ${module.framework.sf_el_fx.name}_cfg;
        </header>
        <includes>
            #include &quot;sf_el_fx.h&quot;
        </includes>
        <declarations>
    
            sf_el_fx_t ${module.framework.sf_el_fx.name}_cfg =
            {
                .p_lower_lvl_block_media    = &amp;${module.framework.sf_el_fx.lowerlevelname}_instance
            };
</declarations>
    </module>
</synergyModuleDescription>
