<?xml version="1.0" ?>
<synergyModuleDescription>
    <config id="config.framework.sf_touch_ctsu" path="framework/sf_touch_ctsu_cfg.h" version="0">
        <property default="config.framework.sf_touch_ctsu.param_checking_enable.bsp" display="Parameter Checking" id="config.framework.sf_touch_ctsu.param_checking_enable">
            <option display="Default (BSP)" id="config.driver.sf_touch_ctsu.param_checking_enable.bsp" value="(BSP_CFG_PARAM_CHECKING_ENABLE)"/>
            <option display="Enabled" id="config.framework.sf_touch_ctsu.param_checking_enable.enabled" value="(1)"/>
            <option display="Disabled" id="config.framework.sf_touch_ctsu.param_checking_enable.disabled" value="(0)"/>
        </property>
        <content>
		#define SF_TOUCH_CTSU_CFG_PARAM_CHECKING_ENABLE ${config.framework.sf_touch_ctsu.param_checking_enable}
		</content>
    </config>
    
    <module config="config.framework.sf_touch_ctsu" display="${module.framework.sf_touch_ctsu.name} SF_TOUCH_CTSU Module on SF_TOUCH_CTSU" id="module.framework.sf_touch_ctsu" version="1">
        <constraint display="Requires one CTSU Driver module named ${module.framework.sf_touch_ctsu.lowerleveltouchname}">
            "${interface.driver.touch.${module.framework.sf_touch_ctsu.lowerleveltouchname}}" === "1"
        </constraint>
		
		<!--
        <constraint display="Requires one Flash module named ${module.framework.sf_touch_ctsu.lowerlevelflashname}">
            "${interface.driver.flash.${module.framework.sf_touch_ctsu.lowerlevelflashname}}" === "1"
        </constraint>
		-->
		
		<requires interface="_rtos" />
		<provides interface="interface.framework.touch_on_ctsu" />
		<property default="g_sf_touch_ctsu_hw" display="Name" id="module.framework.sf_touch_ctsu.name">
            <constraint display="Name must be a valid C symbol">testSymbol("${module.framework.sf_touch_ctsu.name}")</constraint>
        </property>
		
		<property id="module.framework.sf_touch_ctsu.lowerleveltouchname" display="Lower Level Touch Driver Name" default="g_ctsu">
            <constraint display="Name must be a valid C symbol">testSymbol("${module.framework.sf_touch_ctsu.lowerleveltouchname}")</constraint>
        </property>
		
		<!--
		<property id="module.framework.sf_touch_ctsu.lowerlevelflashname" display="Lower Level Flash Name" default="g_flash">
            <constraint display="Name must be a valid C symbol">testSymbol("${module.framework.sf_touch_ctsu.lowerlevelflashname}")</constraint>
        </property>
		-->
		
        <property default="g_sf_touch_ctsu" display="Name" id="module.framework.sf_touch_ctsu.name">
            <constraint display="Name must be a valid C symbol">testSymbol("${module.framework.sf_touch_ctsu.name}")</constraint>
        </property>

		<property default="3" display="Thread Priority" id="module.framework.sf_touch_ctsu.priority">
            <constraint display="Value must be a non-negative integer">testInteger("${module.framework.sf_touch_ctsu.priority}")  &amp;&amp; ("${module.framework.sf_touch_ctsu.priority}" &gt;= 0)</constraint>
        </property>

		<property default="10" display="Update Hz" id="module.framework.sf_touch_ctsu.update_hz">
            <constraint display="Value must be an integer greater than 0">testInteger("${module.framework.sf_touch_ctsu.update_hz}")  &amp;&amp; ("${module.framework.sf_touch_ctsu.update_hz}" &gt; 0)</constraint>
        </property>

        <header>
		/** Pointer to SF Touch CTSU control structure created in thread */
        extern sf_touch_ctsu_ctrl_t ${module.framework.sf_touch_ctsu.name}_ctrl;
		extern const sf_touch_ctsu_cfg_t ${module.framework.sf_touch_ctsu.name}_cfg;
		/** Pointer to SF Touch CTSU API created in thread */
        extern const sf_touch_ctsu_api_t * ${module.framework.sf_touch_ctsu.name}_api;
        </header>
        <includes>
		#include &quot;sf_touch_ctsu.h&quot;
		</includes>
        <declarations>
		sf_touch_ctsu_ctrl_t ${module.framework.sf_touch_ctsu.name}_ctrl;
		const sf_touch_ctsu_api_t * ${module.framework.sf_touch_ctsu.name}_api = &amp;g_sf_touch_ctsu_on_sf_touch_ctsu;
		
		const sf_touch_ctsu_cfg_t ${module.framework.sf_touch_ctsu.name}_cfg =
		{
			.priority            = ${module.framework.sf_touch_ctsu.priority},
			.update_hz           = ${module.framework.sf_touch_ctsu.update_hz},
			.ctsu_instance       = 
            {
                          .p_api  = &amp;g_ctsu_on_ctsu,
                          .p_cfg  = &amp;${module.framework.sf_touch_ctsu.lowerleveltouchname}_cfg_on_ctsu,
                          .p_ctrl = &amp;${module.framework.sf_touch_ctsu.lowerleveltouchname}_ctrl_on_ctsu,
            },
            
		};
		</declarations>
        <init>
		ssp_err_t ssp_err_${module.framework.sf_touch_ctsu.name};
		
		ssp_err_${module.framework.sf_touch_ctsu.name} = ${module.framework.sf_touch_ctsu.name}_api->open(&amp;${module.framework.sf_touch_ctsu.name}_ctrl, &amp;${module.framework.sf_touch_ctsu.name}_cfg);
        </init>
    </module>
</synergyModuleDescription>
