<?xml version="1.0" encoding="UTF-8"?>
<synergyModuleDescription>
    <config id="config.el.fx" path="framework/el/fx_user.h" version="0">
        <property id="config.el.fx.error_checking" display="Error Checking" default="config.el.fx.error_checking.enabled">
            <option id="config.el.fx.error_checking.enabled" display="Enabled (default)" value="1" />
            <option id="config.el.fx.error_checking.disabled" display="Disabled" value="0" />                
        </property>
        <property default="" display="Max Long Name Len" id="config.el.fx.max_long_name_len" description="Defines the maximum size of long file names supported by FileX. The default value is 33. The minimum value is 13 and the maximum value is 256.">
            <constraint display="Value must be greater than 0 or empty">("${config.el.fx.max_long_name_len}".length === 0) || ("${config.el.fx.max_long_name_len}" &gt; 0)</constraint>
        </property>
        <property default="" display="Max Last Name Len" id="config.el.fx.max_last_name_len" description="Defines the maximum size of long file names supported by FileX. The default value is 33. The minimum value is 13 and the maximum value is 256.">
            <constraint display="Value must be greater than 0 or empty">("${config.el.fx.max_last_name_len}".length === 0) || ("${config.el.fx.max_last_name_len}" &gt; 0)</constraint>
        </property>
        <property default="" display="Max Sector Cache" id="config.el.fx.max_sector_cache" description="Defines the maximum number of logical sectors that can be cached by FileX. The cache memory supplied to FileX at fx_media_open determines how many sectors can actually be cached.">
            <constraint display="Value must be greater than 0 or empty">("${config.el.fx.max_sector_cache}".length === 0) || ("${config.el.fx.max_sector_cache}" &gt; 0)</constraint>
        </property>
        <property default="" display="Fat Map Size" id="config.el.fx.fat_map_size" description="Defines the size in bytes of the bit map used to update the secondary FAT sectors. The larger the value the less unnecessary secondary FAT sector writes.">
            <constraint display="Value must be greater than 0 or empty">("${config.el.fx.fat_map_size}".length === 0) || ("${config.el.fx.fat_map_size}" &gt; 0)</constraint>
        </property>
        <property default="" display="Max Fat Cache" id="config.el.fx.max_fat_cache" description="Defines the number of entries in the FAT cache.">
            <constraint display="Value must be greater than 0 or empty">("${config.el.fx.max_fat_cache}".length === 0) || ("${config.el.fx.max_fat_cache}" &gt; 0)</constraint>
        </property>
        <property default="" display="Update Rate (Seconds)" id="config.el.fx.update_rate_in_seconds" description="Defines the number of seconds the time parameters are updated in FileX.">
            <constraint display="Value must be greater than 0 or empty">("${config.el.fx.update_rate_in_seconds}".length === 0) || ("${config.el.fx.update_rate_in_seconds}" &gt; 0)</constraint>
        </property>
        <property default="" display="Update Rate (Ticks)" id="config.el.fx.update_rate_in_ticks" description="Defines the number of ThreadX timer ticks required to achieve the update rate specified by FX_UPDATE_RATE_IN_SECONDS defined previously. By default, the ThreadX timer tick is 10ms, so the default value for this constant is 1000.">
            <constraint display="Value must be greater than 0 or empty">("${config.el.fx.update_rate_in_ticks}".length === 0) || ("${config.el.fx.update_rate_in_ticks}" &gt; 0)</constraint>
        </property>
        <property id="config.el.fx.no_timer" display="No Timer" default="config.el.fx.no_timer.disabled" description="When enabled, FileX is built without update to the time parameters.">
            <option id="config.el.fx.no_timer.enabled" display="Enabled" value="1" />
            <option id="config.el.fx.no_timer.disabled" display="Disabled (default)" value="0" />                
        </property>
        <property id="config.el.fx.single_thread" display="Single Thread" default="config.el.fx.single_thread.disabled" description="When enabled, FileX is running in a single-threaded environment and does not need thread protection.">
            <option id="config.el.fx.single_thread.enabled" display="Enabled" value="1" />
            <option id="config.el.fx.single_thread.disabled" display="Disabled (default)" value="0" />                
        </property>
        <property id="config.el.fx.dont_update_open_files" display="Don't Update Open Files" default="config.el.fx.dont_update_open_files.disabled" description="When enabled, FileX does not update already opened files.">
            <option id="config.el.fx.dont_update_open_files.enabled" display="Enabled" value="1" />
            <option id="config.el.fx.dont_update_open_files.disabled" display="Disabled (default)" value="0" />                
        </property>
        <property id="config.el.fx.media_search_cache" display="Media Search Cache" default="config.el.fx.media_search_cache.enabled" description="When disabled, the file search cache optimization is disabled.">
            <option id="config.el.fx.media_search_cache.enabled" display="Enabled (default)" value="1" />
            <option id="config.el.fx.media_search_cache.disabled" display="Disabled" value="0" />                
        </property>
        <property id="config.el.fx.direct_data_read_cache_fill" display="Direct Data Read Cache Fill" default="config.el.fx.direct_data_read_cache_fill.enabled" description="When disabled, the direct read sector update of cache is disabled.">
            <option id="config.el.fx.direct_data_read_cache_fill.enabled" display="Enabled (default)" value="1" />
            <option id="config.el.fx.direct_data_read_cache_fill.disabled" display="Disabled" value="0" />                
        </property>
        <property id="config.el.fx.media_statistics" display="Media Statistics" default="config.el.fx.media_statistics.enabled" description="When disabled, gathering of media statistics is disabled.">
            <option id="config.el.fx.media_statistics.enabled" display="Enabled (default)" value="1" />
            <option id="config.el.fx.media_statistics.disabled" display="Disabled" value="0" />                
        </property>
        <property id="config.el.fx.single_open_legacy" display="Single Open Legacy" default="config.el.fx.single_open_legacy.disabled" description="When enabled, legacy single open logic for the same file is enabled.">
            <option id="config.el.fx.single_open_legacy.enabled" display="Enabled" value="1" />
            <option id="config.el.fx.single_open_legacy.disabled" display="Disabled (default)" value="0" />                
        </property>
        <property id="config.el.fx.rename_path_inherit" display="Rename Path Inherit" default="config.el.fx.rename_path_inherit.disabled" description="When enabled, renaming inherits path information.">
            <option id="config.el.fx.rename_path_inherit.enabled" display="Enabled" value="1" />
            <option id="config.el.fx.rename_path_inherit.disabled" display="Disabled (default)" value="0" />                
        </property>
        <property id="config.el.fx.no_local_path" display="No Local Path" default="config.el.fx.no_local_path.disabled" description="When enabled, local path logic is disabled.">
            <option id="config.el.fx.no_local_path.enabled" display="Enabled" value="1" />
            <option id="config.el.fx.no_local_path.disabled" display="Disabled (default)" value="0" />                
        </property>
        <property id="config.el.fx.fault_tolerant_data" display="Fault Tolerant Data" default="config.el.fx.fault_tolerant_data.disabled" description="When enabled, data sector write requests are flushed immediately to the driver.">
            <option id="config.el.fx.fault_tolerant_data.enabled" display="Enabled" value="1" />
            <option id="config.el.fx.fault_tolerant_data.disabled" display="Disabled (default)" value="0" />                
        </property>
        <property id="config.el.fx.fault_tolerant" display="Fault Tolerant" default="config.el.fx.fault_tolerant.disabled" description="When enabled, system sector write requests (including FAT and directory entry requests) are flushed immediately to the driver.">
            <option id="config.el.fx.fault_tolerant.enabled" display="Enabled" value="1" />
            <option id="config.el.fx.fault_tolerant.disabled" display="Disabled (default)" value="0" />                
        </property>
        <content>
#if (!${config.el.fx.error_checking})
#define FX_DISABLE_ERROR_CHECKING
#endif
#if (${config.el.fx.max_long_name_len}+0)
#define FX_MAX_LONG_NAME_LEN (${config.el.fx.max_long_name_len})
#endif
#if (${config.el.fx.max_last_name_len}+0)
#define FX_MAX_LAST_NAME_LEN (${config.el.fx.max_last_name_len})
#endif
#if (${config.el.fx.max_sector_cache}+0)
#define FX_MAX_SECTOR_CACHE (${config.el.fx.max_sector_cache})
#endif
#if (${config.el.fx.fat_map_size}+0)
#define FX_FAT_MAP_SIZE (${config.el.fx.fat_map_size})
#endif
#if (${config.el.fx.max_fat_cache}+0)
#define FX_MAX_FAT_CACHE (${config.el.fx.max_fat_cache})
#endif
#if (${config.el.fx.update_rate_in_seconds}+0)
#define FX_UPDATE_RATE_IN_SECONDS (${config.el.fx.update_rate_in_seconds})
#endif
#if (${config.el.fx.update_rate_in_ticks}+0)
#define FX_UPDATE_RATE_IN_TICKS (${config.el.fx.update_rate_in_ticks})
#endif
#if (${config.el.fx.no_timer})
#define FX_NO_TIMER
#endif
#if (${config.el.fx.single_thread})
#define FX_SINGLE_THREAD
#endif
#if (${config.el.fx.dont_update_open_files})
#define FX_DONT_UPDATE_OPEN_FILES
#endif
#if (!${config.el.fx.media_search_cache})
#define FX_MEDIA_DISABLE_SEARCH_CACHE
#endif
#if (!${config.el.fx.direct_data_read_cache_fill})
#define FX_DISABLE_DIRECT_DATA_READ_CACHE_FILL
#endif
#if (!${config.el.fx.media_statistics})
#define FX_MEDIA_STATISTICS_DISABLE
#endif
#if (${config.el.fx.single_open_legacy})
#define FX_SINGLE_OPEN_LEGACY
#endif
#if (${config.el.fx.rename_path_inherit})
#define FX_RENAME_PATH_INHERIT
#endif
#if (${config.el.fx.no_local_path})
#define FX_NO_LOCAL_PATH
#endif
#if (${config.el.fx.fault_tolerant_data})
#define FX_FAULT_TOLERANT_DATA
#endif
#if (${config.el.fx.fault_tolerant})
#define FX_FAULT_TOLERANT
#endif
        </content>
    </config>
    <module config="config.el.fx" id="module.framework.fx" display="FileX ${module.framework.fx.name}" version="0">
          <constraint display="Module instances must have unique names">
            "${interface.framework.fx.${module.framework.fx.name}}" === "1"
        </constraint>		
        <constraint display="Requires FileX I/O driver named ${module.framework.fx.lowerlevelname}">
            "${interface.framework.sf_fx_io.${module.framework.fx.lowerlevelname}}" === "1"
        </constraint>
        <requires interface="interface.framework.sf_fx_io.${module.framework.fx.lowerlevelname}"/>
        <requires interface="_rtos" />
        <provides interface="interface.framework.fx.${module.framework.fx.name}" />
        <property default="g_fx_media" display="Name" id="module.framework.fx.name" description="Symbol used for media_ptr parameter in FileX APIs">
		<constraint display="Name must be a valid C symbol">testSymbol("${module.framework.fx.name}")</constraint>
        </property>
        <property default="g_sf_fx_io" display="FileX I/O Driver Name" id="module.framework.fx.lowerlevelname" description="Symbol name for lower level FileX I/O Driver">
		<constraint display="Name must be a valid C symbol">testSymbol("${module.framework.fx.lowerlevelname}")</constraint>
        </property>
        <property default="module.framework.fx.format.enabled" display="Format media during initialization" id="module.framework.fx.format" description="Whether or not to format media.  Note that formatting will erase all contents stored on the media.">
            <option id="module.framework.fx.format.enabled" display="Enabled" value="1" />
            <option id="module.framework.fx.format.disabled" display="Disabled" value="0" />
        </property>
        <property default="module.framework.fx.fx_on_sdmmc.true" display="File System is on SDMMC" id="module.framework.fx.fx_on_sdmmc" description="Whether or not SDMMC is used">
            <option id="module.framework.fx.fx_on_sdmmc.true" display="True" value="1" />
            <option id="module.framework.fx.fx_on_sdmmc.false" display="False" value="0" />
        </property>
       <property default="Volume 1" display="Volume Name" id="module.framework.fx.volume_name" description="volume name string, which is a maximum of 11 characters. Only used if Format media during initialization is enabled.">
		<constraint display="Name must be a valid C symbol">testSymbol("${module.framework.fx.volume_name}")</constraint>
        </property>  
        <property default="1" display="Number of FATs" id="module.framework.fx.fat_count" description="Number of FATs in the media. The minimal value is 1 for the primary FAT. Values greater than 1 result in additional FAT copies being maintained at run-time. Only used if Format media during initialization is enabled.">
            <constraint display="Number of FATs must be an integer greather than 0">testInteger("${module.framework.fx.fat_count}")  &amp;&amp; ("${module.framework.fx.fat_count}" &gt; 0)</constraint>
        </property>  
        <property default="256" display="Directory Entries" id="module.framework.fx.dir_count" description="Number of directory entries in the root directory. Only used if Format media during initialization is enabled.">
            <constraint display="Number of Directory Entries must be an integer greather than 0">testInteger("${module.framework.fx.dir_count}")  &amp;&amp; ("${module.framework.fx.dir_count}" &gt; 0)</constraint>
        </property>      
        <property default="0" display="Hidden Sectors" id="module.framework.fx.hidden_sectors" description="Number of sectors hidden before this media’s boot sector. This is typical when multiple partitions are present. Only used if Format media during initialization is enabled.">
            <constraint display="Number of Hidden Sectors must be an integer">testInteger("${module.framework.fx.hidden_sectors}")  &amp;&amp; ("${module.framework.fx.hidden_sectors}" &gt; -1)</constraint>
        </property> 
        <property default="3751936" display="Total Sectors" id="module.framework.fx.total_sectors" description="Total number of sectors in the media. Only used if Format media during initialization is enabled.">
            <constraint display="Total Sectors must be an integer greater than 0">testInteger("${module.framework.fx.total_sectors}")  &amp;&amp; ("${module.framework.fx.total_sectors}" &gt; 0)</constraint>
        </property> 
        <property default="512" display="Bytes per Sector" id="module.framework.fx.sector_size" description="Number of bytes per sector, which is typically 512. FileX requires this to be a multiple of 32.">
            <constraint display="Bytes per Sector must be a multiple of 32">testInteger("${module.framework.fx.sector_size}")  &amp;&amp; ((("${module.framework.fx.sector_size}" &#37; 32) === 0) &amp;&amp; ("${module.framework.fx.sector_size}" &gt; 0))</constraint>
        </property> 
        <property default="1" display="Sectors per Cluster" id="module.framework.fx.cluster_size" description="Number of sectors in each cluster. The cluster is the minimum allocation unit in a FAT file system. Only used if Format media during initialization is enabled.">
            <constraint display="Sectors per Cluster must be an integer greater than 0">testInteger("${module.framework.fx.cluster_size}")  &amp;&amp; ("${module.framework.fx.cluster_size}" &gt; 0)</constraint>
        </property>
        <property default="512" display="Working media memory size" id="module.framework.fx.media_size" description="Memory allocated for file system. Memory size must be an integer greater than the size of one sector.">
            <constraint display="Memory size must be an integer greater than the size of one sector">testInteger("${module.framework.fx.media_size}")  &amp;&amp; ("${module.framework.fx.media_size}" &gt; "${module.framework.fx.sector_size}")</constraint>
        </property>  
        <header>
            extern FX_MEDIA ${module.framework.fx.name};

            /** Block Media Format Type */
            typedef struct st_block_media_format
            {
                FX_MEDIA       * p_fx_media;
                sf_fx_io_t     * p_driver_info;
                uint8_t        * p_memory;
                uint32_t         memory_size;
                uint8_t        * volume_name;
                uint32_t         number_of_fats;
                uint32_t         directory_entries;
                uint32_t         hidden_sectors;
                uint32_t         total_sectors;
                uint32_t         bytes_per_sector;
                uint32_t         sectors_per_cluster;
            } block_media_format_t;
        </header>
        <includes>
            #include "fx_api.h" 
        </includes>
        <declarations>
            #define FX_FORMAT_MEDIA_ENABLE (${module.framework.fx.format})
            #define FILESYSTEM_ON_SDMMC (${module.framework.fx.fx_on_sdmmc})
            FX_MEDIA ${module.framework.fx.name};
            uint8_t g_media_memory_${module.framework.fx.name}[${module.framework.fx.media_size}];
        </declarations>
        <functions>
			#if FX_FORMAT_MEDIA_ENABLE == 1
            ssp_err_t  R_FX_IO_MediaFormat (block_media_format_t * p_block_media_format)
            {
                ssp_err_t           ret_val = SSP_SUCCESS;
                uint32_t            fx_ret_val;
                sf_fx_io_t        * p_block_media;
                uint32_t            sector_size;
                uint32_t            sector_count;

                p_block_media = (sf_fx_io_t *) p_block_media_format-&gt;p_driver_info;

                #if FILESYSTEM_ON_SDMMC == 1
                ret_val       = p_block_media-&gt;p_api-&gt;open(p_block_media-&gt;p_cfg);

                /* Get actual sector size from media. */
                if (SSP_SUCCESS == ret_val)
                {
                    ret_val = p_block_media-&gt;p_api-&gt;ioctl(p_block_media-&gt;p_cfg, BLOCK_MEDIA_COMMAND_GET_SECTOR_SIZE, &amp;sector_size);
                }

                /* Get actual sector count from media. */
                if (SSP_SUCCESS == ret_val)
                {
                    ret_val =
                        p_block_media-&gt;p_api-&gt;ioctl(p_block_media-&gt;p_cfg, BLOCK_MEDIA_COMMAND_GET_SECTOR_COUNT, &amp;sector_count);
                }

                /* Close driver.  */
                if (SSP_SUCCESS == ret_val)
                {
                    ret_val =  p_block_media-&gt;p_api-&gt;close(p_block_media-&gt;p_cfg);
                }
                #else
                sector_count = p_block_media_format-&gt;total_sectors;
                sector_size = p_block_media_format-&gt;bytes_per_sector;
                #endif

                /* If media operations were successful and memory size is as large as sector size, format media. */
                if ((SSP_SUCCESS == ret_val) &amp;&amp; (!(p_block_media_format-&gt;memory_size &lt; sector_size)))
                {
                    /* Format media.  */
                    fx_ret_val = fx_media_format(p_block_media_format-&gt;p_fx_media,          // Pointer to FileX media control block.
                                                 SF_FX_IO_BlockDriver,                         // Driver entry
                                                 p_block_media_format-&gt;p_driver_info,       // Pointer to Block Media Driver
                                                 p_block_media_format-&gt;p_memory,            // Media buffer pointer
                                                 p_block_media_format-&gt;memory_size,         // Media buffer size
                                                 p_block_media_format-&gt;volume_name,         // Volume Name
                                                 p_block_media_format-&gt;number_of_fats,      // Number of FATs
                                                 p_block_media_format-&gt;directory_entries,   // Directory Entries
                                                 p_block_media_format-&gt;hidden_sectors,      // Hidden sectors
                                                 sector_count,                                 // Total sectors
                                                 sector_size,                                  // Sector size
                                                 p_block_media_format-&gt;sectors_per_cluster, // Sectors per cluster
                                                 1,                                            // Heads 
                                                 1);                                           // Sectors per track 
                                                                                               
                    if (FX_SUCCESS != fx_ret_val)
                    {
                        ret_val = SSP_ERR_MEDIA_FORMAT_FAILED;
                    }
                }
                else
                {
                    ret_val = SSP_ERR_MEDIA_FORMAT_FAILED;
                }

                return ret_val;
            }
			#endif
			</functions>
        <init>
            ssp_err_t error;
            uint32_t  fx_ret_val;

            fx_system_initialize();

            #if FX_FORMAT_MEDIA_ENABLE == 1
            block_media_format_t ${module.framework.fx.name}_format =
            {
                .p_fx_media = &amp;${module.framework.fx.name},
                .p_driver_info = &amp;${module.framework.fx.lowerlevelname}_cfg,
                .p_memory = g_media_memory_${module.framework.fx.name},
                .memory_size = sizeof(g_media_memory_${module.framework.fx.name}),
                .volume_name = &quot;${module.framework.fx.volume_name}&quot;,
                .number_of_fats = ${module.framework.fx.fat_count},
                .directory_entries = ${module.framework.fx.dir_count},
                .hidden_sectors = ${module.framework.fx.hidden_sectors},
                .total_sectors = ${module.framework.fx.total_sectors},
                .bytes_per_sector = ${module.framework.fx.sector_size},
                .sectors_per_cluster = ${module.framework.fx.cluster_size}
            };

            
            error = R_FX_IO_MediaFormat(&amp;${module.framework.fx.name}_format);

            if(error != SSP_SUCCESS)
            {
                while(1)
				{
					// check SSP error return code for cause of failure
				}
			}

            #endif


            fx_ret_val = fx_media_open(
                &amp;${module.framework.fx.name},
                "${module.framework.fx.name}",
                SF_FX_IO_BlockDriver,
                &amp;${module.framework.fx.lowerlevelname}_cfg,
                g_media_memory_${module.framework.fx.name},
                sizeof(g_media_memory_${module.framework.fx.name}));
            if(fx_ret_val != FX_SUCCESS)
            {
                while(1)
			    {
                    // check FX error return code for cause of failure
                }
				
            }
 

		  </init>
    </module>
</synergyModuleDescription>