<?xml version="1.0" ?>
<synergyModuleDescription>
	<config id="config.driver.adc" path="driver/r_adc_cfg.h" version="0">
		<property default="config.driver.adc.param_checking_enable.enabled" display="Parameter Checking" id="config.driver.adc.param_checking_enable">
			 <option display="BSP" id="config.driver.adc.param_checking_enable.bsp" value="(BSP_CFG_PARAM_CHECKING_ENABLED)"/>
			<option display="Enabled" id="config.driver.adc.param_checking_enable.enabled" value="(1)"/>
			<option display="Disabled" id="config.driver.adc.param_checking_enable.disabled" value="(0)"/>
		</property>
		<content>#define ADC_CFG_PARAM_CHECKING_ENABLE ${config.driver.adc.param_checking_enable}
</content>
	</config>
	<module config="config.driver.adc" display="${module.driver.adc_on_adc.name} ADC Driver on ADC${module.driver.adc_on_adc.unit}" id="module.driver.adc_on_adc" version="1">
        <constraint display="Requires ADC${module.driver.adc_on_adc.unit} Normal/Group A (ADI) Interrupt enabled">
            "${board.icu.s12ad.s12ad${module.driver.adc_on_adc.unit}.s12ad${module.driver.adc_on_adc.unit}.adi}" != "board.icu.common.irq.disabled"
        </constraint>
        <constraint display="Requires ADC${module.driver.adc_on_adc.unit} Group B (GBADI) Interrupt enabled">
            "${board.icu.s12ad.s12ad${module.driver.adc_on_adc.unit}.s12ad${module.driver.adc_on_adc.unit}.gbadi}" != "board.icu.common.irq.disabled"
        </constraint>
		<constraint display="Unique name required for each instance">
       "${interface.driver.adc.${module.driver.adc_on_adc.name}}" === "1"
	    </constraint>
		<provides interface="interface.driver.adc.${module.driver.adc_on_adc.name}" />
        <property default="g_adc" display="Name" id="module.driver.adc_on_adc.name">
			<constraint display="Name must be a valid C symbol">testSymbol("${module.driver.adc_on_adc.name}")</constraint>
        </property>
		<property default="0" display="Unit" id="module.driver.adc_on_adc.unit">
			<option display="0" id="module.driver.adc_on_adc.unit.unit0" value="0"/>
			<option display="1" id="module.driver.adc_on_adc.unit.unit1" value="1"/>
        </property>
		<property default="module.driver.adc_on_adc.resolution.resolution_8_bit" display="Resolution" id="module.driver.adc_on_adc.resolution">
			<option display="12-Bit" id="module.driver.adc_on_adc.resolution.resolution_12_bit" value="ADC_RESOLUTION_12_BIT"/>
			<option display="10-Bit" id="module.driver.adc_on_adc.resolution.resolution_10_bit" value="ADC_RESOLUTION_10_BIT"/>
			<option display="8-Bit" id="module.driver.adc_on_adc.resolution.resolution_8_bit" value="ADC_RESOLUTION_8_BIT"/>
		</property>
		<property default="module.driver.adc_on_adc.alignment.alignment_right" display="Alignment" id="module.driver.adc_on_adc.alignment">
			<option display="Right" id="module.driver.adc_on_adc.alignment.alignment_right" value="ADC_ALIGNMENT_RIGHT"/>
			<option display="Left" id="module.driver.adc_on_adc.alignment.alignment_left" value="ADC_ALIGNMENT_LEFT"/>
		</property>
		<property default="module.driver.adc_on_adc.clearing.clear_after_read_on" display="Clear after read" id="module.driver.adc_on_adc.clearing">
			<option display="Off" id="module.driver.adc_on_adc.clearing.clear_after_read_off" value="ADC_CLEAR_AFTER_READ_OFF"/>
			<option display="On" id="module.driver.adc_on_adc.clearing.clear_after_read_on" value="ADC_CLEAR_AFTER_READ_ON"/>
		</property>
		<property default="module.driver.adc_on_adc.mode.mode_group_scan" display="Mode" id="module.driver.adc_on_adc.mode">
			<option display="Single Scan" id="module.driver.adc_on_adc.mode.mode_single_scan" value="ADC_MODE_SINGLE_SCAN"/>
			<option display="Continuous Scan" id="module.driver.adc_on_adc.mode.mode_continuous_scan" value="ADC_MODE_CONTINUOUS_SCAN"/>
			<option display="Group Scan" id="module.driver.adc_on_adc.mode.mode_group_scan" value="ADC_MODE_GROUP_SCAN"/>
		</property>
        <property default="module.driver.adc_on_adc.scan_mask.default" display="Channel Scan Mask" id="module.driver.adc_on_adc.scan_mask">
			<option display="Select channels below" id="module.driver.adc_on_adc.scan_mask.default" value="(0)"/>
        </property>
		<property default="module.driver.adc_on_adc.scan_mask.channel_0.unused" display="    Channel 0" id="module.driver.adc_on_adc.channel_0">
			 <option display="Unused" id="module.driver.adc_on_adc.scan_mask.channel_0.unused" value="(uint64_t)0"/>
			 <option display="Use in Normal/Group A" id="module.driver.adc_on_adc.channel_0.used" value="(uint64_t)ADC_MASK_CHANNEL_0"/>
			 <option display="Use in Group B" id="module.driver.adc_on_adc.channel_0.used_groupB" value="(uint64_t)ADC_MASK_CHANNEL_0 &lt;&lt; 32"/>
		</property>
		<property default="module.driver.adc_on_adc.scan_mask.channel_1.unused" display="    Channel 1" id="module.driver.adc_on_adc.channel_1">
			 <option display="Unused" id="module.driver.adc_on_adc.scan_mask.channel_1.unused" value="(uint64_t)0"/>
			 <option display="Use in Normal/Group A" id="module.driver.adc_on_adc.channel_1.used" value="(uint64_t)ADC_MASK_CHANNEL_1"/>
			 <option display="Use in Group B" id="module.driver.adc_on_adc.channel_1.used_groupB" value="(uint64_t)ADC_MASK_CHANNEL_1 &lt;&lt; 32"/>
		</property>
		<property default="module.driver.adc_on_adc.scan_mask.channel_2.unused" display="    Channel 2" id="module.driver.adc_on_adc.channel_2">
			 <option display="Unused" id="module.driver.adc_on_adc.scan_mask.channel_2.unused" value="(uint64_t)0"/>
			 <option display="Use in Normal/Group A" id="module.driver.adc_on_adc.channel_2.used" value="(uint64_t)ADC_MASK_CHANNEL_2"/>
			 <option display="Use in Group B" id="module.driver.adc_on_adc.channel_2.used_groupB" value="(uint64_t)ADC_MASK_CHANNEL_2 &lt;&lt; 32"/>
		</property>
		<property default="module.driver.adc_on_adc.scan_mask.channel_3.unused" display="    Channel 3" id="module.driver.adc_on_adc.channel_3">
			 <option display="Unused" id="module.driver.adc_on_adc.scan_mask.channel_3.unused" value="(uint64_t)0"/>
			 <option display="Use in Normal/Group A" id="module.driver.adc_on_adc.channel_3.used" value="(uint64_t)ADC_MASK_CHANNEL_3"/>
			 <option display="Use in Group B" id="module.driver.adc_on_adc.channel_3.used_groupB" value="(uint64_t)ADC_MASK_CHANNEL_3 &lt;&lt; 32"/>
		</property>
		<property default="module.driver.adc_on_adc.scan_mask.channel_4.unused" display="    Channel 4" id="module.driver.adc_on_adc.channel_4">
			 <option display="Unused" id="module.driver.adc_on_adc.scan_mask.channel_4.unused" value="(uint64_t)0"/>
			 <option display="Use in Normal/Group A" id="module.driver.adc_on_adc.channel_4.used" value="(uint64_t)ADC_MASK_CHANNEL_4"/>
			 <option display="Use in Group B" id="module.driver.adc_on_adc.channel_4.used_groupB" value="(uint64_t)ADC_MASK_CHANNEL_4 &lt;&lt; 32"/>
		</property>
		<property default="module.driver.adc_on_adc.scan_mask.channel_5.unused" display="    Channel 5" id="module.driver.adc_on_adc.channel_5">
			 <option display="Unused" id="module.driver.adc_on_adc.scan_mask.channel_5.unused" value="(uint64_t)0"/>
			 <option display="Use in Normal/Group A" id="module.driver.adc_on_adc.channel_5.used" value="(uint64_t)ADC_MASK_CHANNEL_5"/>
			 <option display="Use in Group B" id="module.driver.adc_on_adc.channel_5.used_groupB" value="(uint64_t)ADC_MASK_CHANNEL_5 &lt;&lt; 32"/>
		</property>
		<property default="module.driver.adc_on_adc.scan_mask.channel_16.unused" display="    Channel 16" id="module.driver.adc_on_adc.channel_16">
			 <option display="Unused" id="module.driver.adc_on_adc.scan_mask.channel_16.unused" value="(uint64_t)0"/>
			 <option display="Use in Normal/Group A" id="module.driver.adc_on_adc.channel_16.used" value="(uint64_t)ADC_MASK_CHANNEL_16"/>
			 <option display="Use in Group B" id="module.driver.adc_on_adc.channel_16.used_groupB" value="(uint64_t)ADC_MASK_CHANNEL_16 &lt;&lt; 32"/>
		</property>
		<property default="module.driver.adc_on_adc.scan_mask.channel_17.unused" display="    Channel 17" id="module.driver.adc_on_adc.channel_17">
			 <option display="Unused" id="module.driver.adc_on_adc.scan_mask.channel_17.unused" value="(uint64_t)0"/>
			 <option display="Use in Normal/Group A" id="module.driver.adc_on_adc.channel_17.used" value="(uint64_t)ADC_MASK_CHANNEL_17"/>
			 <option display="Use in Group B" id="module.driver.adc_on_adc.channel_17.used_groupB" value="(uint64_t)ADC_MASK_CHANNEL_17 &lt;&lt; 32"/>
		</property>
		<property default="module.driver.adc_on_adc.scan_mask.channel_18.unused" display="    Channel 18" id="module.driver.adc_on_adc.channel_18">
			 <option display="Unused" id="module.driver.adc_on_adc.scan_mask.channel_18.unused" value="(uint64_t)0"/>
			 <option display="Use in Normal/Group A" id="module.driver.adc_on_adc.channel_18.used" value="(uint64_t)ADC_MASK_CHANNEL_18"/>
			 <option display="Use in Group B" id="module.driver.adc_on_adc.channel_18.used_groupB" value="(uint64_t)ADC_MASK_CHANNEL_18 &lt;&lt; 32"/>
		</property>
		<property default="module.driver.adc_on_adc.scan_mask.channel_19.unused" display="    Channel 19" id="module.driver.adc_on_adc.channel_19">
			 <option display="Unused" id="module.driver.adc_on_adc.scan_mask.channel_19.unused" value="(uint64_t)0"/>
			 <option display="Use in Normal/Group A" id="module.driver.adc_on_adc.channel_19.used" value="(uint64_t)ADC_MASK_CHANNEL_19"/>
			 <option display="Use in Group B" id="module.driver.adc_on_adc.channel_19.used_groupB" value="(uint64_t)ADC_MASK_CHANNEL_19 &lt;&lt; 32"/>
		</property>
		<property default="module.driver.adc_on_adc.scan_mask.channel_20.unused" display="    Channel 20" id="module.driver.adc_on_adc.channel_20">
			 <option display="Unused" id="module.driver.adc_on_adc.scan_mask.channel_20.unused" value="(uint64_t)0"/>
			 <option display="Use in Normal/Group A" id="module.driver.adc_on_adc.channel_20.used" value="(uint64_t)ADC_MASK_CHANNEL_20"/>
			 <option display="Use in Group B" id="module.driver.adc_on_adc.channel_20.used_groupB" value="(uint64_t)ADC_MASK_CHANNEL_20 &lt;&lt; 32"/>
		</property>
		<property default="module.driver.adc_on_adc.scan_mask.channel_21.unused" display="    Channel 21 (Unit 0 Only)" id="module.driver.adc_on_adc.channel_21">
			 <option display="Unused" id="module.driver.adc_on_adc.scan_mask.channel_21.unused" value="(uint64_t)0"/>
			 <option display="Use in Normal/Group A" id="module.driver.adc_on_adc.channel_21.used" value="(uint64_t)ADC_MASK_CHANNEL_21"/>
			 <option display="Use in Group B" id="module.driver.adc_on_adc.channel_21.used_groupB" value="(uint64_t)ADC_MASK_CHANNEL_21 &lt;&lt; 32"/>
		</property>
		<property default="module.driver.adc_on_adc.scan_mask.channel_temperature.unused" display="    Temperature Sensor (Unit 1 Only)" id="module.driver.adc_on_adc.channel_temperature">
			 <option display="Unused" id="module.driver.adc_on_adc.scan_mask.temperature.unused" value="(uint64_t)0"/>
			 <option display="Use in Normal/Group A" id="module.driver.adc_on_adc.temperature.used" value="(uint64_t)ADC_MASK_TEMPERATURE"/>
			 <option display="Use in Group B" id="module.driver.adc_on_adc.temperature.used_groupB" value="(uint64_t)ADC_MASK_TEMPERATURE &lt;&lt; 32"/>
		</property>
		<property default="module.driver.adc_on_adc.scan_mask.channel_voltage.unused" display="    Voltage Sensor (Unit 1 Only)" id="module.driver.adc_on_adc.channel_voltage">
			 <option display="Unused" id="module.driver.adc_on_adc.scan_mask.voltage.unused" value="0"/>
			 <option display="Use in Normal/Group A" id="module.driver.adc_on_adc.voltage.used" value="(uint64_t)ADC_MASK_VOLT"/>
			 <option display="Use in Group B" id="module.driver.adc_on_adc.voltage.used_groupB" value="(uint64_t)ADC_MASK_VOLT &lt;&lt; 32"/>
		</property>
		<property default="module.driver.adc_on_adc.trigger.trigger_software" display="Normal/Group A Trigger" id="module.driver.adc_on_adc.trigger">
			<option display="None" id="module.driver.adc_on_adc.trigger.trigger_none" value="ADC_TRIGGER_NONE"/>
			<option display="Asynchronous External Trigger 0" id="module.driver.adc_on_adc.trigger.trigger_async_ext_trg0" value="ADC_TRIGGER_ASYNC_EXT_TRG0"/>
			<option display="ELC Event" id="module.driver.adc_on_adc.trigger.trigger_sync_elc" value="ADC_TRIGGER_SYNC_ELC"/>
			<option display="Software" id="module.driver.adc_on_adc.trigger.trigger_software" value="ADC_TRIGGER_SOFTWARE"/>
		</property>
		<property default="module.driver.adc_on_adc.trigger_group_b.trigger_sync_elc" display="Group B Trigger (Valid only in Group Scan Mode)" id="module.driver.adc_on_adc.trigger_group_b">
			<option display="ELC Event (The only valid trigger for either group in Group Scan Mode)" id="module.driver.adc_on_adc.trigger_group_b.trigger_sync_elc" value="ADC_TRIGGER_SYNC_ELC"/>
		</property>
		<property default="module.driver.adc_on_adc.priority_group_a.group_a_priority_off" display="Group Priority (Valid only in Group Scan Mode)" id="module.driver.adc_on_adc.priority_group_a">
			<option display="Group A cannot interrupt Group B" id="module.driver.adc_on_adc.priority_group_a.group_a_priority_off" value="ADC_GROUP_A_PRIORITY_OFF"/>
			<option display="Group A can interrupt Group B; Group B scan restarts at next trigger" id="module.driver.adc_on_adc.priority_group_a.group_a_group_b_wait_for_trigger" value="ADC_GROUP_A_GROUP_B_WAIT_FOR_TRIGGER"/>
			<option display="Group A can interrupt Group B; Group B scan restarts immediately" id="module.driver.adc_on_adc.priority_group_a.group_a_group_b_restart_scan" value="ADC_GROUP_A_GROUP_B_RESTART_SCAN"/>
			<option display="Group A can interrupt Group B; Group B scan restarts immediately and scans continuously" id="module.driver.adc_on_adc.priority_group_a.group_a_group_b_continuous_scan" value="ADC_GROUP_A_GROUP_B_CONTINUOUS_SCAN"/>
		</property>
		<property default="module.driver.adc_on_adc.add_average_count.add_off" display="Add/Average Count" id="module.driver.adc_on_adc.add_average_count">
			<option display="Disabled" id="module.driver.adc_on_adc.add_average_count.add_off" value="ADC_ADD_OFF"/>
			<option display="Add Two" id="module.driver.adc_on_adc.add_average_count.add_two" value="ADC_ADD_TWO"/>
			<option display="Add Three" id="module.driver.adc_on_adc.add_average_count.add_three" value="ADC_ADD_THREE"/>
			<option display="Add Four" id="module.driver.adc_on_adc.add_average_count.add_four" value="ADC_ADD_FOUR"/>
			<option display="Average Two" id="module.driver.adc_on_adc.add_average_count.add_average_two" value="ADC_ADD_AVERAGE_TWO"/>
			<option display="Average Four" id="module.driver.adc_on_adc.add_average_count.add_average_four" value="ADC_ADD_AVERAGE_FOUR"/>
		</property>
        <property default="module.driver.adc_on_adc.add_mask.default" display="Addition/Averaging Mask" id="module.driver.adc_on_adc.add_mask">
			<option display="Select channels to perform addition/averaging below" id="module.driver.adc_on_adc.add_mask.default" value="ADC_MASK_ADD_OFF"/>
        </property>
		<property default="module.driver.adc_on_adc.add_mask.channel_0.unused" display="    Channel 0" id="module.driver.adc_on_adc.add_mask.channel_0">
			 <option display="Disabled" id="module.driver.adc_on_adc.add_mask.channel_0.unused" value="0"/>
			 <option display="Enabled" id="module.driver.adc_on_adc.add_mask.channel_0.used" value="ADC_MASK_CHANNEL_0"/>
		</property>
		<property default="module.driver.adc_on_adc.add_mask.channel_1.unused" display="    Channel 1" id="module.driver.adc_on_adc.add_mask.channel_1">
			 <option display="Disabled" id="module.driver.adc_on_adc.add_mask.channel_1.unused" value="0"/>
			 <option display="Enabled" id="module.driver.adc_on_adc.add_mask.channel_1.used" value="ADC_MASK_CHANNEL_1"/>
		</property>
		<property default="module.driver.adc_on_adc.add_mask.channel_2.unused" display="    Channel 2" id="module.driver.adc_on_adc.add_mask.channel_2">
			 <option display="Disabled" id="module.driver.adc_on_adc.add_mask.channel_2.unused" value="0"/>
			 <option display="Enabled" id="module.driver.adc_on_adc.add_mask.channel_2.used" value="ADC_MASK_CHANNEL_2"/>
		</property>
		<property default="module.driver.adc_on_adc.add_mask.channel_3.unused" display="    Channel 3" id="module.driver.adc_on_adc.add_mask.channel_3">
			 <option display="Disabled" id="module.driver.adc_on_adc.add_mask.channel_3.unused" value="0"/>
			 <option display="Enabled" id="module.driver.adc_on_adc.add_mask.channel_3.used" value="ADC_MASK_CHANNEL_3"/>
		</property>
		<property default="module.driver.adc_on_adc.add_mask.channel_4.unused" display="    Channel 4" id="module.driver.adc_on_adc.add_mask.channel_4">
			 <option display="Disabled" id="module.driver.adc_on_adc.add_mask.channel_4.unused" value="0"/>
			 <option display="Enabled" id="module.driver.adc_on_adc.add_mask.channel_4.used" value="ADC_MASK_CHANNEL_4"/>
		</property>
		<property default="module.driver.adc_on_adc.add_mask.channel_5.unused" display="    Channel 5" id="module.driver.adc_on_adc.add_mask.channel_5">
			 <option display="Disabled" id="module.driver.adc_on_adc.add_mask.channel_5.unused" value="0"/>
			 <option display="Enabled" id="module.driver.adc_on_adc.add_mask.channel_5.used" value="ADC_MASK_CHANNEL_5"/>
		</property>
		<property default="module.driver.adc_on_adc.add_mask.channel_16.unused" display="    Channel 16" id="module.driver.adc_on_adc.add_mask.channel_16">
			 <option display="Disabled" id="module.driver.adc_on_adc.add_mask.channel_16.unused" value="0"/>
			 <option display="Enabled" id="module.driver.adc_on_adc.add_mask.channel_16.used" value="ADC_MASK_CHANNEL_16"/>
		</property>
		<property default="module.driver.adc_on_adc.add_mask.channel_17.unused" display="    Channel 17" id="module.driver.adc_on_adc.add_mask.channel_17">
			 <option display="Disabled" id="module.driver.adc_on_adc.add_mask.channel_17.unused" value="0"/>
			 <option display="Enabled" id="module.driver.adc_on_adc.add_mask.channel_17.used" value="ADC_MASK_CHANNEL_17"/>
		</property>
		<property default="module.driver.adc_on_adc.add_mask.channel_18.unused" display="    Channel 18" id="module.driver.adc_on_adc.add_mask.channel_18">
			 <option display="Disabled" id="module.driver.adc_on_adc.add_mask.channel_18.unused" value="0"/>
			 <option display="Enabled" id="module.driver.adc_on_adc.add_mask.channel_18.used" value="ADC_MASK_CHANNEL_18"/>
		</property>
		<property default="module.driver.adc_on_adc.add_mask.channel_19.unused" display="    Channel 19" id="module.driver.adc_on_adc.add_mask.channel_19">
			 <option display="Disabled" id="module.driver.adc_on_adc.add_mask.channel_19.unused" value="0"/>
			 <option display="Enabled" id="module.driver.adc_on_adc.add_mask.channel_19.used" value="ADC_MASK_CHANNEL_19"/>
		</property>
		<property default="module.driver.adc_on_adc.add_mask.channel_20.unused" display="    Channel 20" id="module.driver.adc_on_adc.add_mask.channel_20">
			 <option display="Disabled" id="module.driver.adc_on_adc.add_mask.channel_20.unused" value="0"/>
			 <option display="Enabled" id="module.driver.adc_on_adc.add_mask.channel_20.used" value="ADC_MASK_CHANNEL_20"/>
		</property>
		<property default="module.driver.adc_on_adc.add_mask.channel_21.unused" display="    Channel 21" id="module.driver.adc_on_adc.add_mask.channel_21">
			 <option display="Disabled" id="module.driver.adc_on_adc.add_mask.channel_21.unused" value="0"/>
			 <option display="Enabled" id="module.driver.adc_on_adc.add_mask.channel_21.used" value="ADC_MASK_CHANNEL_21"/>
		</property>
		<property default="module.driver.adc_on_adc.add_mask.channel_temperature.unused" display="    Temperature Sensor" id="module.driver.adc_on_adc.add_mask.channel_temperature">
			 <option display="Disabled" id="module.driver.adc_on_adc.add_mask.channel_temperature.unused" value="0"/>
			 <option display="Enabled" id="module.driver.adc_on_adc.add_mask.channel_temperature.used" value="ADC_MASK_TEMPERATURE"/>
		</property>
		<property default="module.driver.adc_on_adc.add_mask.channel_voltage.unused" display="    Voltage Sensor" id="module.driver.adc_on_adc.add_mask.channel_voltage">
			 <option display="Disabled" id="module.driver.adc_on_adc.add_mask.channel_voltage.unused" value="0"/>
			 <option display="Enabled" id="module.driver.adc_on_adc.add_mask.channel_voltage.used" value="ADC_MASK_VOLT"/>
		</property>
		<property default="module.driver.adc_on_adc.sample_hold_mask.default" display="Sample and Hold Mask" id="module.driver.adc_on_adc.sample_hold_mask">
			<option display="Select channels for which individual sample and hold circuit is to be enabled" id="module.driver.adc_on_adc.sample_hold_mask.default" value="ADC_MASK_SAMPLE_HOLD_OFF"/>
        </property>
		<property default="module.driver.adc_on_adc.sample_hold_mask.channel_0.unused" display="    Channel 0" id="module.driver.adc_on_adc.sample_hold_mask.channel_0">
			 <option display="Disabled" id="module.driver.adc_on_adc.sample_hold_mask.channel_0.unused" value="0"/>
			 <option display="Enabled" id="module.driver.adc_on_adc.sample_hold_mask.channel_0.used" value="ADC_MASK_CHANNEL_0"/>
		</property>
		<property default="module.driver.adc_on_adc.sample_hold_mask.channel_1.unused" display="    Channel 1" id="module.driver.adc_on_adc.sample_hold_mask.channel_1">
			 <option display="Disabled" id="module.driver.adc_on_adc.sample_hold_mask.channel_1.unused" value="0"/>
			 <option display="Enabled" id="module.driver.adc_on_adc.sample_hold_mask.channel_1.used" value="ADC_MASK_CHANNEL_1"/>
		</property>
		<property default="module.driver.adc_on_adc.sample_hold_mask.channel_2.unused" display="    Channel 2" id="module.driver.adc_on_adc.sample_hold_mask.channel_2">
			 <option display="Disabled" id="module.driver.adc_on_adc.sample_hold_mask.channel_2.unused" value="0"/>
			 <option display="Enabled" id="module.driver.adc_on_adc.sample_hold_mask.channel_2.used" value="ADC_MASK_CHANNEL_2"/>
		</property>
		<property default="24" display="Sample Hold States (Applies only to the 3 channels selected above)" id="module.driver.adc_on_adc.sample_hold_states">
			<constraint display="Value must be a non-negative integer">testInteger("${module.driver.adc_on_adc.sample_hold_states}")  &amp;&amp; ("${module.driver.adc_on_adc.sample_hold_states}" &gt;= 0)</constraint>
           </property>
        <property default="NULL" display="Callback" id="module.driver.adc_on_adc.p_callback">
			<constraint display="Name must be a valid C symbol">testSymbol("${module.driver.adc_on_adc.p_callback}")</constraint>
        </property>
        <header>
            /** ADC on ADC Instance. */
            extern const adc_instance_t ${module.driver.adc_on_adc.name};
#ifdef ${module.driver.adc_on_adc.p_callback}
#define ADC_CALLBACK_USED_${module.driver.adc_on_adc.name} (0)
#else
#define ADC_CALLBACK_USED_${module.driver.adc_on_adc.name} (1)
#endif
#if ADC_CALLBACK_USED_${module.driver.adc_on_adc.name}
void ${module.driver.adc_on_adc.p_callback}(adc_callback_args_t * p_args);
#endif
        </header>
		<includes>
#include &quot;r_adc.h&quot;
#include &quot;r_adc_api.h&quot;</includes>
		<declarations>
#if ADC_CALLBACK_USED_${module.driver.adc_on_adc.name}
#if defined(__ICCARM__)
#define ${module.driver.adc_on_adc.p_callback}_WEAK_ATTRIBUTE
#pragma weak ${module.driver.adc_on_adc.p_callback}                            = ${module.driver.adc_on_adc.p_callback}_internal
#elif defined(__GNUC__)
#define ${module.driver.adc_on_adc.p_callback}_WEAK_ATTRIBUTE       __attribute__ ((weak, alias("${module.driver.adc_on_adc.p_callback}_internal")))
#endif
void ${module.driver.adc_on_adc.p_callback}(adc_callback_args_t * p_args) ${module.driver.adc_on_adc.p_callback}_WEAK_ATTRIBUTE;
#endif
adc_ctrl_t ${module.driver.adc_on_adc.name}_ctrl;
const adc_cfg_t ${module.driver.adc_on_adc.name}_cfg =
{
    .unit                = ${module.driver.adc_on_adc.unit},
    .mode                = ${module.driver.adc_on_adc.mode},
    .resolution          = ${module.driver.adc_on_adc.resolution},
    .alignment           = ${module.driver.adc_on_adc.alignment},
    .add_average_count   = ${module.driver.adc_on_adc.add_average_count},
    .clearing            = ${module.driver.adc_on_adc.clearing},
    .trigger             = ${module.driver.adc_on_adc.trigger},
    .trigger_group_b     = ${module.driver.adc_on_adc.trigger_group_b},
    .p_callback          = ${module.driver.adc_on_adc.p_callback},
    .p_context           = &amp;${module.driver.adc_on_adc.name},
};
const adc_channel_cfg_t ${module.driver.adc_on_adc.name}_channel_cfg =
{
    .scan_mask           = (uint32_t)((${module.driver.adc_on_adc.channel_0}) | (${module.driver.adc_on_adc.channel_1}) | (${module.driver.adc_on_adc.channel_2}) | (${module.driver.adc_on_adc.channel_3}) | (${module.driver.adc_on_adc.channel_4}) | (${module.driver.adc_on_adc.channel_5}) | (${module.driver.adc_on_adc.channel_16}) | (${module.driver.adc_on_adc.channel_17}) | (${module.driver.adc_on_adc.channel_18}) | (${module.driver.adc_on_adc.channel_19}) | (${module.driver.adc_on_adc.channel_20}) | (${module.driver.adc_on_adc.channel_21}) | (${module.driver.adc_on_adc.channel_temperature}) | (${module.driver.adc_on_adc.channel_voltage})),
	/** Group B channel mask is right shifted by 32 at the end to form the proper mask */
	.scan_mask_group_b   = (uint32_t)(((${module.driver.adc_on_adc.channel_0}) | (${module.driver.adc_on_adc.channel_1}) | (${module.driver.adc_on_adc.channel_2}) | (${module.driver.adc_on_adc.channel_3}) | (${module.driver.adc_on_adc.channel_4}) | (${module.driver.adc_on_adc.channel_5}) | (${module.driver.adc_on_adc.channel_16}) | (${module.driver.adc_on_adc.channel_17}) | (${module.driver.adc_on_adc.channel_18}) | (${module.driver.adc_on_adc.channel_19}) | (${module.driver.adc_on_adc.channel_20}) | (${module.driver.adc_on_adc.channel_21}) | (${module.driver.adc_on_adc.channel_temperature}) | (${module.driver.adc_on_adc.channel_voltage})) >> 32),
	.priority_group_a    = ${module.driver.adc_on_adc.priority_group_a},
	.add_mask            = (uint32_t)((${module.driver.adc_on_adc.add_mask.channel_0}) | (${module.driver.adc_on_adc.add_mask.channel_1}) | (${module.driver.adc_on_adc.add_mask.channel_2}) | (${module.driver.adc_on_adc.add_mask.channel_3}) | (${module.driver.adc_on_adc.add_mask.channel_4}) | (${module.driver.adc_on_adc.add_mask.channel_5}) | (${module.driver.adc_on_adc.add_mask.channel_16}) | (${module.driver.adc_on_adc.add_mask.channel_17}) | (${module.driver.adc_on_adc.add_mask.channel_18}) | (${module.driver.adc_on_adc.add_mask.channel_19}) | (${module.driver.adc_on_adc.add_mask.channel_20}) | (${module.driver.adc_on_adc.add_mask.channel_21}) | (${module.driver.adc_on_adc.add_mask.channel_temperature}) | (${module.driver.adc_on_adc.add_mask.channel_voltage})),
	.sample_hold_mask    = (uint32_t)((${module.driver.adc_on_adc.sample_hold_mask.channel_0}) | (${module.driver.adc_on_adc.sample_hold_mask.channel_1}) | (${module.driver.adc_on_adc.sample_hold_mask.channel_2})),
	.sample_hold_states  = ${module.driver.adc_on_adc.sample_hold_states},
};
/* Instance structure to use this module. */
const adc_instance_t ${module.driver.adc_on_adc.name} = 
{
	.p_ctrl 	   = &amp;${module.driver.adc_on_adc.name}_ctrl,
	.p_cfg  	   = &amp;${module.driver.adc_on_adc.name}_cfg,
	.p_channel_cfg = &amp;${module.driver.adc_on_adc.name}_channel_cfg,
	.p_api  	   = &amp;g_adc_on_adc
};
#if ADC_CALLBACK_USED_${module.driver.adc_on_adc.name}
/*******************************************************************************************************************//**
 * @brief      This is a weak example callback function.  It should be overridden by defining a user callback function 
 *             with the prototype below.
 *               - void ${module.driver.adc_on_adc.p_callback}_internal(adc_callback_args_t * p_args)
 *
 * @param[in]  p_args  Callback arguments used to identify what caused the callback.
 **********************************************************************************************************************/
void ${module.driver.adc_on_adc.p_callback}_internal(adc_callback_args_t * p_args)
{
	/** Do nothing. */
}
#endif
</declarations>
	</module>
</synergyModuleDescription>
