<?xml version="1.0" ?>
<synergyModuleDescription>
	<config id="config.driver.crc" path="driver/r_crc_cfg.h" version="0">
		<content/>
	</config>
	<module config="config.driver.crc" display="CRC Driver on CRC" id="module.driver.crc_on_crc" version="1">
		<property default="0" display="Snoop Channel" id="module.driver.crc_on_crc.snoop_channel"/>
		<property default="module.driver.crc_on_crc.snoop_direction.snoop_transmit" display="Snoop Direction" id="module.driver.crc_on_crc.snoop_direction">
			<option display="Receive" id="module.driver.crc_on_crc.snoop_direction.snoop_receive" value="CRC_SNOOP_DIRECTION_RECEIVE"/>
			<option display="Transmit" id="module.driver.crc_on_crc.snoop_direction.snoop_transmit" value="CRC_SNOOP_DIRECTION_TRANSMIT"/>
		</property>
		<property default="module.driver.crc_on_crc.crc_polynomial.gps_crc_32c" display="CRC Polynomial" id="module.driver.crc_on_crc.crc_polynomial">
			<option display="CRC-8" id="module.driver.crc_on_crc.crc_polynomial.gps_crc_8" value="CRC_POLYNOMIAL_CRC_8"/>
			<option display="CRC-16" id="module.driver.crc_on_crc.crc_polynomial.gps_crc_16" value="CRC_POLYNOMIAL_CRC_16"/>
			<option display="CRC-CCITT" id="module.driver.crc_on_crc.crc_polynomial.gps_crc_ccitt" value="CRC_POLYNOMIAL_CRC_CCITT"/>
			<option display="CRC-32" id="module.driver.crc_on_crc.crc_polynomial.gps_crc_32" value="CRC_POLYNOMIAL_CRC_32"/>
			<option display="CRC-32C" id="module.driver.crc_on_crc.crc_polynomial.gps_crc_32c" value="CRC_POLYNOMIAL_CRC_32C"/>
		</property>
		<property default="module.driver.crc_on_crc.crc_bit_order.lms_msb" display="Bit Order" id="module.driver.crc_on_crc.crc_bit_order">
			<option display="LSB" id="module.driver.crc_on_crc.crc_bit_order.lms_lsb" value="CRC_BIT_ORDER_LMS_LSB"/>
			<option display="MSB" id="module.driver.crc_on_crc.crc_bit_order.lms_msb" value="CRC_BIT_ORDER_LMS_MSB"/>
		</property>
		<includes>#include &quot;r_crc.h&quot;
#include &quot;r_crc_api.h&quot;</includes>
		<declarations>const crc_snoop_cfg_t g_crc_snoop_cfg_crc =
{
    .snoop_channel       = ${module.driver.crc_on_crc.snoop_channel},
    .snoop_direction     = ${module.driver.crc_on_crc.snoop_direction},
};
const crc_cfg_t g_crc_cfg_crc =
{
    .crc_polynomial      = ${module.driver.crc_on_crc.crc_polynomial},
    .crc_bit_order       = ${module.driver.crc_on_crc.crc_bit_order},
};
</declarations>
	</module>
</synergyModuleDescription>
