<?xml version="1.0" encoding="UTF-8" standalone="no"?>
<synergyConfiguration>
  <generalSettings>
    <option key="#Board#" value="board.s7g2_user"/>
    <option key="CPU" value="S7G2"/>
    <option key="#TargetName#" value="R7FS7G27H2A01CBD"/>
    <option key="#RTOS#" value="Express Logic ThreadX"/>
    <option key="#pinconfiguration#" value="R7FS7G27H2A01CFC.pincfg"/>
    <option key="#SSPVersion#" value="0.91.01"/>
  </generalSettings>
  <synergyBspConfiguration>
    <config id="config.board.s7g2_user">
      <property id="config.board.user.package" value="config.board.user.package.bd"/>
      <property id="config.board.user.memory" value="config.board.user.memory.h"/>
      <property id="config.board.user.core" value="config.board.user.group.g"/>
      <property id="config.board.user.series" value="config.board.user.series.7"/>
      <property id="config.board.user.main" value="0x1000"/>
      <property id="config.board.user.process" value="0"/>
      <property id="config.board.user.heap" value="0x400"/>
      <property id="config.board.user.ofs0" value="0xFFFFFFFF"/>
      <property id="config.board.user.ofs1" value="0xFFFFFFFF"/>
      <property id="config.board.user.mpu_pc0_enable" value="config.board.user.mpu_pc0_enable.disabled"/>
      <property id="config.board.user.mpu_pc0_start" value="0xFFFFFFFF"/>
      <property id="config.board.user.mpu_pc0_end" value="0xFFFFFFFF"/>
      <property id="config.board.user.mpu_pc1_enable" value="config.board.user.mpu_pc1_enable.disabled"/>
      <property id="config.board.user.mpu_pc1_start" value="0xFFFFFFFF"/>
      <property id="config.board.user.mpu_pc1_end" value="0xFFFFFFFF"/>
      <property id="config.board.user.mpu_reg0_enable" value="config.board.user.mpu_reg0_enable.disabled"/>
      <property id="config.board.user.mpu_reg0_start" value="0xFFFFFFFF"/>
      <property id="config.board.user.mpu_reg0_end" value="0xFFFFFFFF"/>
      <property id="config.board.user.mpu_reg1_enable" value="config.board.user.mpu_reg1_enable.disabled"/>
      <property id="config.board.user.mpu_reg1_start" value="0xFFFFFFFF"/>
      <property id="config.board.user.mpu_reg1_end" value="0xFFFFFFFF"/>
      <property id="config.board.user.mpu_reg2_enable" value="config.board.user.mpu_reg2_enable.disabled"/>
      <property id="config.board.user.mpu_reg2_start" value="0xFFFFFFFF"/>
      <property id="config.board.user.mpu_reg2_end" value="0xFFFFFFFF"/>
      <property id="config.board.user.mpu_reg3_enable" value="config.board.user.mpu_reg3_enable.disabled"/>
      <property id="config.board.user.mpu_reg3_start" value="0xFFFFFFFF"/>
      <property id="config.board.user.mpu_reg3_end" value="0xFFFFFFFF"/>
      <property id="config.board.user.id1" value="0xFFFFFFFF"/>
      <property id="config.board.user.id2" value="0xFFFFFFFF"/>
      <property id="config.board.user.id3" value="0xFFFFFFFF"/>
      <property id="config.board.user.id4" value="0xFFFFFFFF"/>
      <property id="config.board.common.vcc" value="3300"/>
      <property id="config.board.common.checking" value="config.board.common.checking.enabled"/>
      <property id="config.board.common.rtos" value="config.board.common.rtos.none"/>
      <property id="config.board.common.assert" value="config.board.common.assert.none"/>
      <property id="config.board.common.error_log" value="config.board.common.error_log.none"/>
    </config>
  </synergyBspConfiguration>
  <synergyClockConfiguration>
    <node id="board.clock.xtal.freq" mul="24000000" option="_edit"/>
    <node id="board.clock.pll.source" option="board.clock.pll.source.xtal"/>
    <node id="board.clock.hoco.freq" option="board.clock.hoco.freq.16m"/>
    <node id="board.clock.loco.freq" option="board.clock.loco.freq.32768"/>
    <node id="board.clock.moco.freq" option="board.clock.moco.freq.8m"/>
    <node id="board.clock.subclk.freq" option="board.clock.subclk.freq.32768"/>
    <node id="board.clock.pll.div" option="board.clock.pll.div.2"/>
    <node id="board.clock.pll.mul" option="board.clock.pll.mul.120"/>
    <node id="board.clock.pll.display" option="board.clock.pll.display.value"/>
    <node id="board.clock.clock.source" option="board.clock.clock.source.pll"/>
    <node id="board.clock.iclk.div" option="board.clock.iclk.div.1"/>
    <node id="board.clock.iclk.display" option="board.clock.iclk.display.value"/>
    <node id="board.clock.pclka.div" option="board.clock.pclka.div.2"/>
    <node id="board.clock.pclka.display" option="board.clock.pclka.display.value"/>
    <node id="board.clock.pclkb.div" option="board.clock.pclkb.div.4"/>
    <node id="board.clock.pclkb.display" option="board.clock.pclkb.display.value"/>
    <node id="board.clock.pclkc.div" option="board.clock.pclkc.div.4"/>
    <node id="board.clock.pclkc.display" option="board.clock.pclkc.display.value"/>
    <node id="board.clock.pclkd.div" option="board.clock.pclkd.div.2"/>
    <node id="board.clock.pclkd.display" option="board.clock.pclkd.display.value"/>
    <node id="board.clock.sdclkout.div" option="board.clock.sdclkout.div.1"/>
    <node id="board.clock.sdclkout.display" option="board.clock.sdclkout.display.value"/>
    <node id="board.clock.bclk.div" option="board.clock.bclk.div.2"/>
    <node id="board.clock.bclk.display" option="board.clock.bclk.display.value"/>
    <node id="board.clock.bclkout.div" option="board.clock.bclkout.div.2"/>
    <node id="board.clock.bclkout.display" option="board.clock.bclkout.display.value"/>
    <node id="board.clock.uclk.div" option="board.clock.uclk.div.3"/>
    <node id="board.clock.uclk.display" option="board.clock.uclk.display.value"/>
    <node id="board.clock.fclk.div" option="board.clock.fclk.div.4"/>
    <node id="board.clock.fclk.display" option="board.clock.fclk.display.value"/>
  </synergyClockConfiguration>
  <synergyComponentSelection>
    <component apiversion="" class="HAL Drivers" condition="" group="all" subgroup="r_cgc" variant="" vendor="Renesas" version="0.91.00">
      <description>Clock Generation Circuit: Provides=[CGC]</description>
      <originalPack>Renesas.Synergy.0.91.00.pack</originalPack>
    </component>
    <component apiversion="" class="HAL Drivers" condition="" group="all" subgroup="r_elc" variant="" vendor="Renesas" version="0.91.00">
      <description>Event Link Controller: Provides=[ELC]</description>
      <originalPack>Renesas.Synergy.0.91.00.pack</originalPack>
    </component>
    <component apiversion="" class="HAL Drivers" condition="" group="all" subgroup="r_ioport" variant="" vendor="Renesas" version="0.91.00">
      <description>I/O Port: Provides=[IO Port]</description>
      <originalPack>Renesas.Synergy.0.91.00.pack</originalPack>
    </component>
    <component apiversion="" class="HAL Drivers" condition="" group="all" subgroup="r_byteq" variant="" vendor="Renesas" version="0.91.00">
      <description>Byte Queue: Provides=[ByteQ]</description>
      <originalPack>Renesas.Synergy.0.91.00.pack</originalPack>
    </component>
    <component apiversion="" class="HAL Drivers" condition="" group="all" subgroup="r_icu" variant="" vendor="Renesas" version="0.91.00">
      <description>External IRQ: Provides=[External IRQ]</description>
      <originalPack>Renesas.Synergy.0.91.00.pack</originalPack>
    </component>
    <component apiversion="" class="HAL Drivers" condition="" group="all" subgroup="r_sci_common" variant="" vendor="Renesas" version="0.91.00">
      <description>SCI Common: Provides=[SCI]</description>
      <originalPack>Renesas.Synergy.0.91.00.pack</originalPack>
    </component>
    <component apiversion="" class="HAL Drivers" condition="" group="all" subgroup="r_sci_uart" variant="" vendor="Renesas" version="0.91.00">
      <description>SCI UART: Provides=[UART] , Requires=[SCI Common ,ByteQ]</description>
      <originalPack>Renesas.Synergy.0.91.00.pack</originalPack>
    </component>
    <component apiversion="" class="BSP" condition="" group="BSP" subgroup="s7g2_user" variant="" vendor="Renesas" version="0.91.01">
      <description>Board Support Package for S7G2_USER</description>
      <originalPack>Renesas.Synergy.0.91.01.pack</originalPack>
    </component>
    <component apiversion="" class="HAL Drivers" condition="" group="all" subgroup="r_agt" variant="" vendor="Renesas" version="0.91.01">
      <description>Asynchronous General Purpose Timer: Provides=[TIMER]</description>
      <originalPack>Renesas.Synergy.0.91.01.pack</originalPack>
    </component>
    <component apiversion="" class="HAL Drivers" condition="" group="all" subgroup="r_sci_spi" variant="" vendor="Renesas" version="0.91.00">
      <description>SCI SPI: Provides=[SPI] , Requires=[SCI Common]</description>
      <originalPack>Renesas.Synergy.0.91.00.pack</originalPack>
    </component>
  </synergyComponentSelection>
  <synergyIcuConfiguration>
    <node id="board.icu.port.port0.port0.irq" option="board.icu.common.irq.disabled"/>
    <node id="board.icu.port.port1.port1.irq" option="board.icu.common.irq.disabled"/>
    <node id="board.icu.port.port2.port2.irq" option="board.icu.common.irq.disabled"/>
    <node id="board.icu.port.port3.port3.irq" option="board.icu.common.irq.disabled"/>
    <node id="board.icu.port.port4.port4.irq" option="board.icu.common.irq.priority7"/>
    <node id="board.icu.port.port5.port5.irq" option="board.icu.common.irq.disabled"/>
    <node id="board.icu.port.port6.port6.irq" option="board.icu.common.irq.priority7"/>
    <node id="board.icu.port.port7.port7.irq" option="board.icu.common.irq.disabled"/>
    <node id="board.icu.port.port8.port8.irq" option="board.icu.common.irq.disabled"/>
    <node id="board.icu.port.port9.port9.irq" option="board.icu.common.irq.disabled"/>
    <node id="board.icu.port.port10.port10.irq" option="board.icu.common.irq.disabled"/>
    <node id="board.icu.port.port11.port11.irq" option="board.icu.common.irq.disabled"/>
    <node id="board.icu.port.port12.port12.irq" option="board.icu.common.irq.disabled"/>
    <node id="board.icu.port.port13.port13.irq" option="board.icu.common.irq.disabled"/>
    <node id="board.icu.port.port14.port14.irq" option="board.icu.common.irq.disabled"/>
    <node id="board.icu.port.port15.port15.irq" option="board.icu.common.irq.disabled"/>
    <node id="board.icu.dmac.dmac0.dmac0.dmac" option="board.icu.common.irq.disabled"/>
    <node id="board.icu.dmac.dmac1.dmac1.dmac" option="board.icu.common.irq.disabled"/>
    <node id="board.icu.dmac.dmac2.dmac2.dmac" option="board.icu.common.irq.disabled"/>
    <node id="board.icu.dmac.dmac3.dmac3.dmac" option="board.icu.common.irq.disabled"/>
    <node id="board.icu.dmac.dmac4.dmac4.dmac" option="board.icu.common.irq.disabled"/>
    <node id="board.icu.dmac.dmac5.dmac5.dmac" option="board.icu.common.irq.disabled"/>
    <node id="board.icu.dmac.dmac6.dmac6.dmac" option="board.icu.common.irq.disabled"/>
    <node id="board.icu.dmac.dmac7.dmac7.dmac" option="board.icu.common.irq.disabled"/>
    <node id="board.icu.dtc.transfer" option="board.icu.common.irq.disabled"/>
    <node id="board.icu.dtc.complete" option="board.icu.common.irq.disabled"/>
    <node id="board.icu.dtc.dtc_end" option="board.icu.common.irq.disabled"/>
    <node id="board.icu.exdmac.exdmac0.exdmac0.exdmac" option="board.icu.common.irq.disabled"/>
    <node id="board.icu.exdmac.exdmac1.exdmac1.exdmac" option="board.icu.common.irq.disabled"/>
    <node id="board.icu.icu.canceling_snooze_mode" option="board.icu.common.irq.disabled"/>
    <node id="board.icu.fcu.fiferr" option="board.icu.common.irq.disabled"/>
    <node id="board.icu.fcu.frdyi" option="board.icu.common.irq.disabled"/>
    <node id="board.icu.fcu.eccerr" option="board.icu.common.irq.disabled"/>
    <node id="board.icu.lvd.lvd1.lvd1.lvd1" option="board.icu.common.irq.disabled"/>
    <node id="board.icu.lvd.lvd2.lvd2.lvd2" option="board.icu.common.irq.disabled"/>
    <node id="board.icu.vbatt.vbat" option="board.icu.common.irq.disabled"/>
    <node id="board.icu.mosc.osc_stop" option="board.icu.common.irq.disabled"/>
    <node id="board.icu.cpusys.snooze_mode_entry_flag" option="board.icu.common.irq.disabled"/>
    <node id="board.icu.agt.agt0.agt0.agti" option="board.icu.common.irq.priority10"/>
    <node id="board.icu.agt.agt0.agt0.agtcmai" option="board.icu.common.irq.disabled"/>
    <node id="board.icu.agt.agt0.agt0.agtcmbi" option="board.icu.common.irq.disabled"/>
    <node id="board.icu.agt.agt1.agt1.agti" option="board.icu.common.irq.disabled"/>
    <node id="board.icu.agt.agt1.agt1.agtcmai" option="board.icu.common.irq.disabled"/>
    <node id="board.icu.agt.agt1.agt1.agtcmbi" option="board.icu.common.irq.disabled"/>
    <node id="board.icu.iwdt.nmiundf_n" option="board.icu.common.irq.disabled"/>
    <node id="board.icu.cwdt.nmiundf_n" option="board.icu.common.irq.disabled"/>
    <node id="board.icu.rtc.alm" option="board.icu.common.irq.disabled"/>
    <node id="board.icu.rtc.prd" option="board.icu.common.irq.disabled"/>
    <node id="board.icu.rtc.cup" option="board.icu.common.irq.disabled"/>
    <node id="board.icu.s12ad.s12ad0.s12ad0.adi" option="board.icu.common.irq.disabled"/>
    <node id="board.icu.s12ad.s12ad0.s12ad0.gbadi" option="board.icu.common.irq.disabled"/>
    <node id="board.icu.s12ad.s12ad0.s12ad0.cmpai" option="board.icu.common.irq.disabled"/>
    <node id="board.icu.s12ad.s12ad0.s12ad0.cmpbi" option="board.icu.common.irq.disabled"/>
    <node id="board.icu.s12ad.s12ad0.s12ad0.compare_match" option="board.icu.common.irq.disabled"/>
    <node id="board.icu.s12ad.s12ad0.s12ad0.compare_mismatch" option="board.icu.common.irq.disabled"/>
    <node id="board.icu.s12ad.s12ad1.s12ad1.adi" option="board.icu.common.irq.disabled"/>
    <node id="board.icu.s12ad.s12ad1.s12ad1.gbadi" option="board.icu.common.irq.disabled"/>
    <node id="board.icu.s12ad.s12ad1.s12ad1.cmpai" option="board.icu.common.irq.disabled"/>
    <node id="board.icu.s12ad.s12ad1.s12ad1.cmpbi" option="board.icu.common.irq.disabled"/>
    <node id="board.icu.s12ad.s12ad1.s12ad1.compare_match" option="board.icu.common.irq.disabled"/>
    <node id="board.icu.s12ad.s12ad1.s12ad1.compare_mismatch" option="board.icu.common.irq.disabled"/>
    <node id="board.icu.comp.oc0_comp_irq" option="board.icu.common.irq.disabled"/>
    <node id="board.icu.comp.rd1_comp_irq" option="board.icu.common.irq.disabled"/>
    <node id="board.icu.comp.rd2_comp_irq" option="board.icu.common.irq.disabled"/>
    <node id="board.icu.comp.rd3_comp_irq" option="board.icu.common.irq.disabled"/>
    <node id="board.icu.comp.rd4_comp_irq" option="board.icu.common.irq.disabled"/>
    <node id="board.icu.comp.rd5_comp_irq" option="board.icu.common.irq.disabled"/>
    <node id="board.icu.comp.lp_comp_c0irq" option="board.icu.common.irq.disabled"/>
    <node id="board.icu.comp.lp_comp_c1irq" option="board.icu.common.irq.disabled"/>
    <node id="board.icu.usbfs.d0fifo" option="board.icu.common.irq.disabled"/>
    <node id="board.icu.usbfs.d1fifo" option="board.icu.common.irq.disabled"/>
    <node id="board.icu.usbfs.usbi" option="board.icu.common.irq.disabled"/>
    <node id="board.icu.usbfs.usbr" option="board.icu.common.irq.disabled"/>
    <node id="board.icu.riic.riic0.riic0.rxi" option="board.icu.common.irq.disabled"/>
    <node id="board.icu.riic.riic0.riic0.txi" option="board.icu.common.irq.disabled"/>
    <node id="board.icu.riic.riic0.riic0.tei" option="board.icu.common.irq.disabled"/>
    <node id="board.icu.riic.riic0.riic0.eei" option="board.icu.common.irq.disabled"/>
    <node id="board.icu.riic.riic0.riic0.wui" option="board.icu.common.irq.disabled"/>
    <node id="board.icu.riic.riic1.riic1.rxi" option="board.icu.common.irq.disabled"/>
    <node id="board.icu.riic.riic1.riic1.txi" option="board.icu.common.irq.disabled"/>
    <node id="board.icu.riic.riic1.riic1.tei" option="board.icu.common.irq.disabled"/>
    <node id="board.icu.riic.riic1.riic1.eei" option="board.icu.common.irq.disabled"/>
    <node id="board.icu.riic.riic2.riic2.rxi" option="board.icu.common.irq.disabled"/>
    <node id="board.icu.riic.riic2.riic2.txi" option="board.icu.common.irq.disabled"/>
    <node id="board.icu.riic.riic2.riic2.tei" option="board.icu.common.irq.disabled"/>
    <node id="board.icu.riic.riic2.riic2.eei" option="board.icu.common.irq.disabled"/>
    <node id="board.icu.ssi.ssi0.ssi0.ssitxi" option="board.icu.common.irq.disabled"/>
    <node id="board.icu.ssi.ssi0.ssi0.ssirxi" option="board.icu.common.irq.disabled"/>
    <node id="board.icu.ssi.ssi0.ssi0.ssirt" option="board.icu.common.irq.disabled"/>
    <node id="board.icu.ssi.ssi0.ssi0.ssif" option="board.icu.common.irq.disabled"/>
    <node id="board.icu.ssi.ssi1.ssi1.ssitxi" option="board.icu.common.irq.disabled"/>
    <node id="board.icu.ssi.ssi1.ssi1.ssirxi" option="board.icu.common.irq.disabled"/>
    <node id="board.icu.ssi.ssi1.ssi1.ssirt" option="board.icu.common.irq.disabled"/>
    <node id="board.icu.ssi.ssi1.ssi1.ssif" option="board.icu.common.irq.disabled"/>
    <node id="board.icu.src.idei" option="board.icu.common.irq.disabled"/>
    <node id="board.icu.src.odfi" option="board.icu.common.irq.disabled"/>
    <node id="board.icu.src.ovf" option="board.icu.common.irq.disabled"/>
    <node id="board.icu.src.udf" option="board.icu.common.irq.disabled"/>
    <node id="board.icu.src.cef" option="board.icu.common.irq.disabled"/>
    <node id="board.icu.pdc.pcdfi" option="board.icu.common.irq.disabled"/>
    <node id="board.icu.pdc.pcfei" option="board.icu.common.irq.disabled"/>
    <node id="board.icu.pdc.pceri" option="board.icu.common.irq.disabled"/>
    <node id="board.icu.ctsu.ctsuwr" option="board.icu.common.irq.disabled"/>
    <node id="board.icu.ctsu.ctsurd" option="board.icu.common.irq.disabled"/>
    <node id="board.icu.ctsu.ctsufn" option="board.icu.common.irq.disabled"/>
    <node id="board.icu.key.intkr" option="board.icu.common.irq.disabled"/>
    <node id="board.icu.doc.dopcf" option="board.icu.common.irq.disabled"/>
    <node id="board.icu.cac.ferrf" option="board.icu.common.irq.disabled"/>
    <node id="board.icu.cac.mendf" option="board.icu.common.irq.disabled"/>
    <node id="board.icu.cac.ovff" option="board.icu.common.irq.disabled"/>
    <node id="board.icu.rcan.rcan20.rcan20.ers" option="board.icu.common.irq.disabled"/>
    <node id="board.icu.rcan.rcan20.rcan20.rxf" option="board.icu.common.irq.disabled"/>
    <node id="board.icu.rcan.rcan20.rcan20.txf" option="board.icu.common.irq.disabled"/>
    <node id="board.icu.rcan.rcan20.rcan20.rxm" option="board.icu.common.irq.disabled"/>
    <node id="board.icu.rcan.rcan20.rcan20.txm" option="board.icu.common.irq.disabled"/>
    <node id="board.icu.rcan.rcan21.rcan21.ers" option="board.icu.common.irq.disabled"/>
    <node id="board.icu.rcan.rcan21.rcan21.rxf" option="board.icu.common.irq.disabled"/>
    <node id="board.icu.rcan.rcan21.rcan21.txf" option="board.icu.common.irq.disabled"/>
    <node id="board.icu.rcan.rcan21.rcan21.rxm" option="board.icu.common.irq.disabled"/>
    <node id="board.icu.rcan.rcan21.rcan21.txm" option="board.icu.common.irq.disabled"/>
    <node id="board.icu.gpio.port_group_a" option="board.icu.common.irq.disabled"/>
    <node id="board.icu.gpio.port_group_b" option="board.icu.common.irq.disabled"/>
    <node id="board.icu.gpio.port_group_c" option="board.icu.common.irq.disabled"/>
    <node id="board.icu.gpio.port_group_d" option="board.icu.common.irq.disabled"/>
    <node id="board.icu.elc.elc0.elc0.software_event" option="board.icu.common.irq.disabled"/>
    <node id="board.icu.elc.elc1.elc1.software_event" option="board.icu.common.irq.disabled"/>
    <node id="board.icu.poeg.group_event0" option="board.icu.common.irq.disabled"/>
    <node id="board.icu.poeg.group_event1" option="board.icu.common.irq.disabled"/>
    <node id="board.icu.poeg.group_event2" option="board.icu.common.irq.disabled"/>
    <node id="board.icu.poeg.group_event3" option="board.icu.common.irq.disabled"/>
    <node id="board.icu.gpt.uvw_edge" option="board.icu.common.irq.disabled"/>
    <node id="board.icu.gpt.gpt0.gpt0.capture_compare_int_a" option="board.icu.common.irq.disabled"/>
    <node id="board.icu.gpt.gpt0.gpt0.capture_compare_int_b" option="board.icu.common.irq.disabled"/>
    <node id="board.icu.gpt.gpt0.gpt0.compare_int_c" option="board.icu.common.irq.disabled"/>
    <node id="board.icu.gpt.gpt0.gpt0.compare_int_d" option="board.icu.common.irq.disabled"/>
    <node id="board.icu.gpt.gpt0.gpt0.compare_int_e" option="board.icu.common.irq.disabled"/>
    <node id="board.icu.gpt.gpt0.gpt0.compare_int_f" option="board.icu.common.irq.disabled"/>
    <node id="board.icu.gpt.gpt0.gpt0.counter_overflow" option="board.icu.common.irq.disabled"/>
    <node id="board.icu.gpt.gpt0.gpt0.counter_underflow" option="board.icu.common.irq.disabled"/>
    <node id="board.icu.gpt.gpt0.gpt0.ad_trig_a" option="board.icu.common.irq.disabled"/>
    <node id="board.icu.gpt.gpt0.gpt0.ad_trig_b" option="board.icu.common.irq.disabled"/>
    <node id="board.icu.gpt.gpt1.gpt1.capture_compare_int_a" option="board.icu.common.irq.disabled"/>
    <node id="board.icu.gpt.gpt1.gpt1.capture_compare_int_b" option="board.icu.common.irq.disabled"/>
    <node id="board.icu.gpt.gpt1.gpt1.compare_int_c" option="board.icu.common.irq.disabled"/>
    <node id="board.icu.gpt.gpt1.gpt1.compare_int_d" option="board.icu.common.irq.disabled"/>
    <node id="board.icu.gpt.gpt1.gpt1.compare_int_e" option="board.icu.common.irq.disabled"/>
    <node id="board.icu.gpt.gpt1.gpt1.compare_int_f" option="board.icu.common.irq.disabled"/>
    <node id="board.icu.gpt.gpt1.gpt1.counter_overflow" option="board.icu.common.irq.disabled"/>
    <node id="board.icu.gpt.gpt1.gpt1.counter_underflow" option="board.icu.common.irq.disabled"/>
    <node id="board.icu.gpt.gpt1.gpt1.ad_trig_a" option="board.icu.common.irq.disabled"/>
    <node id="board.icu.gpt.gpt1.gpt1.ad_trig_b" option="board.icu.common.irq.disabled"/>
    <node id="board.icu.gpt.gpt2.gpt2.capture_compare_int_a" option="board.icu.common.irq.disabled"/>
    <node id="board.icu.gpt.gpt2.gpt2.capture_compare_int_b" option="board.icu.common.irq.disabled"/>
    <node id="board.icu.gpt.gpt2.gpt2.compare_int_c" option="board.icu.common.irq.disabled"/>
    <node id="board.icu.gpt.gpt2.gpt2.compare_int_d" option="board.icu.common.irq.disabled"/>
    <node id="board.icu.gpt.gpt2.gpt2.compare_int_e" option="board.icu.common.irq.disabled"/>
    <node id="board.icu.gpt.gpt2.gpt2.compare_int_f" option="board.icu.common.irq.disabled"/>
    <node id="board.icu.gpt.gpt2.gpt2.counter_overflow" option="board.icu.common.irq.disabled"/>
    <node id="board.icu.gpt.gpt2.gpt2.counter_underflow" option="board.icu.common.irq.disabled"/>
    <node id="board.icu.gpt.gpt2.gpt2.ad_trig_a" option="board.icu.common.irq.disabled"/>
    <node id="board.icu.gpt.gpt2.gpt2.ad_trig_b" option="board.icu.common.irq.disabled"/>
    <node id="board.icu.gpt.gpt3.gpt3.capture_compare_int_a" option="board.icu.common.irq.disabled"/>
    <node id="board.icu.gpt.gpt3.gpt3.capture_compare_int_b" option="board.icu.common.irq.disabled"/>
    <node id="board.icu.gpt.gpt3.gpt3.compare_int_c" option="board.icu.common.irq.disabled"/>
    <node id="board.icu.gpt.gpt3.gpt3.compare_int_d" option="board.icu.common.irq.disabled"/>
    <node id="board.icu.gpt.gpt3.gpt3.compare_int_e" option="board.icu.common.irq.disabled"/>
    <node id="board.icu.gpt.gpt3.gpt3.compare_int_f" option="board.icu.common.irq.disabled"/>
    <node id="board.icu.gpt.gpt3.gpt3.counter_overflow" option="board.icu.common.irq.disabled"/>
    <node id="board.icu.gpt.gpt3.gpt3.counter_underflow" option="board.icu.common.irq.disabled"/>
    <node id="board.icu.gpt.gpt3.gpt3.ad_trig_a" option="board.icu.common.irq.disabled"/>
    <node id="board.icu.gpt.gpt3.gpt3.ad_trig_b" option="board.icu.common.irq.disabled"/>
    <node id="board.icu.gpt.gpt4.gpt4.capture_compare_int_a" option="board.icu.common.irq.disabled"/>
    <node id="board.icu.gpt.gpt4.gpt4.capture_compare_int_b" option="board.icu.common.irq.disabled"/>
    <node id="board.icu.gpt.gpt4.gpt4.compare_int_c" option="board.icu.common.irq.disabled"/>
    <node id="board.icu.gpt.gpt4.gpt4.compare_int_d" option="board.icu.common.irq.disabled"/>
    <node id="board.icu.gpt.gpt4.gpt4.compare_int_e" option="board.icu.common.irq.disabled"/>
    <node id="board.icu.gpt.gpt4.gpt4.compare_int_f" option="board.icu.common.irq.disabled"/>
    <node id="board.icu.gpt.gpt4.gpt4.counter_overflow" option="board.icu.common.irq.disabled"/>
    <node id="board.icu.gpt.gpt4.gpt4.counter_underflow" option="board.icu.common.irq.disabled"/>
    <node id="board.icu.gpt.gpt4.gpt4.ad_trig_a" option="board.icu.common.irq.disabled"/>
    <node id="board.icu.gpt.gpt4.gpt4.ad_trig_b" option="board.icu.common.irq.disabled"/>
    <node id="board.icu.gpt.gpt5.gpt5.capture_compare_int_a" option="board.icu.common.irq.disabled"/>
    <node id="board.icu.gpt.gpt5.gpt5.capture_compare_int_b" option="board.icu.common.irq.disabled"/>
    <node id="board.icu.gpt.gpt5.gpt5.compare_int_c" option="board.icu.common.irq.disabled"/>
    <node id="board.icu.gpt.gpt5.gpt5.compare_int_d" option="board.icu.common.irq.disabled"/>
    <node id="board.icu.gpt.gpt5.gpt5.compare_int_e" option="board.icu.common.irq.disabled"/>
    <node id="board.icu.gpt.gpt5.gpt5.compare_int_f" option="board.icu.common.irq.disabled"/>
    <node id="board.icu.gpt.gpt5.gpt5.counter_overflow" option="board.icu.common.irq.disabled"/>
    <node id="board.icu.gpt.gpt5.gpt5.counter_underflow" option="board.icu.common.irq.disabled"/>
    <node id="board.icu.gpt.gpt5.gpt5.ad_trig_a" option="board.icu.common.irq.disabled"/>
    <node id="board.icu.gpt.gpt5.gpt5.ad_trig_b" option="board.icu.common.irq.disabled"/>
    <node id="board.icu.gpt.gpt6.gpt6.capture_compare_int_a" option="board.icu.common.irq.disabled"/>
    <node id="board.icu.gpt.gpt6.gpt6.capture_compare_int_b" option="board.icu.common.irq.disabled"/>
    <node id="board.icu.gpt.gpt6.gpt6.compare_int_c" option="board.icu.common.irq.disabled"/>
    <node id="board.icu.gpt.gpt6.gpt6.compare_int_d" option="board.icu.common.irq.disabled"/>
    <node id="board.icu.gpt.gpt6.gpt6.compare_int_e" option="board.icu.common.irq.disabled"/>
    <node id="board.icu.gpt.gpt6.gpt6.compare_int_f" option="board.icu.common.irq.disabled"/>
    <node id="board.icu.gpt.gpt6.gpt6.counter_overflow" option="board.icu.common.irq.disabled"/>
    <node id="board.icu.gpt.gpt6.gpt6.counter_underflow" option="board.icu.common.irq.disabled"/>
    <node id="board.icu.gpt.gpt6.gpt6.ad_trig_a" option="board.icu.common.irq.disabled"/>
    <node id="board.icu.gpt.gpt6.gpt6.ad_trig_b" option="board.icu.common.irq.disabled"/>
    <node id="board.icu.gpt.gpt7.gpt7.capture_compare_int_a" option="board.icu.common.irq.disabled"/>
    <node id="board.icu.gpt.gpt7.gpt7.capture_compare_int_b" option="board.icu.common.irq.disabled"/>
    <node id="board.icu.gpt.gpt7.gpt7.compare_int_c" option="board.icu.common.irq.disabled"/>
    <node id="board.icu.gpt.gpt7.gpt7.compare_int_d" option="board.icu.common.irq.disabled"/>
    <node id="board.icu.gpt.gpt7.gpt7.compare_int_e" option="board.icu.common.irq.disabled"/>
    <node id="board.icu.gpt.gpt7.gpt7.compare_int_f" option="board.icu.common.irq.disabled"/>
    <node id="board.icu.gpt.gpt7.gpt7.counter_overflow" option="board.icu.common.irq.disabled"/>
    <node id="board.icu.gpt.gpt7.gpt7.counter_underflow" option="board.icu.common.irq.disabled"/>
    <node id="board.icu.gpt.gpt7.gpt7.ad_trig_a" option="board.icu.common.irq.disabled"/>
    <node id="board.icu.gpt.gpt7.gpt7.ad_trig_b" option="board.icu.common.irq.disabled"/>
    <node id="board.icu.gpt.gpt8.gpt8.capture_compare_int_a" option="board.icu.common.irq.disabled"/>
    <node id="board.icu.gpt.gpt8.gpt8.capture_compare_int_b" option="board.icu.common.irq.disabled"/>
    <node id="board.icu.gpt.gpt8.gpt8.compare_int_c" option="board.icu.common.irq.disabled"/>
    <node id="board.icu.gpt.gpt8.gpt8.compare_int_d" option="board.icu.common.irq.disabled"/>
    <node id="board.icu.gpt.gpt8.gpt8.compare_int_e" option="board.icu.common.irq.disabled"/>
    <node id="board.icu.gpt.gpt8.gpt8.compare_int_f" option="board.icu.common.irq.disabled"/>
    <node id="board.icu.gpt.gpt8.gpt8.counter_overflow" option="board.icu.common.irq.disabled"/>
    <node id="board.icu.gpt.gpt8.gpt8.counter_underflow" option="board.icu.common.irq.disabled"/>
    <node id="board.icu.gpt.gpt8.gpt8.ad_trig_a" option="board.icu.common.irq.disabled"/>
    <node id="board.icu.gpt.gpt8.gpt8.ad_trig_b" option="board.icu.common.irq.disabled"/>
    <node id="board.icu.gpt.gpt9.gpt9.capture_compare_int_a" option="board.icu.common.irq.disabled"/>
    <node id="board.icu.gpt.gpt9.gpt9.capture_compare_int_b" option="board.icu.common.irq.disabled"/>
    <node id="board.icu.gpt.gpt9.gpt9.compare_int_c" option="board.icu.common.irq.disabled"/>
    <node id="board.icu.gpt.gpt9.gpt9.compare_int_d" option="board.icu.common.irq.disabled"/>
    <node id="board.icu.gpt.gpt9.gpt9.compare_int_e" option="board.icu.common.irq.disabled"/>
    <node id="board.icu.gpt.gpt9.gpt9.compare_int_f" option="board.icu.common.irq.disabled"/>
    <node id="board.icu.gpt.gpt9.gpt9.counter_overflow" option="board.icu.common.irq.disabled"/>
    <node id="board.icu.gpt.gpt9.gpt9.counter_underflow" option="board.icu.common.irq.disabled"/>
    <node id="board.icu.gpt.gpt9.gpt9.ad_trig_a" option="board.icu.common.irq.disabled"/>
    <node id="board.icu.gpt.gpt9.gpt9.ad_trig_b" option="board.icu.common.irq.disabled"/>
    <node id="board.icu.gpt.gpt10.gpt10.capture_compare_int_a" option="board.icu.common.irq.disabled"/>
    <node id="board.icu.gpt.gpt10.gpt10.capture_compare_int_b" option="board.icu.common.irq.disabled"/>
    <node id="board.icu.gpt.gpt10.gpt10.compare_int_c" option="board.icu.common.irq.disabled"/>
    <node id="board.icu.gpt.gpt10.gpt10.compare_int_d" option="board.icu.common.irq.disabled"/>
    <node id="board.icu.gpt.gpt10.gpt10.compare_int_e" option="board.icu.common.irq.disabled"/>
    <node id="board.icu.gpt.gpt10.gpt10.compare_int_f" option="board.icu.common.irq.disabled"/>
    <node id="board.icu.gpt.gpt10.gpt10.counter_overflow" option="board.icu.common.irq.disabled"/>
    <node id="board.icu.gpt.gpt10.gpt10.counter_underflow" option="board.icu.common.irq.disabled"/>
    <node id="board.icu.gpt.gpt10.gpt10.ad_trig_a" option="board.icu.common.irq.disabled"/>
    <node id="board.icu.gpt.gpt10.gpt10.ad_trig_b" option="board.icu.common.irq.disabled"/>
    <node id="board.icu.gpt.gpt11.gpt11.capture_compare_int_a" option="board.icu.common.irq.disabled"/>
    <node id="board.icu.gpt.gpt11.gpt11.capture_compare_int_b" option="board.icu.common.irq.disabled"/>
    <node id="board.icu.gpt.gpt11.gpt11.compare_int_c" option="board.icu.common.irq.disabled"/>
    <node id="board.icu.gpt.gpt11.gpt11.compare_int_d" option="board.icu.common.irq.disabled"/>
    <node id="board.icu.gpt.gpt11.gpt11.compare_int_e" option="board.icu.common.irq.disabled"/>
    <node id="board.icu.gpt.gpt11.gpt11.compare_int_f" option="board.icu.common.irq.disabled"/>
    <node id="board.icu.gpt.gpt11.gpt11.counter_overflow" option="board.icu.common.irq.disabled"/>
    <node id="board.icu.gpt.gpt11.gpt11.counter_underflow" option="board.icu.common.irq.disabled"/>
    <node id="board.icu.gpt.gpt11.gpt11.ad_trig_a" option="board.icu.common.irq.disabled"/>
    <node id="board.icu.gpt.gpt11.gpt11.ad_trig_b" option="board.icu.common.irq.disabled"/>
    <node id="board.icu.gpt.gpt12.gpt12.capture_compare_int_a" option="board.icu.common.irq.disabled"/>
    <node id="board.icu.gpt.gpt12.gpt12.capture_compare_int_b" option="board.icu.common.irq.disabled"/>
    <node id="board.icu.gpt.gpt12.gpt12.compare_int_c" option="board.icu.common.irq.disabled"/>
    <node id="board.icu.gpt.gpt12.gpt12.compare_int_d" option="board.icu.common.irq.disabled"/>
    <node id="board.icu.gpt.gpt12.gpt12.compare_int_e" option="board.icu.common.irq.disabled"/>
    <node id="board.icu.gpt.gpt12.gpt12.compare_int_f" option="board.icu.common.irq.disabled"/>
    <node id="board.icu.gpt.gpt12.gpt12.counter_overflow" option="board.icu.common.irq.disabled"/>
    <node id="board.icu.gpt.gpt12.gpt12.counter_underflow" option="board.icu.common.irq.disabled"/>
    <node id="board.icu.gpt.gpt12.gpt12.ad_trig_a" option="board.icu.common.irq.disabled"/>
    <node id="board.icu.gpt.gpt12.gpt12.ad_trig_b" option="board.icu.common.irq.disabled"/>
    <node id="board.icu.gpt.gpt13.gpt13.capture_compare_int_a" option="board.icu.common.irq.disabled"/>
    <node id="board.icu.gpt.gpt13.gpt13.capture_compare_int_b" option="board.icu.common.irq.disabled"/>
    <node id="board.icu.gpt.gpt13.gpt13.compare_int_c" option="board.icu.common.irq.disabled"/>
    <node id="board.icu.gpt.gpt13.gpt13.compare_int_d" option="board.icu.common.irq.disabled"/>
    <node id="board.icu.gpt.gpt13.gpt13.compare_int_e" option="board.icu.common.irq.disabled"/>
    <node id="board.icu.gpt.gpt13.gpt13.compare_int_f" option="board.icu.common.irq.disabled"/>
    <node id="board.icu.gpt.gpt13.gpt13.counter_overflow" option="board.icu.common.irq.disabled"/>
    <node id="board.icu.gpt.gpt13.gpt13.counter_underflow" option="board.icu.common.irq.disabled"/>
    <node id="board.icu.gpt.gpt13.gpt13.ad_trig_a" option="board.icu.common.irq.disabled"/>
    <node id="board.icu.gpt.gpt13.gpt13.ad_trig_b" option="board.icu.common.irq.disabled"/>
    <node id="board.icu.gpt.gpt14.gpt14.capture_compare_int_a" option="board.icu.common.irq.disabled"/>
    <node id="board.icu.gpt.gpt14.gpt14.capture_compare_int_b" option="board.icu.common.irq.disabled"/>
    <node id="board.icu.gpt.gpt14.gpt14.compare_int_c" option="board.icu.common.irq.disabled"/>
    <node id="board.icu.gpt.gpt14.gpt14.compare_int_d" option="board.icu.common.irq.disabled"/>
    <node id="board.icu.gpt.gpt14.gpt14.compare_int_e" option="board.icu.common.irq.disabled"/>
    <node id="board.icu.gpt.gpt14.gpt14.compare_int_f" option="board.icu.common.irq.disabled"/>
    <node id="board.icu.gpt.gpt14.gpt14.counter_overflow" option="board.icu.common.irq.disabled"/>
    <node id="board.icu.gpt.gpt14.gpt14.counter_underflow" option="board.icu.common.irq.disabled"/>
    <node id="board.icu.gpt.gpt14.gpt14.ad_trig_a" option="board.icu.common.irq.disabled"/>
    <node id="board.icu.gpt.gpt14.gpt14.ad_trig_b" option="board.icu.common.irq.disabled"/>
    <node id="board.icu.gpt.gpt15.gpt15.capture_compare_int_a" option="board.icu.common.irq.disabled"/>
    <node id="board.icu.gpt.gpt15.gpt15.capture_compare_int_b" option="board.icu.common.irq.disabled"/>
    <node id="board.icu.gpt.gpt15.gpt15.compare_int_c" option="board.icu.common.irq.disabled"/>
    <node id="board.icu.gpt.gpt15.gpt15.compare_int_d" option="board.icu.common.irq.disabled"/>
    <node id="board.icu.gpt.gpt15.gpt15.compare_int_e" option="board.icu.common.irq.disabled"/>
    <node id="board.icu.gpt.gpt15.gpt15.compare_int_f" option="board.icu.common.irq.disabled"/>
    <node id="board.icu.gpt.gpt15.gpt15.counter_overflow" option="board.icu.common.irq.disabled"/>
    <node id="board.icu.gpt.gpt15.gpt15.counter_underflow" option="board.icu.common.irq.disabled"/>
    <node id="board.icu.gpt.gpt15.gpt15.ad_trig_a" option="board.icu.common.irq.disabled"/>
    <node id="board.icu.gpt.gpt15.gpt15.ad_trig_b" option="board.icu.common.irq.disabled"/>
    <node id="board.icu.ether.ipls" option="board.icu.common.irq.disabled"/>
    <node id="board.icu.ether.mint" option="board.icu.common.irq.disabled"/>
    <node id="board.icu.ether.pint" option="board.icu.common.irq.disabled"/>
    <node id="board.icu.ether.eint0" option="board.icu.common.irq.disabled"/>
    <node id="board.icu.ether.eint1" option="board.icu.common.irq.disabled"/>
    <node id="board.icu.ether.ether0_rise" option="board.icu.common.irq.disabled"/>
    <node id="board.icu.ether.ether1_rise" option="board.icu.common.irq.disabled"/>
    <node id="board.icu.ether.ether2_rise" option="board.icu.common.irq.disabled"/>
    <node id="board.icu.ether.ether3_rise" option="board.icu.common.irq.disabled"/>
    <node id="board.icu.ether.ether4_rise" option="board.icu.common.irq.disabled"/>
    <node id="board.icu.ether.ether5_rise" option="board.icu.common.irq.disabled"/>
    <node id="board.icu.ether.ether0_fall" option="board.icu.common.irq.disabled"/>
    <node id="board.icu.ether.ether1_fall" option="board.icu.common.irq.disabled"/>
    <node id="board.icu.ether.ether2_fall" option="board.icu.common.irq.disabled"/>
    <node id="board.icu.ether.ether3_fall" option="board.icu.common.irq.disabled"/>
    <node id="board.icu.ether.ether4_fall" option="board.icu.common.irq.disabled"/>
    <node id="board.icu.ether.ether5_fall" option="board.icu.common.irq.disabled"/>
    <node id="board.icu.usbhs.d0fifo" option="board.icu.common.irq.disabled"/>
    <node id="board.icu.usbhs.d1fifo" option="board.icu.common.irq.disabled"/>
    <node id="board.icu.usbhs.usbir" option="board.icu.common.irq.disabled"/>
    <node id="board.icu.sci.sci0.sci0.rxi" option="board.icu.common.irq.disabled"/>
    <node id="board.icu.sci.sci0.sci0.txi" option="board.icu.common.irq.disabled"/>
    <node id="board.icu.sci.sci0.sci0.tei" option="board.icu.common.irq.disabled"/>
    <node id="board.icu.sci.sci0.sci0.eri" option="board.icu.common.irq.disabled"/>
    <node id="board.icu.sci.sci0.sci0.am" option="board.icu.common.irq.disabled"/>
    <node id="board.icu.sci.sci0.sci0.rxi_or_eri" option="board.icu.common.irq.disabled"/>
    <node id="board.icu.sci.sci1.sci1.rxi" option="board.icu.common.irq.disabled"/>
    <node id="board.icu.sci.sci1.sci1.txi" option="board.icu.common.irq.disabled"/>
    <node id="board.icu.sci.sci1.sci1.tei" option="board.icu.common.irq.disabled"/>
    <node id="board.icu.sci.sci1.sci1.eri" option="board.icu.common.irq.disabled"/>
    <node id="board.icu.sci.sci1.sci1.am" option="board.icu.common.irq.disabled"/>
    <node id="board.icu.sci.sci2.sci2.rxi" option="board.icu.common.irq.priority6"/>
    <node id="board.icu.sci.sci2.sci2.txi" option="board.icu.common.irq.priority8"/>
    <node id="board.icu.sci.sci2.sci2.tei" option="board.icu.common.irq.priority6"/>
    <node id="board.icu.sci.sci2.sci2.eri" option="board.icu.common.irq.priority6"/>
    <node id="board.icu.sci.sci2.sci2.am" option="board.icu.common.irq.disabled"/>
    <node id="board.icu.sci.sci3.sci3.rxi" option="board.icu.common.irq.disabled"/>
    <node id="board.icu.sci.sci3.sci3.txi" option="board.icu.common.irq.disabled"/>
    <node id="board.icu.sci.sci3.sci3.tei" option="board.icu.common.irq.disabled"/>
    <node id="board.icu.sci.sci3.sci3.eri" option="board.icu.common.irq.disabled"/>
    <node id="board.icu.sci.sci3.sci3.am" option="board.icu.common.irq.disabled"/>
    <node id="board.icu.sci.sci4.sci4.rxi" option="board.icu.common.irq.disabled"/>
    <node id="board.icu.sci.sci4.sci4.txi" option="board.icu.common.irq.disabled"/>
    <node id="board.icu.sci.sci4.sci4.tei" option="board.icu.common.irq.disabled"/>
    <node id="board.icu.sci.sci4.sci4.eri" option="board.icu.common.irq.disabled"/>
    <node id="board.icu.sci.sci4.sci4.am" option="board.icu.common.irq.disabled"/>
    <node id="board.icu.sci.sci5.sci5.rxi" option="board.icu.common.irq.disabled"/>
    <node id="board.icu.sci.sci5.sci5.txi" option="board.icu.common.irq.disabled"/>
    <node id="board.icu.sci.sci5.sci5.tei" option="board.icu.common.irq.disabled"/>
    <node id="board.icu.sci.sci5.sci5.eri" option="board.icu.common.irq.disabled"/>
    <node id="board.icu.sci.sci5.sci5.am" option="board.icu.common.irq.disabled"/>
    <node id="board.icu.sci.sci6.sci6.rxi" option="board.icu.common.irq.priority6"/>
    <node id="board.icu.sci.sci6.sci6.txi" option="board.icu.common.irq.priority8"/>
    <node id="board.icu.sci.sci6.sci6.tei" option="board.icu.common.irq.priority6"/>
    <node id="board.icu.sci.sci6.sci6.eri" option="board.icu.common.irq.priority6"/>
    <node id="board.icu.sci.sci6.sci6.am" option="board.icu.common.irq.disabled"/>
    <node id="board.icu.sci.sci7.sci7.rxi" option="board.icu.common.irq.disabled"/>
    <node id="board.icu.sci.sci7.sci7.txi" option="board.icu.common.irq.disabled"/>
    <node id="board.icu.sci.sci7.sci7.tei" option="board.icu.common.irq.disabled"/>
    <node id="board.icu.sci.sci7.sci7.eri" option="board.icu.common.irq.disabled"/>
    <node id="board.icu.sci.sci7.sci7.am" option="board.icu.common.irq.disabled"/>
    <node id="board.icu.sci.sci8.sci8.rxi" option="board.icu.common.irq.disabled"/>
    <node id="board.icu.sci.sci8.sci8.txi" option="board.icu.common.irq.disabled"/>
    <node id="board.icu.sci.sci8.sci8.tei" option="board.icu.common.irq.disabled"/>
    <node id="board.icu.sci.sci8.sci8.eri" option="board.icu.common.irq.disabled"/>
    <node id="board.icu.sci.sci8.sci8.am" option="board.icu.common.irq.disabled"/>
    <node id="board.icu.sci.sci9.sci9.rxi" option="board.icu.common.irq.disabled"/>
    <node id="board.icu.sci.sci9.sci9.txi" option="board.icu.common.irq.disabled"/>
    <node id="board.icu.sci.sci9.sci9.tei" option="board.icu.common.irq.disabled"/>
    <node id="board.icu.sci.sci9.sci9.eri" option="board.icu.common.irq.disabled"/>
    <node id="board.icu.sci.sci9.sci9.am" option="board.icu.common.irq.disabled"/>
    <node id="board.icu.rspi.rspi0.rspi0.spri" option="board.icu.common.irq.disabled"/>
    <node id="board.icu.rspi.rspi0.rspi0.spti" option="board.icu.common.irq.disabled"/>
    <node id="board.icu.rspi.rspi0.rspi0.spii" option="board.icu.common.irq.disabled"/>
    <node id="board.icu.rspi.rspi0.rspi0.spei" option="board.icu.common.irq.disabled"/>
    <node id="board.icu.rspi.rspi0.rspi0.sp_elctend" option="board.icu.common.irq.disabled"/>
    <node id="board.icu.rspi.rspi1.rspi1.spri" option="board.icu.common.irq.disabled"/>
    <node id="board.icu.rspi.rspi1.rspi1.spti" option="board.icu.common.irq.disabled"/>
    <node id="board.icu.rspi.rspi1.rspi1.spii" option="board.icu.common.irq.disabled"/>
    <node id="board.icu.rspi.rspi1.rspi1.spei" option="board.icu.common.irq.disabled"/>
    <node id="board.icu.rspi.rspi1.rspi1.sp_elctend" option="board.icu.common.irq.disabled"/>
    <node id="board.icu.qspi.intr" option="board.icu.common.irq.disabled"/>
    <node id="board.icu.sdhi.mmc0_accs" option="board.icu.common.irq.disabled"/>
    <node id="board.icu.sdhi.mmc0_sdio" option="board.icu.common.irq.disabled"/>
    <node id="board.icu.sdhi.mmc0_card" option="board.icu.common.irq.disabled"/>
    <node id="board.icu.sdhi.mmc0_odmsdbreq" option="board.icu.common.irq.disabled"/>
    <node id="board.icu.sdhi.mmc1_accs" option="board.icu.common.irq.disabled"/>
    <node id="board.icu.sdhi.mmc1_sdio" option="board.icu.common.irq.disabled"/>
    <node id="board.icu.sdhi.mmc1_card" option="board.icu.common.irq.disabled"/>
    <node id="board.icu.sdhi.mmc1_odmsdbreq" option="board.icu.common.irq.disabled"/>
    <node id="board.icu.ext.divider_intmd" option="board.icu.common.irq.disabled"/>
    <node id="board.icu.tsip.proc_busy_n" option="board.icu.common.irq.disabled"/>
    <node id="board.icu.tsip.romok_n" option="board.icu.common.irq.disabled"/>
    <node id="board.icu.tsip.long_plg_n" option="board.icu.common.irq.disabled"/>
    <node id="board.icu.tsip.test_busy_n" option="board.icu.common.irq.disabled"/>
    <node id="board.icu.tsip.wrrdy_0_n" option="board.icu.common.irq.disabled"/>
    <node id="board.icu.tsip.wrrdy_1_n" option="board.icu.common.irq.disabled"/>
    <node id="board.icu.tsip.wrrdy_4_n" option="board.icu.common.irq.disabled"/>
    <node id="board.icu.tsip.rdrdy_0_n" option="board.icu.common.irq.disabled"/>
    <node id="board.icu.tsip.rdrdy_1_n" option="board.icu.common.irq.disabled"/>
    <node id="board.icu.tsip.integrate_wrrdy_n" option="board.icu.common.irq.disabled"/>
    <node id="board.icu.tsip.integrate_rdrdy_n" option="board.icu.common.irq.disabled"/>
    <node id="board.icu.lcdc.lcdc_level_0" option="board.icu.common.irq.disabled"/>
    <node id="board.icu.lcdc.lcdc_level_1" option="board.icu.common.irq.disabled"/>
    <node id="board.icu.lcdc.lcdc_level_2" option="board.icu.common.irq.disabled"/>
    <node id="board.icu.twod.engine_irq" option="board.icu.common.irq.disabled"/>
    <node id="board.icu.jpeg.jedi" option="board.icu.common.irq.disabled"/>
    <node id="board.icu.jpeg.jdti" option="board.icu.common.irq.disabled"/>
  </synergyIcuConfiguration>
  <synergyModuleConfiguration>
    <context id="_hal.1058261005">
      <module id="module.driver.cgc_on_cgc.500404528"/>
      <module id="module.driver.elc_on_elc.336187042"/>
      <module id="module.driver.ioport_on_ioport.821943355"/>
      <module id="module.driver.external_irq_on_icu.617524420">
        <property id="module.driver.external_irq_on_icu.name" value="g_ext_irq4"/>
        <property id="module.driver.external_irq_on_icu.channel" value="4"/>
        <property id="module.driver.external_irq_on_icu.trigger" value="module.driver.external_irq_on_icu.trigger.trig_rising"/>
        <property id="module.driver.external_irq_on_icu.filter_enable" value="module.driver.external_irq_on_icu.filter_enable.false"/>
        <property id="module.driver.external_irq_on_icu.pclk_div" value="module.driver.external_irq_on_icu.pclk_div.pclk_div_by_64"/>
        <property id="module.driver.external_irq_on_icu.interrupt_enable" value="module.driver.external_irq_on_icu.interrupt_enable.true"/>
        <property id="module.driver.external_irq_on_icu.p_callback" value="callback_dbskButtonS1"/>
      </module>
      <module id="module.driver.sci_common.1578720215"/>
      <module id="module.driver.uart_on_sci_uart.1180868309">
        <property id="module.driver.uart_on_sci_uart.name" value="g_uart2"/>
        <property id="module.driver.uart_on_sci_uart.channel" value="2"/>
        <property id="module.driver.uart_on_sci_uart.baud_rate" value="115200"/>
        <property id="module.driver.uart_on_sci_uart.data_bits" value="module.driver.uart_on_sci_uart.data_bits.data_bits_8"/>
        <property id="module.driver.uart_on_sci_uart.parity" value="module.driver.uart_on_sci_uart.parity.parity_off"/>
        <property id="module.driver.uart_on_sci_uart.stop_bits" value="module.driver.uart_on_sci_uart.stop_bits.stop_bits_1"/>
        <property id="module.driver.uart_on_sci_uart.ctsrts_en" value="module.driver.uart_on_sci_uart.ctsrts_en.false"/>
        <property id="module.driver.uart_on_sci_uart.tx_que_len" value="64"/>
        <property id="module.driver.uart_on_sci_uart.rx_que_len" value="64"/>
        <property id="module.driver.uart_on_sci_uart.callback" value="callback_uart2"/>
        <property id="module.driver.uart_on_sci_uart.callback.rts_pin_ctrl" value="NULL"/>
        <property id="module.driver.uart_on_sci_uart.clk_src" value="module.driver.uart_on_sci_uart.clk_src.int_clk"/>
        <property id="module.driver.uart_on_sci_uart.baudclk_out" value="module.driver.uart_on_sci_uart.baudclk_out.false"/>
        <property id="module.driver.uart_on_sci_uart.rx_edge_start" value="module.driver.uart_on_sci_uart.rx_edge_start.true"/>
        <property id="module.driver.uart_on_sci_uart.noisecancel_en" value="module.driver.uart_on_sci_uart.noisecancel_en.false"/>
      </module>
      <module id="module.driver.byteq.1431526629"/>
      <module id="module.driver.timer_on_agt.147032658">
        <property id="module.driver.timer_on_agt.name" value="g_timer"/>
        <property id="module.driver.timer_on_agt.channel" value="0"/>
        <property id="module.driver.timer_on_agt.mode" value="module.driver.timer_on_agt.mode.mode_periodic"/>
        <property id="module.driver.timer_on_agt.period" value="1"/>
        <property id="module.driver.timer_on_agt.unit" value="module.driver.timer_on_agt.unit.unit_period_sec"/>
        <property id="module.driver.timer_on_agt.autostart" value="module.driver.timer_on_agt.autostart.true"/>
        <property id="module.driver.timer_on_agt.count_source" value="module.driver.timer_on_agt.count_source.clock_fsub"/>
        <property id="module.driver.timer_on_agt.agto_output_enabled" value="module.driver.timer_on_agt.agto_output_enabled.false"/>
        <property id="module.driver.timer_on_agt.agtio_output_enabled" value="module.driver.timer_on_agt.agtio_output_enabled.false"/>
        <property id="module.driver.timer_on_agt.output_inverted" value="module.driver.timer_on_agt.output_inverted.false"/>
        <property id="module.driver.timer_on_agt.p_callback" value="callback_g_timer"/>
      </module>
      <module id="module.driver.external_irq_on_icu.468735147">
        <property id="module.driver.external_irq_on_icu.name" value="g_ext_irq6"/>
        <property id="module.driver.external_irq_on_icu.channel" value="6"/>
        <property id="module.driver.external_irq_on_icu.trigger" value="module.driver.external_irq_on_icu.trigger.trig_both_edge"/>
        <property id="module.driver.external_irq_on_icu.filter_enable" value="module.driver.external_irq_on_icu.filter_enable.false"/>
        <property id="module.driver.external_irq_on_icu.pclk_div" value="module.driver.external_irq_on_icu.pclk_div.pclk_div_by_64"/>
        <property id="module.driver.external_irq_on_icu.interrupt_enable" value="module.driver.external_irq_on_icu.interrupt_enable.true"/>
        <property id="module.driver.external_irq_on_icu.p_callback" value="callback_dbskPinP000"/>
      </module>
      <module id="module.driver.spi_on_sci_spi.962367645">
        <property id="module.driver.spi_on_sci_spi.name" value="g_sci_spi6"/>
        <property id="module.driver.spi_on_sci_spi.channel" value="6"/>
        <property id="module.driver.spi_on_sci_spi.operating_mode" value="module.driver.spi_on_sci_spi.operating_mode.mode_master"/>
        <property id="module.driver.spi_on_sci_spi.clk_phase" value="module.driver.spi_on_sci_spi.clk_phase.clk_phase_edge_odd"/>
        <property id="module.driver.spi_on_sci_spi.clk_polarity" value="module.driver.spi_on_sci_spi.clk_polarity.clk_polarity_low"/>
        <property id="module.driver.spi_on_sci_spi.mode_fault" value="module.driver.spi_on_sci_spi.mode_fault.mode_fault_error_disable"/>
        <property id="module.driver.spi_on_sci_spi.bit_order" value="module.driver.spi_on_sci_spi.bit_order.bit_order_msb_first"/>
        <property id="module.driver.spi_on_sci_spi.bitrate" value="50000"/>
        <property id="module.driver.spi_on_sci_spi.p_callback" value="callback_sci_spi6"/>
      </module>
    </context>
    <config id="config.driver.sci_common">
      <property id="config.driver.sci_common.async" value="config.driver.sci_common.async.enabled"/>
      <property id="config.driver.sci_common.spi" value="config.driver.sci_common.spi.enabled"/>
      <property id="config.driver.sci_common.i2c" value="config.driver.sci_common.i2c.disabled"/>
    </config>
    <config id="config.driver.byteq">
      <property id="config.driver.byteq.checking" value="config.driver.byteq.checking.system"/>
    </config>
    <config id="config.driver.elc">
      <property id="config.driver.elc.checking" value="config.driver.elc.checking.system"/>
    </config>
    <config id="config.driver.cgc">
      <property id="config.driver.cgc.param_checking_enable" value="config.driver.gpt.param_checking_enable.bsp"/>
      <property id="config.driver.cgc.main_osc_wait" value="config.driver.cgc.main_osc_wait.wait_8163"/>
      <property id="config.driver.cgc.main_osc_clock_source" value="config.driver.cgc.main_osc_clock_source.external_osc"/>
      <property id="config.driver.cgc.osc_stop_det_used" value="config.driver.cgc.osc_stop_det_used.enabled"/>
      <property id="config.driver.cgc.subclock_drive" value="config.driver.cgc.subclock_drive.standard"/>
    </config>
    <config id="config.driver.ioport">
      <property id="config.driver.ioport.checking" value="config.driver.ioport.checking.system"/>
    </config>
    <config id="config.driver.sci_uart">
      <property id="config.driver.sci_uart.external_rts_operation" value="config.driver.sci_uart.external_rts_operation.disabled"/>
      <property id="config.driver.sci_uart.hw_fifo_enable" value="config.driver.sci_uart.hw_fifo_enable.enabled"/>
      <property id="config.driver.sci_uart.uart_rx_enable" value="config.driver.sci_uart.uart_rx_enable.enabled"/>
      <property id="config.driver.sci_uart.uart_tx_enable" value="config.driver.sci_uart.uart_tx_enable.enabled"/>
      <property id="config.driver.sci_uart.param_checking_enable" value="config.driver.sci_uart.param_checking_enable.bsp"/>
    </config>
    <config id="config.driver.agt">
      <property id="config.driver.agt.param_checking_enable" value="config.driver.agt.param_checking_enable.bsp"/>
    </config>
    <config id="config.driver.sci_spi">
      <property id="config.driver.sci_spi.param_checking_enable" value="config.driver.sci_spi.param_checking_enable.bsp"/>
    </config>
    <config id="config.driver.icu">
      <property id="config.driver.icu.param_checking_enable" value="config.driver.icu.param_checking_enable.bsp"/>
    </config>
  </synergyModuleConfiguration>
</synergyConfiguration>
