<?xml version="1.0" encoding="UTF-8"?>
<synergyModuleDescription>
    <config id="config.framework.sf_tes_2d_drw" path="ssp_cfg/framework/sf_tes_2d_drw_cfg.h" version="0">
        <property default="32768" display="Work memory size for display lists in bytes" id="module.framework.sf_tes_2d_drw.work_memory_size">
            <constraint display="Value must be a non-negative integer">testInteger("${module.framework.sf_tes_2d_drw.work_memory_size}")</constraint>
        </property>
        <content>
            #define SF_TES_2D_DRW_D1_HEAP_SIZE (${module.framework.sf_tes_2d_drw.work_memory_size})
        </content>
    </config>
    <module config="config.framework.sf_tes_2d_drw" display="Framework|Graphics|D/AVE 2D Port on sf_tes_2d_drw" id="module.framework.sf_tes_2d_drw" version="1">
        <constraint display="Requires GUIX">
            "${interface.el.gx}" === "1"
        </constraint>
        <constraint display="Requires TWOD ENGINE (DRW) IRQ enabled">
            "${board.icu.drw.int}" != "board.icu.common.irq.disabled"
        </constraint>
        <requires interface="_rtos" />
        <requires interface="interface.el.gx" />
        <provides interface="interface.framework.sf_tes_2d_drw" />
        <interrupt node="board.icu.drw.int" />
    </module>
</synergyModuleDescription>

