<?xml version="1.0" encoding="UTF-8"?>

<synergyModuleDescription>
    <config id="config.el.nx" path="ssp_cfg/framework/el/nx_user.h" version="0">
        <content>
#if (${interface.el.nx_src})
#include "nx_src_user.h"
#endif
        </content>
    </config>
	<module config="config.el.nx" display="Framework|Networking|${module.el.nx.name} NetX on nx" id="module.el.nx" version="1">
        <constraint display="Requires one NetX Port ETHER Framework instance named ${module.el.nx.lowerlevelname}">
            "${interface.framework.sf_el_nx.${module.el.nx.lowerlevelname}}" === "1"
        </constraint>
        <requires interface="interface.framework.sf_el_nx.${module.el.nx.lowerlevelname}" />
        <requires interface="_rtos" />
		<provides interface="interface.el.nx" />
        <provides interface="interface.el.nx.${module.el.nx.name}" />
        <property default="g_nx" display="Name" id="module.el.nx.name">
            <constraint display="Name must be a valid C symbol">testSymbol("${module.el.nx.name}")</constraint>
        </property>
        <property id="module.el.nx.lowerlevelname" display="Lower Level Name" default="g_sf_el_nx">
            <constraint display="Name must be a valid C symbol">testSymbol("${module.el.nx.lowerlevelname}")</constraint>
        </property>
	</module>
</synergyModuleDescription>