<?xml version="1.0" encoding="UTF-8"?>

<synergyModuleDescription>
	<module config="config.framework.sf_el_ux" display="Framework|USB|${module.framework.sf_el_ux.name} USBX Port HS and FS on sf_el_ux" id="module.framework.sf_el_ux" version="1">
        <constraint display="Requires USBX Interrupt (USBFS USBI or USBHS USBIR) enabled">
            ("${board.icu.usbfs.int}" != "board.icu.common.irq.disabled") || ("${board.icu.usbhs.usb_int_resume}" != "board.icu.common.irq.disabled")
        </constraint>
        <requires interface="_rtos" />
        <provides interface="interface.framework.sf_el_ux.${module.framework.sf_el_ux.name}" />
        <property default="g_sf_el_ux" display="Name" id="module.framework.sf_el_ux.name">
            <constraint display="Name must be a valid C symbol">testSymbol("${module.framework.sf_el_ux.name}")</constraint>
        </property>
		<interrupt node="board.icu.usbfs.int" />
		<interrupt node="board.icu.usbhs.usb_int_resume" />
		<peripheral component="usbfs.usbfs" />
		<peripheral component="usbhs.usbhs" />
	</module>
</synergyModuleDescription>