<?xml version="1.0" encoding="UTF-8"?>

<synergyModuleDescription>
	<config id="config.framework.sf_el_nx" path="ssp_cfg/framework/sf_el_nx_cfg.h" version="0">
		<property default="config.framework.sf_el_nx.param_checking_enable.bsp" display="Parameter Checking" id="config.framework.sf_el_nx.param_checking_enable">
            <option display="Default (BSP)" id="config.driver.sf_audio_playback.param_checking_enable.bsp" value="(BSP_CFG_PARAM_CHECKING_ENABLE)"/>
			<option display="Enabled" id="config.framework.sf_el_nx.param_checking_enable.enabled" value="(1)"/>
			<option display="Disabled" id="config.framework.sf_el_nx.param_checking_enable.disabled" value="(0)"/>
		</property>
        <property default="IOPORT_PORT_09_PIN_03" display="Channel 0 Phy Reset Pin" id="config.framework.sf_el_nx.pin0">
            <constraint display="Name must be a valid C symbol">testSymbol("${config.framework.sf_el_nx.pin0}")</constraint>
        </property>
		<property default="0x00002E09" display="Channel 0 MAC Address High Bits" id="config.framework.sf_el_nx.mach0">
			<constraint display="Value must be an integer greater than 0">testInteger("${config.framework.sf_el_nx.mach0}")  &amp;&amp; ("${config.framework.sf_el_nx.mach0}" &gt; 0)</constraint>
        </property>
		<property default="0x0A0076C7" display="Channel 0 MAC Address Low Bits" id="config.framework.sf_el_nx.macl0">
			<constraint display="Value must be an integer greater than 0">testInteger("${config.framework.sf_el_nx.macl0}")  &amp;&amp; ("${config.framework.sf_el_nx.macl0}" &gt; 0)</constraint>
        </property>
        <property default="IOPORT_PORT_07_PIN_06" display="Channel 1 Phy Reset Pin" id="config.framework.sf_el_nx.pin1">
            <constraint display="Name must be a valid C symbol">testSymbol("${config.framework.sf_el_nx.pin1}")</constraint>
        </property>
		<property default="0x00002E09" display="Channel 1 MAC Address High Bits" id="config.framework.sf_el_nx.mach1">
			<constraint display="Value must be an integer greater than 0">testInteger("${config.framework.sf_el_nx.mach1}")  &amp;&amp; ("${config.framework.sf_el_nx.mach1}" &gt; 0)</constraint>
        </property>
		<property default="0x0A0076C8" display="Channel 1 MAC Address Low Bits" id="config.framework.sf_el_nx.macl1">
			<constraint display="Value must be an integer greater than 0">testInteger("${config.framework.sf_el_nx.macl1}")  &amp;&amp; ("${config.framework.sf_el_nx.macl1}" &gt; 0)</constraint>
        </property>
		<content>#define SF_EL_NX_COMMS_CFG_PARAM_CHECKING_ENABLE ${config.framework.sf_el_nx.param_checking_enable}
/** Specify MAC address. */
#define SF_EL_NX_CFG_ENET0_MAC_H ${config.framework.sf_el_nx.mach0}
#define SF_EL_NX_CFG_ENET0_MAC_L ${config.framework.sf_el_nx.macl0}
#define SF_EL_NX_CFG_ENET1_MAC_H ${config.framework.sf_el_nx.mach1}
#define SF_EL_NX_CFG_ENET1_MAC_L ${config.framework.sf_el_nx.macl1}
/** Specify reset pin. */
#define SF_EL_NX_CFG_ENET0_RESET_PIN ${config.framework.sf_el_nx.pin0}
#define SF_EL_NX_CFG_ENET1_RESET_PIN ${config.framework.sf_el_nx.pin1}
		</content>
	</config>
	<module config="config.framework.sf_el_nx" display="Framework|Networking|${module.framework.sf_el_nx.name} NetX Port ETHER on sf_el_nx" id="module.framework.sf_el_nx" version="1">
        <constraint display="Requires ETHER Interrupt (ETHER EINT${module.framework.sf_el_nx.channel}) enabled">
            "${board.icu.edmac.edmac${module.framework.sf_el_nx.channel}.eint}" != "board.icu.common.irq.disabled"
        </constraint>
        <requires interface="_rtos" />
        <provides interface="interface.framework.sf_el_nx.${module.framework.sf_el_nx.name}" />
        <property default="g_sf_el_nx" display="Name" id="module.framework.sf_el_nx.name">
            <constraint display="Name must be a valid C symbol">testSymbol("${module.framework.sf_el_nx.name}")</constraint>
        </property>
	    <property default="0" display="Channel" id="module.framework.sf_el_nx.channel">
			<constraint display="Value must be an integer between 0 and 1">testInteger("${module.framework.sf_el_nx.channel}")  &amp;&amp; ("${module.framework.sf_el_nx.channel}" &gt;= 0) &amp;&amp; ("${module.framework.sf_el_nx.channel}" &lt;= 1)</constraint>
        </property>
		<interrupt node="board.icu.edmac.edmac${module.framework.sf_el_nx.channel}.eint" />
		<peripheral component="ethernetcontroller${module.framework.sf_el_nx.channel}rmii.ethernetcontroller${module.framework.sf_el_nx.channel}rmii" />
	</module>
</synergyModuleDescription>