<?xml version="1.0" ?>
<synergyModuleDescription>
	<config id="config.framework.sf_uart_comms" path="ssp_cfg/framework/sf_uart_comms_cfg.h" version="0">
		<property default="config.framework.sf_comms.param_checking_enable.bsp" display="Parameter Checking" id="config.framework.sf_comms.param_checking_enable">
			<option display="Default (BSP)" id="config.framework.sf_comms.param_checking_enable.bsp" value="(BSP_CFG_PARAM_CHECKING_ENABLE)"/>
			<option display="Enabled" id="config.framework.sf_comms.param_checking_enable.enabled" value="(1)"/>
			<option display="Disabled" id="config.framework.sf_comms.param_checking_enable.disabled" value="(0)"/>
		</property>
		<property default="5" display="Read Input Queue Size (4-Byte Words)" id="config.framework.sf_comms.read_size">
            <constraint display="Value must be greater than 0">testInteger("${config.framework.sf_comms.read_size}") &amp;&amp; "${config.framework.sf_comms.read_size}" &gt; 0</constraint>
 		</property>
		<content>#define SF_UART_CFG_PARAM_CHECKING_ENABLE ${config.framework.sf_comms.param_checking_enable}
#define SF_UART_COMMS_CFG_QUEUE_SIZE_WORDS (${config.framework.sf_comms.read_size})
</content>
	</config>
	<module config="config.framework.sf_uart_comms" display="Framework|Connectivity|${module.framework.sf_comms.name} UART Communications Framework on sf_uart_comms" id="module.framework.sf_comms_on_sf_uart_comms" version="1">
        <constraint display="Requires one UART Driver instance named ${module.framework.sf_comms.lowerleveluartname}">
            "${interface.driver.uart.${module.framework.sf_comms.lowerleveluartname}}" === "1"
        </constraint>
        <constraint display="Unique name required for each instance">
            "${interface.framework.sf_comms.${module.framework.sf_comms.name}}" === "1"
        </constraint>
        <requires interface="_rtos" />
        <requires interface="interface.driver.uart.${module.framework.sf_comms.lowerleveluartname}"/>
        <provides interface="interface.framework.sf_comms.${module.framework.sf_comms.name}" />
        <property default="g_sf_comms" display="Name" id="module.framework.sf_comms.name">
            <constraint display="Name must be a valid C symbol">testSymbol("${module.framework.sf_comms.name}")</constraint>
        </property>
        <property id="module.framework.sf_comms.lowerleveluartname" display="Lower Level UART Name" default="g_uart">
            <constraint display="Name must be a valid C symbol">testSymbol("${module.framework.sf_comms.lowerleveluartname}")</constraint>
        </property>
        <header>
            /* UART Communications Framework Instance. */
            extern const sf_comms_instance_t ${module.framework.sf_comms.name};
        </header>
		<includes>#include &quot;sf_uart_comms.h&quot;
        </includes>
		<declarations>sf_comms_ctrl_t ${module.framework.sf_comms.name}_ctrl;
static sf_uart_comms_ctrl_t ${module.framework.sf_comms.name}_ctrl_extend;
static const sf_uart_comms_cfg_t ${module.framework.sf_comms.name}_cfg_extend =
{
	.p_lower_lvl_uart = &amp;${module.framework.sf_comms.lowerleveluartname},
	.p_ctrl = &amp;${module.framework.sf_comms.name}_ctrl_extend,
};
static const sf_comms_cfg_t ${module.framework.sf_comms.name}_cfg =
{
    .p_extend = &amp;${module.framework.sf_comms.name}_cfg_extend,
};
/* Instance structure to use this module. */
const sf_comms_instance_t ${module.framework.sf_comms.name} = 
{
    .p_ctrl        = &amp;${module.framework.sf_comms.name}_ctrl,
    .p_cfg         = &amp;${module.framework.sf_comms.name}_cfg,
    .p_api         = &amp;g_sf_comms_on_sf_uart_comms
};
</declarations>
        <init>
            ssp_err_t ssp_err_${module.framework.sf_comms.name};
            ssp_err_${module.framework.sf_comms.name} = ${module.framework.sf_comms.name}.p_api->open(${module.framework.sf_comms.name}.p_ctrl, ${module.framework.sf_comms.name}.p_cfg);
            if (SSP_SUCCESS != ssp_err_${module.framework.sf_comms.name})
            {
                while (1);
            }
        </init>
	</module>
</synergyModuleDescription>
