<?xml version="1.0" ?>
<synergyModuleDescription>
    <config id="config.framework.thread_monitor" path="ssp_cfg/framework/sf_thread_monitor_cfg.h" version="0">
        <property id="config.framework.thread_monitor.param_checking_enable" display="Parameter Checking" default="config.framework.thread_monitor.param_checking_enable.bsp">
            <option id="config.framework.thread_monitor.param_checking_enable.bsp" display="Default (BSP)" value="BSP_CFG_PARAM_CHECKING_ENABLE" />
            <option id="config.framework.thread_monitor.param_checking_enable.enabled" display="Enabled" value="(1)" />
            <option id="config.framework.thread_monitor.param_checking_enable.disabled" display="Disabled" value="(0)" />
        </property>
        <property id="config.framework.thread_monitor.max_threads" display="Maximum Number of Monitored Threads" default="5">
            <constraint display="Value must be an integer">testInteger("${config.framework.thread_monitor.max_threads}")</constraint>
        </property>
        <property id="config.framework.thread_monitor.tx_ticks_per_second" display="Number of ThreadX Ticks Per Second" default="100">
            <constraint display="Value must be an integer">testInteger("${config.framework.thread_monitor.tx_ticks_per_second}")</constraint>
        </property>
        <content>
            #define THREAD_MONITOR_CFG_PARAM_CHECKING_ENABLE        (${config.framework.thread_monitor.param_checking_enable})
            #define THREAD_MONITOR_CFG_MAX_NUMBER_OF_THREADS        (${config.framework.thread_monitor.max_threads})
            #define THREAD_MONITOR_CFG_THREADX_TICKS_PER_SECOND     (${config.framework.thread_monitor.tx_ticks_per_second})
        </content>
    </config>
    <module id="module.framework.thread_monitor" config="config.framework.thread_monitor" display="Framework|Services|Thread Monitor Framework ${module.framework.thread_monitor.lowerlevelapi}" version="0">
        <constraint display="Requires one WDT Driver">
            "${interface.driver.${module.framework.thread_monitor.lowerlevelapi}}" === "1"
        </constraint>
        <requires interface="_rtos" />
        <requires interface="interface.driver.${module.framework.thread_monitor.lowerlevelapi}" />
        <provides interface="interface.framework.thread_monitor.${module.framework.thread_monitor.lowerlevelapi}" />
        <property id="module.framework.thread_monitor.lowerlevelapi" display="Peripheral device" default="module.framework.thread_monitor.lowerlevelapi.wdt">
            <option display="on WDT" id="module.framework.thread_monitor.lowerlevelapi.wdt" value="wdt"/>
            <option display="on IWDT" id="module.framework.sf_thread_monitor.lowerlevelapi.iwdt" value="iwdt"/>
        </property>
        <property id="module.framework.thread_monitor.profiling_mode_enable" display="Profiling Mode" default="module.framework.thread_monitor.profiling_mode_enable.disabled">
            <option id="module.framework.thread_monitor.profiling_mode_enable.enabled" display="Enabled" value="true" />
            <option id="module.framework.thread_monitor.profiling_mode_enable.disabled" display="Disabled" value="false" />
        </property>
        <property display="Thread Monitor Thread Priority" id="module.framework.thread_monitor.priority" default="1">
		</property>
        <property default="g_sf_thread_monitor" display="Name" id="module.framework.sf_thread_monitor.name">
            <constraint display="Name must be a valid C symbol">testSymbol("${module.framework.sf_thread_monitor.name}")</constraint>
        </property>
		<header>
		  extern sf_thread_monitor_ctrl_t g_ctrl_thread_monitor_${module.framework.thread_monitor.lowerlevelapi};
		</header>
		<includes>
			#include "sf_thread_monitor.h"
		</includes>
		<macros>
        </macros>
		<declarations>
			sf_thread_monitor_ctrl_t g_ctrl_thread_monitor_${module.framework.thread_monitor.lowerlevelapi};

            static sf_thread_monitor_cfg_t g_sf_thread_monitor_cfg_${module.framework.thread_monitor.lowerlevelapi} =
			{
				.p_lower_lvl_wdt = (wdt_instance_t * const)&amp;g_${module.framework.thread_monitor.lowerlevelapi},
                .priority = ${module.framework.thread_monitor.priority},
                .profiling_mode_enabled = ${module.framework.thread_monitor.profiling_mode_enable}
			};
            /* Instance structure to use this module. */
            const sf_thread_monitor_instance_t ${module.framework.sf_thread_monitor.name} =
            {
                .p_ctrl        = &amp;g_ctrl_thread_monitor_${module.framework.thread_monitor.lowerlevelapi},
                .p_cfg         = &amp;g_sf_thread_monitor_cfg_${module.framework.thread_monitor.lowerlevelapi},
                .p_api         = (sf_thread_monitor_api_t * const)&amp;g_sf_thread_monitor_on_sf_thread_monitor
            };
		</declarations>
		<init>
			ssp_err_t sf_thread_monitor_err_${module.framework.thread_monitor.lowerlevelapi};
			sf_thread_monitor_err_${module.framework.thread_monitor.lowerlevelapi} = ${module.framework.sf_thread_monitor.name}.p_api->open(&amp;g_ctrl_thread_monitor_${module.framework.thread_monitor.lowerlevelapi}, &amp;g_sf_thread_monitor_cfg_${module.framework.thread_monitor.lowerlevelapi});
        </init>
    </module>
</synergyModuleDescription>
