<?xml version="1.0" ?>
<synergyModuleDescription>
	<config id="config.framework.sf_el_nx_comms" path="ssp_cfg/framework/sf_el_nx_comms_cfg.h" version="0">
		<property default="config.framework.sf_comms.param_checking_enable.bsp" display="Parameter Checking" id="config.framework.sf_comms.param_checking_enable">
            <option display="Default (BSP)" id="config.driver.sf_audio_playback.param_checking_enable.bsp" value="(BSP_CFG_PARAM_CHECKING_ENABLE)"/>
			<option display="Enabled" id="config.framework.sf_comms.param_checking_enable.enabled" value="(1)"/>
			<option display="Disabled" id="config.framework.sf_comms.param_checking_enable.disabled" value="(0)"/>
		</property>
		<content>#define SF_EL_NX_COMMS_CFG_PARAM_CHECKING_ENABLE ${config.framework.sf_comms.param_checking_enable}
</content>
	</config>
	<module config="config.framework.sf_el_nx_comms" display="Framework|Connectivity|${module.framework.sf_comms.name} Communications Framework on sf_el_nx_comms" id="module.framework.sf_comms" version="1">
        <constraint display="Requires one NetX Telnet Server Framework instance named ${module.framework.sf_comms.lowerlevelname}">
            "${interface.el.nx_telnet_server.${module.framework.sf_comms.lowerlevelname}}" === "1"
        </constraint>
        <constraint display="Requires one NetX Port ETHER Framework instance named ${module.framework.sf_comms.lowerleveldrivername}">
            "${interface.framework.sf_el_nx.${module.framework.sf_comms.lowerleveldrivername}}" === "1"
        </constraint>
        <requires interface="interface.el.nx_telnet_server.${module.framework.sf_comms.lowerlevelname}" />
        <requires interface="interface.framework.sf_el_nx.${module.framework.sf_comms.lowerleveldrivername}" >
			<override property="module.framework.sf_el_nx.channel" value="${module.framework.sf_comms.channel}"/>
		</requires>
        <requires interface="_rtos" />
        <provides interface="interface.framework.sf_comms.${module.framework.sf_comms.name}" />
        <property default="g_sf_comms" display="Name" id="module.framework.sf_comms.name">
            <constraint display="Name must be a valid C symbol">testSymbol("${module.framework.sf_comms.name}")</constraint>
        </property>
        <property id="module.framework.sf_comms.lowerlevelname" display="Lower Level Name" default="g_nx_telnet_server">
            <constraint display="Name must be a valid C symbol">testSymbol("${module.framework.sf_comms.lowerlevelname}")</constraint>
        </property>
        <property id="module.framework.sf_comms.lowerleveldrivername" display="Lower Level Driver Name" default="g_sf_el_nx">
            <constraint display="Name must be a valid C symbol">testSymbol("${module.framework.sf_comms.lowerleveldrivername}")</constraint>
        </property>
	    <property default="0" display="Channel" id="module.framework.sf_comms.channel">
			<constraint display="Value must be an integer between 0 and 1">testInteger("${module.framework.sf_comms.channel}")  &amp;&amp; ("${module.framework.sf_comms.channel}" &gt;= 0) &amp;&amp; ("${module.framework.sf_comms.channel}" &lt;= 1)</constraint>
        </property>
        <property default="192" display="IP Address Byte 1" id="module.framework.sf_comms.ip1">
            <constraint display="Value must be between 0 and 255">testInteger("${module.framework.sf_comms.ip1}")  &amp;&amp; ("${module.framework.sf_comms.ip1}" &gt;= 0)  &amp;&amp; ("${module.framework.sf_comms.ip1)</constraint>
        </property>
        <property default="168" display="IP Address Byte 2" id="module.framework.sf_comms.ip2">
            <constraint display="Value must be between 0 and 255">testInteger("${module.framework.sf_comms.ip2}")  &amp;&amp; ("${module.framework.sf_comms.ip2}" &gt;= 0)  &amp;&amp; ("${module.framework.sf_comms.ip2}" &lt;= 255)</constraint>
        </property>
        <property default="0" display="IP Address Byte 3" id="module.framework.sf_comms.ip3">
            <constraint display="Value must be between 0 and 255">testInteger("${module.framework.sf_comms.ip3}")  &amp;&amp; ("${module.framework.sf_comms.ip3}" &gt;= 0)  &amp;&amp; ("${module.framework.sf_comms.ip3}" &lt;= 255)</constraint>
        </property>
        <property default="0" display="IP Address Byte 4" id="module.framework.sf_comms.ip4">
            <constraint display="Value must be between 0 and 255">testInteger("${module.framework.sf_comms.ip4}")  &amp;&amp; ("${module.framework.sf_comms.ip4}" &gt;= 0)  &amp;&amp; ("${module.framework.sf_comms.ip4}" &lt;= 255)</constraint>
        </property>
        <property default="255" display="Subnet Mask Byte 1" id="module.framework.sf_comms.sn1">
            <constraint display="Value must be between 0 and 255">testInteger("${module.framework.sf_comms.sn1}")  &amp;&amp; ("${module.framework.sf_comms.sn1}" &gt;= 0)  &amp;&amp; ("${module.framework.sf_comms.sn1)</constraint>
        </property>
        <property default="255" display="Subnet Mask Byte 2" id="module.framework.sf_comms.sn2">
            <constraint display="Value must be between 0 and 255">testInteger("${module.framework.sf_comms.sn2}")  &amp;&amp; ("${module.framework.sf_comms.sn2}" &gt;= 0)  &amp;&amp; ("${module.framework.sf_comms.sn2}" &lt;= 255)</constraint>
        </property>
        <property default="255" display="Subnet Mask Byte 3" id="module.framework.sf_comms.sn3">
            <constraint display="Value must be between 0 and 255">testInteger("${module.framework.sf_comms.sn3}")  &amp;&amp; ("${module.framework.sf_comms.sn3}" &gt;= 0)  &amp;&amp; ("${module.framework.sf_comms.sn3}" &lt;= 255)</constraint>
        </property>
        <property default="0" display="Subnet Mask Byte 4" id="module.framework.sf_comms.sn4">
            <constraint display="Value must be between 0 and 255">testInteger("${module.framework.sf_comms.sn4}")  &amp;&amp; ("${module.framework.sf_comms.sn4}" &gt;= 0)  &amp;&amp; ("${module.framework.sf_comms.sn4}" &lt;= 255)</constraint>
        </property>
        <header>
            extern const sf_comms_instance_t ${module.framework.sf_comms.name};
        </header>
		<includes>#include &quot;sf_el_nx_comms.h&quot;
#include &quot;sf_comms_api.h&quot;</includes>
		<declarations>sf_comms_ctrl_t ${module.framework.sf_comms.name}_ctrl;
sf_el_nx_comms_on_comms_ctrl_t ${module.framework.sf_comms.name}_ctrl_extend;
extern  VOID nx_ether_driver_eth${module.framework.sf_comms.channel}(NX_IP_DRIVER*);
sf_el_nx_comms_on_comms_cfg_t ${module.framework.sf_comms.name}_cfg_extend =
{
    .p_ctrl   = &amp;${module.framework.sf_comms.name}_ctrl_extend,
	.ip_address = IP_ADDRESS(${module.framework.sf_comms.ip1},${module.framework.sf_comms.ip2},${module.framework.sf_comms.ip3},${module.framework.sf_comms.ip4}),
	.subnet_mask = IP_ADDRESS(${module.framework.sf_comms.sn1},${module.framework.sf_comms.sn2},${module.framework.sf_comms.sn3},${module.framework.sf_comms.sn4}),
	.driver   = nx_ether_driver_eth${module.framework.sf_comms.channel},
};
const sf_comms_cfg_t ${module.framework.sf_comms.name}_cfg =
{
    .p_extend = &amp;${module.framework.sf_comms.name}_cfg_extend,
};
/* Instance structure to use this module. */
const sf_comms_instance_t ${module.framework.sf_comms.name} = 
{
    .p_ctrl        = &amp;${module.framework.sf_comms.name}_ctrl,
    .p_cfg         = &amp;${module.framework.sf_comms.name}_cfg,
    .p_api         = &amp;g_sf_el_nx_comms_on_sf_comms
};
</declarations>
        <init>
            ssp_err_t ssp_err_${module.framework.sf_comms.name};
            ssp_err_${module.framework.sf_comms.name} = ${module.framework.sf_comms.name}.p_api->open(${module.framework.sf_comms.name}.p_ctrl, ${module.framework.sf_comms.name}.p_cfg);
            if (SSP_SUCCESS != ssp_err_${module.framework.sf_comms.name})
            {
                while (1);
            }
        </init>
	</module>
</synergyModuleDescription>
