<?xml version="1.0" ?>
<synergyModuleDescription>
    <config id="config.framework.sf_external_irq" path="ssp_cfg/framework/sf_external_irq_cfg.h" version="0">
        <property default="config.framework.sf_external_irq.param_checking_enable.bsp" display="Parameter Checking" id="config.framework.sf_external_irq.param_checking_enable">
            <option display="Default (BSP)" id="config.driver.sf_external_irq.param_checking_enable.bsp" value="(BSP_CFG_PARAM_CHECKING_ENABLE)"/>
            <option display="Enabled" id="config.framework.sf_external_irq.param_checking_enable.enabled" value="(1)"/>
            <option display="Disabled" id="config.framework.sf_external_irq.param_checking_enable.disabled" value="(0)"/>
        </property>
        <content>#define SF_EXTERNAL_IRQ_CFG_PARAM_CHECKING_ENABLE ${config.framework.sf_external_irq.param_checking_enable}
</content>
    </config>
    <module config="config.framework.sf_external_irq" display="Framework|Input|${module.framework.sf_external_irq.name} External IRQ Framework on sf_external_irq" id="module.framework.sf_external_irq_on_sf_external_irq" version="1">
        <constraint display="Requires one External IRQ Driver instance named ${module.framework.sf_external_irq.lowerlevelname}">
            "${interface.driver.external_irq.${module.framework.sf_external_irq.lowerlevelname}}" === "1"
        </constraint>
        <requires interface="interface.driver.external_irq.${module.framework.sf_external_irq.lowerlevelname}"/>
        <requires interface="_rtos" />
        <provides interface="interface.framework.sf_external_irq.${module.framework.sf_external_irq.name}"/>
        <property default="g_sf_external_irq" display="Name" id="module.framework.sf_external_irq.name">
            <constraint display="Name must be a valid C symbol">testSymbol("${module.framework.sf_external_irq.name}")</constraint>
        </property>
        <property default="module.framework.sf_external_irq.event.button_event_semaphore_put" display="Event" id="module.framework.sf_external_irq.event">
            <option display="None" id="module.framework.sf_external_irq.event.button_event_none" value="SF_EXTERNAL_IRQ_EVENT_NONE"/>
            <option display="Semaphore Put" id="module.framework.sf_external_irq.event.button_event_semaphore_put" value="SF_EXTERNAL_IRQ_EVENT_SEMAPHORE_PUT"/>
        </property>
        <property id="module.framework.sf_external_irq.lowerlevelapi" display="Lower Level Api" default="module.framework.sf_external_irq.lowerlevelapi.icu">
            <option display="ICU" id="module.framework.sf_external_irq.lowerlevelapi.icu" value="icu"/>
        </property>
        <property default="g_external_irq" display="Lower Level Name" id="module.framework.sf_external_irq.lowerlevelname">
            <constraint display="Name must be a valid C symbol">testSymbol("${module.framework.sf_external_irq.lowerlevelname}")</constraint>
        </property>
        <header>
            /** SF External IRQ on SF External IRQ Instance. */
            extern const sf_external_irq_instance_t ${module.framework.sf_external_irq.name};            
        </header>
        <includes>#include &quot;sf_external_irq.h&quot;</includes>
        <declarations>sf_external_irq_ctrl_t ${module.framework.sf_external_irq.name}_ctrl;
const sf_external_irq_cfg_t ${module.framework.sf_external_irq.name}_cfg =
{
    .event             = ${module.framework.sf_external_irq.event},
    .p_lower_lvl_irq   = &amp;${module.framework.sf_external_irq.lowerlevelname},  
};
/* Instance structure to use this module. */
const sf_external_irq_instance_t ${module.framework.sf_external_irq.name} = 
{
    .p_ctrl        = &amp;${module.framework.sf_external_irq.name}_ctrl,
    .p_cfg         = &amp;${module.framework.sf_external_irq.name}_cfg,
    .p_api         = &amp;g_sf_external_irq_on_sf_external_irq
};  
</declarations>
    </module>
</synergyModuleDescription>
