<?xml version="1.0" encoding="UTF-8" standalone="no"?>
<synergyConfiguration>
  <generalSettings>
    <option key="#Board#" value="board.dbsk_s7g2"/>
    <option key="CPU" value="S7G2"/>
    <option key="#TargetName#" value="R7FS7G27H2A01CFC"/>
    <option key="#RTOS#" value="Express Logic ThreadX"/>
    <option key="#pinconfiguration#" value="R7FS7G27H2A01CFC.pincfg"/>
    <option key="#SSPVersion#" value="1.0.0"/>
  </generalSettings>
  <synergyBspConfiguration>
    <config id="config.board.dbsk_s7g2">
      <property id="config.board.dbsk_s7g2.package" value="config.board.dbsk_s7g2.package.bd"/>
      <property id="config.board.dbsk_s7g2.memory" value="config.board.dbsk_s7g2.memory.h"/>
      <property id="config.board.dbsk_s7g2.core" value="config.board.dbsk_s7g2.group.g"/>
      <property id="config.board.dbsk_s7g2.series" value="config.board.dbsk_s7g2.series.7"/>
      <property id="config.board.dbsk_s7g2.main" value="0x2000"/>
      <property id="config.board.dbsk_s7g2.process" value="0"/>
      <property id="config.board.dbsk_s7g2.heap" value="0x400"/>
      <property id="config.board.dbsk_s7g2.ofs0" value="0xFFFFFFFF"/>
      <property id="config.board.dbsk_s7g2.ofs1" value="0xFFFFFFFF"/>
      <property id="config.board.dbsk_s7g2.mpu_pc0_enable" value="config.board.dbsk_s7g2.mpu_pc0_enable.disabled"/>
      <property id="config.board.dbsk_s7g2.mpu_pc0_start" value="0xFFFFFFFF"/>
      <property id="config.board.dbsk_s7g2.mpu_pc0_end" value="0xFFFFFFFF"/>
      <property id="config.board.dbsk_s7g2.mpu_pc1_enable" value="config.board.dbsk_s7g2.mpu_pc1_enable.disabled"/>
      <property id="config.board.dbsk_s7g2.mpu_pc1_start" value="0xFFFFFFFF"/>
      <property id="config.board.dbsk_s7g2.mpu_pc1_end" value="0xFFFFFFFF"/>
      <property id="config.board.dbsk_s7g2.mpu_reg0_enable" value="config.board.dbsk_s7g2.mpu_reg0_enable.disabled"/>
      <property id="config.board.dbsk_s7g2.mpu_reg0_start" value="0xFFFFFFFF"/>
      <property id="config.board.dbsk_s7g2.mpu_reg0_end" value="0xFFFFFFFF"/>
      <property id="config.board.dbsk_s7g2.mpu_reg1_enable" value="config.board.dbsk_s7g2.mpu_reg1_enable.disabled"/>
      <property id="config.board.dbsk_s7g2.mpu_reg1_start" value="0xFFFFFFFF"/>
      <property id="config.board.dbsk_s7g2.mpu_reg1_end" value="0xFFFFFFFF"/>
      <property id="config.board.dbsk_s7g2.mpu_reg2_enable" value="config.board.dbsk_s7g2.mpu_reg2_enable.disabled"/>
      <property id="config.board.dbsk_s7g2.mpu_reg2_start" value="0xFFFFFFFF"/>
      <property id="config.board.dbsk_s7g2.mpu_reg2_end" value="0xFFFFFFFF"/>
      <property id="config.board.dbsk_s7g2.mpu_reg3_enable" value="config.board.dbsk_s7g2.mpu_reg3_enable.disabled"/>
      <property id="config.board.dbsk_s7g2.mpu_reg3_start" value="0xFFFFFFFF"/>
      <property id="config.board.dbsk_s7g2.mpu_reg3_end" value="0xFFFFFFFF"/>
      <property id="config.board.dbsk_s7g2.id1" value="0xFFFFFFFF"/>
      <property id="config.board.dbsk_s7g2.id2" value="0xFFFFFFFF"/>
      <property id="config.board.dbsk_s7g2.id3" value="0xFFFFFFFF"/>
      <property id="config.board.dbsk_s7g2.id4" value="0xFFFFFFFF"/>
      <property id="config.board.common.vcc" value="3300"/>
      <property id="config.board.common.checking" value="config.board.common.checking.enabled"/>
      <property id="config.board.common.rtos" value="config.board.common.rtos.none"/>
      <property id="config.board.common.assert" value="config.board.common.assert.none"/>
      <property id="config.board.common.error_log" value="config.board.common.error_log.none"/>
    </config>
  </synergyBspConfiguration>
  <synergyClockConfiguration>
    <node id="board.clock.xtal.freq" mul="24000000" option="_edit"/>
    <node id="board.clock.pll.source" option="board.clock.pll.source.xtal"/>
    <node id="board.clock.hoco.freq" option="board.clock.hoco.freq.16m"/>
    <node id="board.clock.loco.freq" option="board.clock.loco.freq.32768"/>
    <node id="board.clock.moco.freq" option="board.clock.moco.freq.8m"/>
    <node id="board.clock.subclk.freq" option="board.clock.subclk.freq.32768"/>
    <node id="board.clock.pll.div" option="board.clock.pll.div.2"/>
    <node id="board.clock.pll.mul" option="board.clock.pll.mul.120"/>
    <node id="board.clock.pll.display" option="board.clock.pll.display.value"/>
    <node id="board.clock.clock.source" option="board.clock.clock.source.pll"/>
    <node id="board.clock.iclk.div" option="board.clock.iclk.div.1"/>
    <node id="board.clock.iclk.display" option="board.clock.iclk.display.value"/>
    <node id="board.clock.pclka.div" option="board.clock.pclka.div.2"/>
    <node id="board.clock.pclka.display" option="board.clock.pclka.display.value"/>
    <node id="board.clock.pclkb.div" option="board.clock.pclkb.div.4"/>
    <node id="board.clock.pclkb.display" option="board.clock.pclkb.display.value"/>
    <node id="board.clock.pclkc.div" option="board.clock.pclkc.div.4"/>
    <node id="board.clock.pclkc.display" option="board.clock.pclkc.display.value"/>
    <node id="board.clock.pclkd.div" option="board.clock.pclkd.div.2"/>
    <node id="board.clock.pclkd.display" option="board.clock.pclkd.display.value"/>
    <node id="board.clock.sdclkout.div" option="board.clock.sdclkout.div.1"/>
    <node id="board.clock.sdclkout.display" option="board.clock.sdclkout.display.value"/>
    <node id="board.clock.bclk.div" option="board.clock.bclk.div.2"/>
    <node id="board.clock.bclk.display" option="board.clock.bclk.display.value"/>
    <node id="board.clock.bclkout.div" option="board.clock.bclkout.div.2"/>
    <node id="board.clock.bclkout.display" option="board.clock.bclkout.display.value"/>
    <node id="board.clock.uclk.div" option="board.clock.uclk.div.3"/>
    <node id="board.clock.uclk.display" option="board.clock.uclk.display.value"/>
    <node id="board.clock.fclk.div" option="board.clock.fclk.div.4"/>
    <node id="board.clock.fclk.display" option="board.clock.fclk.display.value"/>
  </synergyClockConfiguration>
  <synergyComponentSelection>
    <component apiversion="" class="HAL Drivers" condition="" group="all" subgroup="r_cgc" variant="" vendor="Renesas" version="1.0.0">
      <description>Clock Generation Circuit: Provides=[CGC]</description>
      <originalPack>Renesas.Synergy.1.0.0.pack</originalPack>
    </component>
    <component apiversion="" class="HAL Drivers" condition="" group="all" subgroup="r_elc" variant="" vendor="Renesas" version="1.0.0">
      <description>Event Link Controller: Provides=[ELC]</description>
      <originalPack>Renesas.Synergy.1.0.0.pack</originalPack>
    </component>
    <component apiversion="" class="HAL Drivers" condition="" group="all" subgroup="r_ioport" variant="" vendor="Renesas" version="1.0.0">
      <description>I/O Port: Provides=[IO Port]</description>
      <originalPack>Renesas.Synergy.1.0.0.pack</originalPack>
    </component>
    <component apiversion="" class="BSP" condition="" group="USER" subgroup="dbsk_s7g2" variant="" vendor="Renesas" version="1.0.0">
      <description>Board Support Package for dbsk_s7g2</description>
      <originalPack>DiscBoards.1.0.0.pack</originalPack>
    </component>
    <component apiversion="" class="HAL Drivers" condition="" group="all" subgroup="r_agt" variant="" vendor="Renesas" version="1.0.0">
      <description>Asynchronous General Purpose Timer: Provides=[TIMER]</description>
      <originalPack>Renesas.Synergy.1.0.0.pack</originalPack>
    </component>
    <component apiversion="" class="HAL Drivers" condition="" group="all" subgroup="r_icu" variant="" vendor="Renesas" version="1.0.0">
      <description>External IRQ: Provides=[External IRQ]</description>
      <originalPack>Renesas.Synergy.1.0.0.pack</originalPack>
    </component>
    <component apiversion="" class="HAL Drivers" condition="" group="all" subgroup="r_sci_common" variant="" vendor="Renesas" version="1.0.0">
      <description>SCI Common: Provides=[SCI]</description>
      <originalPack>Renesas.Synergy.1.0.0.pack</originalPack>
    </component>
    <component apiversion="" class="HAL Drivers" condition="" group="all" subgroup="r_sci_spi" variant="" vendor="Renesas" version="1.0.0">
      <description>SCI SPI: Provides=[SPI] , Requires=[SCI Common]</description>
      <originalPack>Renesas.Synergy.1.0.0.pack</originalPack>
    </component>
    <component apiversion="" class="HAL Drivers" condition="" group="all" subgroup="r_sci_uart" variant="" vendor="Renesas" version="1.0.0">
      <description>SCI UART: Provides=[UART] , Requires=[SCI Common]</description>
      <originalPack>Renesas.Synergy.1.0.0.pack</originalPack>
    </component>
  </synergyComponentSelection>
  <synergyIcuConfiguration>
    <node id="board.icu.adc.adc0.scan_end" option="board.icu.common.irq.disabled"/>
    <node id="board.icu.adc.adc0.scan_end_b" option="board.icu.common.irq.disabled"/>
    <node id="board.icu.adc.adc0.window_a" option="board.icu.common.irq.disabled"/>
    <node id="board.icu.adc.adc0.window_b" option="board.icu.common.irq.disabled"/>
    <node id="board.icu.adc.adc0.compare_match" option="board.icu.common.irq.disabled"/>
    <node id="board.icu.adc.adc0.compare_mismatch" option="board.icu.common.irq.disabled"/>
    <node id="board.icu.adc.adc1.scan_end" option="board.icu.common.irq.disabled"/>
    <node id="board.icu.adc.adc1.scan_end_b" option="board.icu.common.irq.disabled"/>
    <node id="board.icu.adc.adc1.window_a" option="board.icu.common.irq.disabled"/>
    <node id="board.icu.adc.adc1.window_b" option="board.icu.common.irq.disabled"/>
    <node id="board.icu.adc.adc1.compare_match" option="board.icu.common.irq.disabled"/>
    <node id="board.icu.adc.adc1.compare_mismatch" option="board.icu.common.irq.disabled"/>
    <node id="board.icu.agt.agt0.int" option="board.icu.common.irq.priority10"/>
    <node id="board.icu.agt.agt0.compare_a" option="board.icu.common.irq.disabled"/>
    <node id="board.icu.agt.agt0.compare_b" option="board.icu.common.irq.disabled"/>
    <node id="board.icu.agt.agt1.int" option="board.icu.common.irq.disabled"/>
    <node id="board.icu.agt.agt1.compare_a" option="board.icu.common.irq.disabled"/>
    <node id="board.icu.agt.agt1.compare_b" option="board.icu.common.irq.disabled"/>
    <node id="board.icu.cac.frequency_error" option="board.icu.common.irq.disabled"/>
    <node id="board.icu.cac.measurement_end" option="board.icu.common.irq.disabled"/>
    <node id="board.icu.cac.overflow" option="board.icu.common.irq.disabled"/>
    <node id="board.icu.can.can0.error" option="board.icu.common.irq.disabled"/>
    <node id="board.icu.can.can0.fifo_rx" option="board.icu.common.irq.disabled"/>
    <node id="board.icu.can.can0.fifo_tx" option="board.icu.common.irq.disabled"/>
    <node id="board.icu.can.can0.mailbox_rx" option="board.icu.common.irq.disabled"/>
    <node id="board.icu.can.can0.mailbox_tx" option="board.icu.common.irq.disabled"/>
    <node id="board.icu.can.can1.error" option="board.icu.common.irq.disabled"/>
    <node id="board.icu.can.can1.fifo_rx" option="board.icu.common.irq.disabled"/>
    <node id="board.icu.can.can1.fifo_tx" option="board.icu.common.irq.disabled"/>
    <node id="board.icu.can.can1.mailbox_rx" option="board.icu.common.irq.disabled"/>
    <node id="board.icu.can.can1.mailbox_tx" option="board.icu.common.irq.disabled"/>
    <node id="board.icu.cgc.mosc_stop" option="board.icu.common.irq.disabled"/>
    <node id="board.icu.comp.hs_0" option="board.icu.common.irq.disabled"/>
    <node id="board.icu.comp.hs_1" option="board.icu.common.irq.disabled"/>
    <node id="board.icu.comp.hs_2" option="board.icu.common.irq.disabled"/>
    <node id="board.icu.comp.hs_3" option="board.icu.common.irq.disabled"/>
    <node id="board.icu.comp.hs_4" option="board.icu.common.irq.disabled"/>
    <node id="board.icu.comp.hs_5" option="board.icu.common.irq.disabled"/>
    <node id="board.icu.ctsu.write" option="board.icu.common.irq.disabled"/>
    <node id="board.icu.ctsu.read" option="board.icu.common.irq.disabled"/>
    <node id="board.icu.ctsu.end" option="board.icu.common.irq.disabled"/>
    <node id="board.icu.divider.int" option="board.icu.common.irq.disabled"/>
    <node id="board.icu.dmac.dmac0.int" option="board.icu.common.irq.disabled"/>
    <node id="board.icu.dmac.dmac1.int" option="board.icu.common.irq.disabled"/>
    <node id="board.icu.dmac.dmac2.int" option="board.icu.common.irq.disabled"/>
    <node id="board.icu.dmac.dmac3.int" option="board.icu.common.irq.disabled"/>
    <node id="board.icu.dmac.dmac4.int" option="board.icu.common.irq.disabled"/>
    <node id="board.icu.dmac.dmac5.int" option="board.icu.common.irq.disabled"/>
    <node id="board.icu.dmac.dmac6.int" option="board.icu.common.irq.disabled"/>
    <node id="board.icu.dmac.dmac7.int" option="board.icu.common.irq.disabled"/>
    <node id="board.icu.doc.int" option="board.icu.common.irq.disabled"/>
    <node id="board.icu.drw.int" option="board.icu.common.irq.disabled"/>
    <node id="board.icu.dtc.complete" option="board.icu.common.irq.disabled"/>
    <node id="board.icu.dtc.end" option="board.icu.common.irq.disabled"/>
    <node id="board.icu.edmac.edmac0.eint" option="board.icu.common.irq.disabled"/>
    <node id="board.icu.edmac.edmac1.eint" option="board.icu.common.irq.disabled"/>
    <node id="board.icu.elc.software_event_0" option="board.icu.common.irq.disabled"/>
    <node id="board.icu.elc.software_event_1" option="board.icu.common.irq.disabled"/>
    <node id="board.icu.eptpc.ipls" option="board.icu.common.irq.disabled"/>
    <node id="board.icu.eptpc.mint" option="board.icu.common.irq.disabled"/>
    <node id="board.icu.eptpc.pint" option="board.icu.common.irq.disabled"/>
    <node id="board.icu.eptpc.timer0_rise" option="board.icu.common.irq.disabled"/>
    <node id="board.icu.eptpc.timer1_rise" option="board.icu.common.irq.disabled"/>
    <node id="board.icu.eptpc.timer2_rise" option="board.icu.common.irq.disabled"/>
    <node id="board.icu.eptpc.timer3_rise" option="board.icu.common.irq.disabled"/>
    <node id="board.icu.eptpc.timer4_rise" option="board.icu.common.irq.disabled"/>
    <node id="board.icu.eptpc.timer5_rise" option="board.icu.common.irq.disabled"/>
    <node id="board.icu.eptpc.timer0_fall" option="board.icu.common.irq.disabled"/>
    <node id="board.icu.eptpc.timer1_fall" option="board.icu.common.irq.disabled"/>
    <node id="board.icu.eptpc.timer2_fall" option="board.icu.common.irq.disabled"/>
    <node id="board.icu.eptpc.timer3_fall" option="board.icu.common.irq.disabled"/>
    <node id="board.icu.eptpc.timer4_fall" option="board.icu.common.irq.disabled"/>
    <node id="board.icu.eptpc.timer5_fall" option="board.icu.common.irq.disabled"/>
    <node id="board.icu.fcu.fiferr" option="board.icu.common.irq.disabled"/>
    <node id="board.icu.fcu.frdyi" option="board.icu.common.irq.disabled"/>
    <node id="board.icu.glcdc.line_detect" option="board.icu.common.irq.disabled"/>
    <node id="board.icu.glcdc.underflow_1" option="board.icu.common.irq.disabled"/>
    <node id="board.icu.glcdc.underflow_2" option="board.icu.common.irq.disabled"/>
    <node id="board.icu.gpt.gpt0.capture_compare_a" option="board.icu.common.irq.disabled"/>
    <node id="board.icu.gpt.gpt0.capture_compare_b" option="board.icu.common.irq.disabled"/>
    <node id="board.icu.gpt.gpt0.compare_c" option="board.icu.common.irq.disabled"/>
    <node id="board.icu.gpt.gpt0.compare_d" option="board.icu.common.irq.disabled"/>
    <node id="board.icu.gpt.gpt0.compare_e" option="board.icu.common.irq.disabled"/>
    <node id="board.icu.gpt.gpt0.compare_f" option="board.icu.common.irq.disabled"/>
    <node id="board.icu.gpt.gpt0.counter_overflow" option="board.icu.common.irq.disabled"/>
    <node id="board.icu.gpt.gpt0.counter_underflow" option="board.icu.common.irq.disabled"/>
    <node id="board.icu.gpt.gpt0.ad_trig_a" option="board.icu.common.irq.disabled"/>
    <node id="board.icu.gpt.gpt0.ad_trig_b" option="board.icu.common.irq.disabled"/>
    <node id="board.icu.gpt.gpt1.capture_compare_a" option="board.icu.common.irq.disabled"/>
    <node id="board.icu.gpt.gpt1.capture_compare_b" option="board.icu.common.irq.disabled"/>
    <node id="board.icu.gpt.gpt1.compare_c" option="board.icu.common.irq.disabled"/>
    <node id="board.icu.gpt.gpt1.compare_d" option="board.icu.common.irq.disabled"/>
    <node id="board.icu.gpt.gpt1.compare_e" option="board.icu.common.irq.disabled"/>
    <node id="board.icu.gpt.gpt1.compare_f" option="board.icu.common.irq.disabled"/>
    <node id="board.icu.gpt.gpt1.counter_overflow" option="board.icu.common.irq.disabled"/>
    <node id="board.icu.gpt.gpt1.counter_underflow" option="board.icu.common.irq.disabled"/>
    <node id="board.icu.gpt.gpt1.ad_trig_a" option="board.icu.common.irq.disabled"/>
    <node id="board.icu.gpt.gpt1.ad_trig_b" option="board.icu.common.irq.disabled"/>
    <node id="board.icu.gpt.gpt2.capture_compare_a" option="board.icu.common.irq.disabled"/>
    <node id="board.icu.gpt.gpt2.capture_compare_b" option="board.icu.common.irq.disabled"/>
    <node id="board.icu.gpt.gpt2.compare_c" option="board.icu.common.irq.disabled"/>
    <node id="board.icu.gpt.gpt2.compare_d" option="board.icu.common.irq.disabled"/>
    <node id="board.icu.gpt.gpt2.compare_e" option="board.icu.common.irq.disabled"/>
    <node id="board.icu.gpt.gpt2.compare_f" option="board.icu.common.irq.disabled"/>
    <node id="board.icu.gpt.gpt2.counter_overflow" option="board.icu.common.irq.disabled"/>
    <node id="board.icu.gpt.gpt2.counter_underflow" option="board.icu.common.irq.disabled"/>
    <node id="board.icu.gpt.gpt2.ad_trig_a" option="board.icu.common.irq.disabled"/>
    <node id="board.icu.gpt.gpt2.ad_trig_b" option="board.icu.common.irq.disabled"/>
    <node id="board.icu.gpt.gpt3.capture_compare_a" option="board.icu.common.irq.disabled"/>
    <node id="board.icu.gpt.gpt3.capture_compare_b" option="board.icu.common.irq.disabled"/>
    <node id="board.icu.gpt.gpt3.compare_c" option="board.icu.common.irq.disabled"/>
    <node id="board.icu.gpt.gpt3.compare_d" option="board.icu.common.irq.disabled"/>
    <node id="board.icu.gpt.gpt3.compare_e" option="board.icu.common.irq.disabled"/>
    <node id="board.icu.gpt.gpt3.compare_f" option="board.icu.common.irq.disabled"/>
    <node id="board.icu.gpt.gpt3.counter_overflow" option="board.icu.common.irq.disabled"/>
    <node id="board.icu.gpt.gpt3.counter_underflow" option="board.icu.common.irq.disabled"/>
    <node id="board.icu.gpt.gpt3.ad_trig_a" option="board.icu.common.irq.disabled"/>
    <node id="board.icu.gpt.gpt3.ad_trig_b" option="board.icu.common.irq.disabled"/>
    <node id="board.icu.gpt.gpt4.capture_compare_a" option="board.icu.common.irq.disabled"/>
    <node id="board.icu.gpt.gpt4.capture_compare_b" option="board.icu.common.irq.disabled"/>
    <node id="board.icu.gpt.gpt4.compare_c" option="board.icu.common.irq.disabled"/>
    <node id="board.icu.gpt.gpt4.compare_d" option="board.icu.common.irq.disabled"/>
    <node id="board.icu.gpt.gpt4.compare_e" option="board.icu.common.irq.disabled"/>
    <node id="board.icu.gpt.gpt4.compare_f" option="board.icu.common.irq.disabled"/>
    <node id="board.icu.gpt.gpt4.counter_overflow" option="board.icu.common.irq.disabled"/>
    <node id="board.icu.gpt.gpt4.counter_underflow" option="board.icu.common.irq.disabled"/>
    <node id="board.icu.gpt.gpt4.ad_trig_a" option="board.icu.common.irq.disabled"/>
    <node id="board.icu.gpt.gpt4.ad_trig_b" option="board.icu.common.irq.disabled"/>
    <node id="board.icu.gpt.gpt5.capture_compare_a" option="board.icu.common.irq.disabled"/>
    <node id="board.icu.gpt.gpt5.capture_compare_b" option="board.icu.common.irq.disabled"/>
    <node id="board.icu.gpt.gpt5.compare_c" option="board.icu.common.irq.disabled"/>
    <node id="board.icu.gpt.gpt5.compare_d" option="board.icu.common.irq.disabled"/>
    <node id="board.icu.gpt.gpt5.compare_e" option="board.icu.common.irq.disabled"/>
    <node id="board.icu.gpt.gpt5.compare_f" option="board.icu.common.irq.disabled"/>
    <node id="board.icu.gpt.gpt5.counter_overflow" option="board.icu.common.irq.disabled"/>
    <node id="board.icu.gpt.gpt5.counter_underflow" option="board.icu.common.irq.disabled"/>
    <node id="board.icu.gpt.gpt5.ad_trig_a" option="board.icu.common.irq.disabled"/>
    <node id="board.icu.gpt.gpt5.ad_trig_b" option="board.icu.common.irq.disabled"/>
    <node id="board.icu.gpt.gpt6.capture_compare_a" option="board.icu.common.irq.disabled"/>
    <node id="board.icu.gpt.gpt6.capture_compare_b" option="board.icu.common.irq.disabled"/>
    <node id="board.icu.gpt.gpt6.compare_c" option="board.icu.common.irq.disabled"/>
    <node id="board.icu.gpt.gpt6.compare_d" option="board.icu.common.irq.disabled"/>
    <node id="board.icu.gpt.gpt6.compare_e" option="board.icu.common.irq.disabled"/>
    <node id="board.icu.gpt.gpt6.compare_f" option="board.icu.common.irq.disabled"/>
    <node id="board.icu.gpt.gpt6.counter_overflow" option="board.icu.common.irq.disabled"/>
    <node id="board.icu.gpt.gpt6.counter_underflow" option="board.icu.common.irq.disabled"/>
    <node id="board.icu.gpt.gpt6.ad_trig_a" option="board.icu.common.irq.disabled"/>
    <node id="board.icu.gpt.gpt6.ad_trig_b" option="board.icu.common.irq.disabled"/>
    <node id="board.icu.gpt.gpt7.capture_compare_a" option="board.icu.common.irq.disabled"/>
    <node id="board.icu.gpt.gpt7.capture_compare_b" option="board.icu.common.irq.disabled"/>
    <node id="board.icu.gpt.gpt7.compare_c" option="board.icu.common.irq.disabled"/>
    <node id="board.icu.gpt.gpt7.compare_d" option="board.icu.common.irq.disabled"/>
    <node id="board.icu.gpt.gpt7.compare_e" option="board.icu.common.irq.disabled"/>
    <node id="board.icu.gpt.gpt7.compare_f" option="board.icu.common.irq.disabled"/>
    <node id="board.icu.gpt.gpt7.counter_overflow" option="board.icu.common.irq.disabled"/>
    <node id="board.icu.gpt.gpt7.counter_underflow" option="board.icu.common.irq.disabled"/>
    <node id="board.icu.gpt.gpt7.ad_trig_a" option="board.icu.common.irq.disabled"/>
    <node id="board.icu.gpt.gpt7.ad_trig_b" option="board.icu.common.irq.disabled"/>
    <node id="board.icu.gpt.gpt8.capture_compare_a" option="board.icu.common.irq.disabled"/>
    <node id="board.icu.gpt.gpt8.capture_compare_b" option="board.icu.common.irq.disabled"/>
    <node id="board.icu.gpt.gpt8.compare_c" option="board.icu.common.irq.disabled"/>
    <node id="board.icu.gpt.gpt8.compare_d" option="board.icu.common.irq.disabled"/>
    <node id="board.icu.gpt.gpt8.compare_e" option="board.icu.common.irq.disabled"/>
    <node id="board.icu.gpt.gpt8.compare_f" option="board.icu.common.irq.disabled"/>
    <node id="board.icu.gpt.gpt8.counter_overflow" option="board.icu.common.irq.disabled"/>
    <node id="board.icu.gpt.gpt8.counter_underflow" option="board.icu.common.irq.disabled"/>
    <node id="board.icu.gpt.gpt8.ad_trig_a" option="board.icu.common.irq.disabled"/>
    <node id="board.icu.gpt.gpt8.ad_trig_b" option="board.icu.common.irq.disabled"/>
    <node id="board.icu.gpt.gpt9.capture_compare_a" option="board.icu.common.irq.disabled"/>
    <node id="board.icu.gpt.gpt9.capture_compare_b" option="board.icu.common.irq.disabled"/>
    <node id="board.icu.gpt.gpt9.compare_c" option="board.icu.common.irq.disabled"/>
    <node id="board.icu.gpt.gpt9.compare_d" option="board.icu.common.irq.disabled"/>
    <node id="board.icu.gpt.gpt9.compare_e" option="board.icu.common.irq.disabled"/>
    <node id="board.icu.gpt.gpt9.compare_f" option="board.icu.common.irq.disabled"/>
    <node id="board.icu.gpt.gpt9.counter_overflow" option="board.icu.common.irq.disabled"/>
    <node id="board.icu.gpt.gpt9.counter_underflow" option="board.icu.common.irq.disabled"/>
    <node id="board.icu.gpt.gpt9.ad_trig_a" option="board.icu.common.irq.disabled"/>
    <node id="board.icu.gpt.gpt9.ad_trig_b" option="board.icu.common.irq.disabled"/>
    <node id="board.icu.gpt.gpt10.capture_compare_a" option="board.icu.common.irq.disabled"/>
    <node id="board.icu.gpt.gpt10.capture_compare_b" option="board.icu.common.irq.disabled"/>
    <node id="board.icu.gpt.gpt10.compare_c" option="board.icu.common.irq.disabled"/>
    <node id="board.icu.gpt.gpt10.compare_d" option="board.icu.common.irq.disabled"/>
    <node id="board.icu.gpt.gpt10.compare_e" option="board.icu.common.irq.disabled"/>
    <node id="board.icu.gpt.gpt10.compare_f" option="board.icu.common.irq.disabled"/>
    <node id="board.icu.gpt.gpt10.counter_overflow" option="board.icu.common.irq.disabled"/>
    <node id="board.icu.gpt.gpt10.counter_underflow" option="board.icu.common.irq.disabled"/>
    <node id="board.icu.gpt.gpt10.ad_trig_a" option="board.icu.common.irq.disabled"/>
    <node id="board.icu.gpt.gpt10.ad_trig_b" option="board.icu.common.irq.disabled"/>
    <node id="board.icu.gpt.gpt11.capture_compare_a" option="board.icu.common.irq.disabled"/>
    <node id="board.icu.gpt.gpt11.capture_compare_b" option="board.icu.common.irq.disabled"/>
    <node id="board.icu.gpt.gpt11.compare_c" option="board.icu.common.irq.disabled"/>
    <node id="board.icu.gpt.gpt11.compare_d" option="board.icu.common.irq.disabled"/>
    <node id="board.icu.gpt.gpt11.compare_e" option="board.icu.common.irq.disabled"/>
    <node id="board.icu.gpt.gpt11.compare_f" option="board.icu.common.irq.disabled"/>
    <node id="board.icu.gpt.gpt11.counter_overflow" option="board.icu.common.irq.disabled"/>
    <node id="board.icu.gpt.gpt11.counter_underflow" option="board.icu.common.irq.disabled"/>
    <node id="board.icu.gpt.gpt11.ad_trig_a" option="board.icu.common.irq.disabled"/>
    <node id="board.icu.gpt.gpt11.ad_trig_b" option="board.icu.common.irq.disabled"/>
    <node id="board.icu.gpt.gpt12.capture_compare_a" option="board.icu.common.irq.disabled"/>
    <node id="board.icu.gpt.gpt12.capture_compare_b" option="board.icu.common.irq.disabled"/>
    <node id="board.icu.gpt.gpt12.compare_c" option="board.icu.common.irq.disabled"/>
    <node id="board.icu.gpt.gpt12.compare_d" option="board.icu.common.irq.disabled"/>
    <node id="board.icu.gpt.gpt12.compare_e" option="board.icu.common.irq.disabled"/>
    <node id="board.icu.gpt.gpt12.compare_f" option="board.icu.common.irq.disabled"/>
    <node id="board.icu.gpt.gpt12.counter_overflow" option="board.icu.common.irq.disabled"/>
    <node id="board.icu.gpt.gpt12.counter_underflow" option="board.icu.common.irq.disabled"/>
    <node id="board.icu.gpt.gpt12.ad_trig_a" option="board.icu.common.irq.disabled"/>
    <node id="board.icu.gpt.gpt12.ad_trig_b" option="board.icu.common.irq.disabled"/>
    <node id="board.icu.gpt.gpt13.capture_compare_a" option="board.icu.common.irq.disabled"/>
    <node id="board.icu.gpt.gpt13.capture_compare_b" option="board.icu.common.irq.disabled"/>
    <node id="board.icu.gpt.gpt13.compare_c" option="board.icu.common.irq.disabled"/>
    <node id="board.icu.gpt.gpt13.compare_d" option="board.icu.common.irq.disabled"/>
    <node id="board.icu.gpt.gpt13.compare_e" option="board.icu.common.irq.disabled"/>
    <node id="board.icu.gpt.gpt13.compare_f" option="board.icu.common.irq.disabled"/>
    <node id="board.icu.gpt.gpt13.counter_overflow" option="board.icu.common.irq.disabled"/>
    <node id="board.icu.gpt.gpt13.counter_underflow" option="board.icu.common.irq.disabled"/>
    <node id="board.icu.gpt.gpt13.ad_trig_a" option="board.icu.common.irq.disabled"/>
    <node id="board.icu.gpt.gpt13.ad_trig_b" option="board.icu.common.irq.disabled"/>
    <node id="board.icu.gpt.gpt14.capture_compare_a" option="board.icu.common.irq.disabled"/>
    <node id="board.icu.gpt.gpt14.capture_compare_b" option="board.icu.common.irq.disabled"/>
    <node id="board.icu.gpt.gpt14.compare_c" option="board.icu.common.irq.disabled"/>
    <node id="board.icu.gpt.gpt14.compare_d" option="board.icu.common.irq.disabled"/>
    <node id="board.icu.gpt.gpt14.compare_e" option="board.icu.common.irq.disabled"/>
    <node id="board.icu.gpt.gpt14.compare_f" option="board.icu.common.irq.disabled"/>
    <node id="board.icu.gpt.gpt14.counter_overflow" option="board.icu.common.irq.disabled"/>
    <node id="board.icu.gpt.gpt14.counter_underflow" option="board.icu.common.irq.disabled"/>
    <node id="board.icu.gpt.gpt14.ad_trig_a" option="board.icu.common.irq.disabled"/>
    <node id="board.icu.gpt.gpt14.ad_trig_b" option="board.icu.common.irq.disabled"/>
    <node id="board.icu.gpt.gpt15.capture_compare_a" option="board.icu.common.irq.disabled"/>
    <node id="board.icu.gpt.gpt15.capture_compare_b" option="board.icu.common.irq.disabled"/>
    <node id="board.icu.gpt.gpt15.compare_c" option="board.icu.common.irq.disabled"/>
    <node id="board.icu.gpt.gpt15.compare_d" option="board.icu.common.irq.disabled"/>
    <node id="board.icu.gpt.gpt15.compare_e" option="board.icu.common.irq.disabled"/>
    <node id="board.icu.gpt.gpt15.compare_f" option="board.icu.common.irq.disabled"/>
    <node id="board.icu.gpt.gpt15.counter_overflow" option="board.icu.common.irq.disabled"/>
    <node id="board.icu.gpt.gpt15.counter_underflow" option="board.icu.common.irq.disabled"/>
    <node id="board.icu.gpt.gpt15.ad_trig_a" option="board.icu.common.irq.disabled"/>
    <node id="board.icu.gpt.gpt15.ad_trig_b" option="board.icu.common.irq.disabled"/>
    <node id="board.icu.icu.irq0" option="board.icu.common.irq.disabled"/>
    <node id="board.icu.icu.irq1" option="board.icu.common.irq.disabled"/>
    <node id="board.icu.icu.irq2" option="board.icu.common.irq.disabled"/>
    <node id="board.icu.icu.irq3" option="board.icu.common.irq.disabled"/>
    <node id="board.icu.icu.irq4" option="board.icu.common.irq.priority7"/>
    <node id="board.icu.icu.irq5" option="board.icu.common.irq.disabled"/>
    <node id="board.icu.icu.irq6" option="board.icu.common.irq.priority7"/>
    <node id="board.icu.icu.irq7" option="board.icu.common.irq.disabled"/>
    <node id="board.icu.icu.irq8" option="board.icu.common.irq.disabled"/>
    <node id="board.icu.icu.irq9" option="board.icu.common.irq.disabled"/>
    <node id="board.icu.icu.irq10" option="board.icu.common.irq.disabled"/>
    <node id="board.icu.icu.irq11" option="board.icu.common.irq.disabled"/>
    <node id="board.icu.icu.irq12" option="board.icu.common.irq.disabled"/>
    <node id="board.icu.icu.irq13" option="board.icu.common.irq.disabled"/>
    <node id="board.icu.icu.irq14" option="board.icu.common.irq.disabled"/>
    <node id="board.icu.icu.irq15" option="board.icu.common.irq.disabled"/>
    <node id="board.icu.icu.snooze_cancel" option="board.icu.common.irq.disabled"/>
    <node id="board.icu.iic.iic0.rxi" option="board.icu.common.irq.disabled"/>
    <node id="board.icu.iic.iic0.txi" option="board.icu.common.irq.disabled"/>
    <node id="board.icu.iic.iic0.tei" option="board.icu.common.irq.disabled"/>
    <node id="board.icu.iic.iic0.eri" option="board.icu.common.irq.disabled"/>
    <node id="board.icu.iic.iic0.wui" option="board.icu.common.irq.disabled"/>
    <node id="board.icu.iic.iic1.rxi" option="board.icu.common.irq.disabled"/>
    <node id="board.icu.iic.iic1.txi" option="board.icu.common.irq.disabled"/>
    <node id="board.icu.iic.iic1.tei" option="board.icu.common.irq.disabled"/>
    <node id="board.icu.iic.iic1.eri" option="board.icu.common.irq.disabled"/>
    <node id="board.icu.iic.iic2.rxi" option="board.icu.common.irq.disabled"/>
    <node id="board.icu.iic.iic2.txi" option="board.icu.common.irq.disabled"/>
    <node id="board.icu.iic.iic2.tei" option="board.icu.common.irq.disabled"/>
    <node id="board.icu.iic.iic2.eri" option="board.icu.common.irq.disabled"/>
    <node id="board.icu.ioport.event_1" option="board.icu.common.irq.disabled"/>
    <node id="board.icu.ioport.event_2" option="board.icu.common.irq.disabled"/>
    <node id="board.icu.ioport.event_3" option="board.icu.common.irq.disabled"/>
    <node id="board.icu.ioport.event_4" option="board.icu.common.irq.disabled"/>
    <node id="board.icu.iwdt.underflow" option="board.icu.common.irq.disabled"/>
    <node id="board.icu.jpeg.jedi" option="board.icu.common.irq.disabled"/>
    <node id="board.icu.jpeg.jdti" option="board.icu.common.irq.disabled"/>
    <node id="board.icu.key.int" option="board.icu.common.irq.disabled"/>
    <node id="board.icu.lpm.snooze_request" option="board.icu.common.irq.disabled"/>
    <node id="board.icu.lvd.lvd1" option="board.icu.common.irq.disabled"/>
    <node id="board.icu.lvd.lvd2" option="board.icu.common.irq.disabled"/>
    <node id="board.icu.ops.uvw_edge" option="board.icu.common.irq.disabled"/>
    <node id="board.icu.pdc.receive_data_ready" option="board.icu.common.irq.disabled"/>
    <node id="board.icu.pdc.frame_end" option="board.icu.common.irq.disabled"/>
    <node id="board.icu.pdc.int" option="board.icu.common.irq.disabled"/>
    <node id="board.icu.poeg.poeg0.event" option="board.icu.common.irq.disabled"/>
    <node id="board.icu.poeg.poeg1.event" option="board.icu.common.irq.disabled"/>
    <node id="board.icu.poeg.poeg2.event" option="board.icu.common.irq.disabled"/>
    <node id="board.icu.poeg.poeg3.event" option="board.icu.common.irq.disabled"/>
    <node id="board.icu.qspi.int" option="board.icu.common.irq.disabled"/>
    <node id="board.icu.rtc.alarm" option="board.icu.common.irq.disabled"/>
    <node id="board.icu.rtc.period" option="board.icu.common.irq.disabled"/>
    <node id="board.icu.rtc.carry" option="board.icu.common.irq.disabled"/>
    <node id="board.icu.sce.proc_busy" option="board.icu.common.irq.disabled"/>
    <node id="board.icu.sce.romok" option="board.icu.common.irq.disabled"/>
    <node id="board.icu.sce.long_plg" option="board.icu.common.irq.disabled"/>
    <node id="board.icu.sce.test_busy" option="board.icu.common.irq.disabled"/>
    <node id="board.icu.sce.wrrdy_0" option="board.icu.common.irq.disabled"/>
    <node id="board.icu.sce.wrrdy_1" option="board.icu.common.irq.disabled"/>
    <node id="board.icu.sce.wrrdy_4" option="board.icu.common.irq.disabled"/>
    <node id="board.icu.sce.rdrdy_0" option="board.icu.common.irq.disabled"/>
    <node id="board.icu.sce.rdrdy_1" option="board.icu.common.irq.disabled"/>
    <node id="board.icu.sce.integrate_wrrdy" option="board.icu.common.irq.disabled"/>
    <node id="board.icu.sce.integrate_rdrdy" option="board.icu.common.irq.disabled"/>
    <node id="board.icu.sci.sci0.rxi" option="board.icu.common.irq.disabled"/>
    <node id="board.icu.sci.sci0.txi" option="board.icu.common.irq.disabled"/>
    <node id="board.icu.sci.sci0.tei" option="board.icu.common.irq.disabled"/>
    <node id="board.icu.sci.sci0.eri" option="board.icu.common.irq.disabled"/>
    <node id="board.icu.sci.sci0.am" option="board.icu.common.irq.disabled"/>
    <node id="board.icu.sci.sci0.rxi_or_eri" option="board.icu.common.irq.disabled"/>
    <node id="board.icu.sci.sci1.rxi" option="board.icu.common.irq.disabled"/>
    <node id="board.icu.sci.sci1.txi" option="board.icu.common.irq.disabled"/>
    <node id="board.icu.sci.sci1.tei" option="board.icu.common.irq.disabled"/>
    <node id="board.icu.sci.sci1.eri" option="board.icu.common.irq.disabled"/>
    <node id="board.icu.sci.sci1.am" option="board.icu.common.irq.disabled"/>
    <node id="board.icu.sci.sci2.rxi" option="board.icu.common.irq.priority6"/>
    <node id="board.icu.sci.sci2.txi" option="board.icu.common.irq.priority8"/>
    <node id="board.icu.sci.sci2.tei" option="board.icu.common.irq.priority6"/>
    <node id="board.icu.sci.sci2.eri" option="board.icu.common.irq.priority6"/>
    <node id="board.icu.sci.sci2.am" option="board.icu.common.irq.disabled"/>
    <node id="board.icu.sci.sci3.rxi" option="board.icu.common.irq.disabled"/>
    <node id="board.icu.sci.sci3.txi" option="board.icu.common.irq.disabled"/>
    <node id="board.icu.sci.sci3.tei" option="board.icu.common.irq.disabled"/>
    <node id="board.icu.sci.sci3.eri" option="board.icu.common.irq.disabled"/>
    <node id="board.icu.sci.sci3.am" option="board.icu.common.irq.disabled"/>
    <node id="board.icu.sci.sci4.rxi" option="board.icu.common.irq.disabled"/>
    <node id="board.icu.sci.sci4.txi" option="board.icu.common.irq.disabled"/>
    <node id="board.icu.sci.sci4.tei" option="board.icu.common.irq.disabled"/>
    <node id="board.icu.sci.sci4.eri" option="board.icu.common.irq.disabled"/>
    <node id="board.icu.sci.sci4.am" option="board.icu.common.irq.disabled"/>
    <node id="board.icu.sci.sci5.rxi" option="board.icu.common.irq.disabled"/>
    <node id="board.icu.sci.sci5.txi" option="board.icu.common.irq.disabled"/>
    <node id="board.icu.sci.sci5.tei" option="board.icu.common.irq.disabled"/>
    <node id="board.icu.sci.sci5.eri" option="board.icu.common.irq.disabled"/>
    <node id="board.icu.sci.sci5.am" option="board.icu.common.irq.disabled"/>
    <node id="board.icu.sci.sci6.rxi" option="board.icu.common.irq.priority6"/>
    <node id="board.icu.sci.sci6.txi" option="board.icu.common.irq.priority8"/>
    <node id="board.icu.sci.sci6.tei" option="board.icu.common.irq.priority6"/>
    <node id="board.icu.sci.sci6.eri" option="board.icu.common.irq.priority6"/>
    <node id="board.icu.sci.sci6.am" option="board.icu.common.irq.disabled"/>
    <node id="board.icu.sci.sci7.rxi" option="board.icu.common.irq.disabled"/>
    <node id="board.icu.sci.sci7.txi" option="board.icu.common.irq.disabled"/>
    <node id="board.icu.sci.sci7.tei" option="board.icu.common.irq.disabled"/>
    <node id="board.icu.sci.sci7.eri" option="board.icu.common.irq.disabled"/>
    <node id="board.icu.sci.sci7.am" option="board.icu.common.irq.disabled"/>
    <node id="board.icu.sci.sci8.rxi" option="board.icu.common.irq.disabled"/>
    <node id="board.icu.sci.sci8.txi" option="board.icu.common.irq.disabled"/>
    <node id="board.icu.sci.sci8.tei" option="board.icu.common.irq.disabled"/>
    <node id="board.icu.sci.sci8.eri" option="board.icu.common.irq.disabled"/>
    <node id="board.icu.sci.sci8.am" option="board.icu.common.irq.disabled"/>
    <node id="board.icu.sci.sci9.rxi" option="board.icu.common.irq.disabled"/>
    <node id="board.icu.sci.sci9.txi" option="board.icu.common.irq.disabled"/>
    <node id="board.icu.sci.sci9.tei" option="board.icu.common.irq.disabled"/>
    <node id="board.icu.sci.sci9.eri" option="board.icu.common.irq.disabled"/>
    <node id="board.icu.sci.sci9.am" option="board.icu.common.irq.disabled"/>
    <node id="board.icu.sdhimmc.sdhimmc0.accs" option="board.icu.common.irq.disabled"/>
    <node id="board.icu.sdhimmc.sdhimmc0.sdio" option="board.icu.common.irq.disabled"/>
    <node id="board.icu.sdhimmc.sdhimmc0.card" option="board.icu.common.irq.disabled"/>
    <node id="board.icu.sdhimmc.sdhimmc0.dma_req" option="board.icu.common.irq.disabled"/>
    <node id="board.icu.sdhimmc.sdhimmc1.accs" option="board.icu.common.irq.disabled"/>
    <node id="board.icu.sdhimmc.sdhimmc1.sdio" option="board.icu.common.irq.disabled"/>
    <node id="board.icu.sdhimmc.sdhimmc1.card" option="board.icu.common.irq.disabled"/>
    <node id="board.icu.sdhimmc.sdhimmc1.dma_req" option="board.icu.common.irq.disabled"/>
    <node id="board.icu.spi.spi0.rxi" option="board.icu.common.irq.disabled"/>
    <node id="board.icu.spi.spi0.txi" option="board.icu.common.irq.disabled"/>
    <node id="board.icu.spi.spi0.idle" option="board.icu.common.irq.disabled"/>
    <node id="board.icu.spi.spi0.eri" option="board.icu.common.irq.disabled"/>
    <node id="board.icu.spi.spi0.tei" option="board.icu.common.irq.disabled"/>
    <node id="board.icu.spi.spi1.rxi" option="board.icu.common.irq.disabled"/>
    <node id="board.icu.spi.spi1.txi" option="board.icu.common.irq.disabled"/>
    <node id="board.icu.spi.spi1.idle" option="board.icu.common.irq.disabled"/>
    <node id="board.icu.spi.spi1.eri" option="board.icu.common.irq.disabled"/>
    <node id="board.icu.spi.spi1.tei" option="board.icu.common.irq.disabled"/>
    <node id="board.icu.src.input_fifo_empty" option="board.icu.common.irq.disabled"/>
    <node id="board.icu.src.output_fifo_full" option="board.icu.common.irq.disabled"/>
    <node id="board.icu.src.output_fifo_overflow" option="board.icu.common.irq.disabled"/>
    <node id="board.icu.src.output_fifo_underflow" option="board.icu.common.irq.disabled"/>
    <node id="board.icu.src.conversion_end" option="board.icu.common.irq.disabled"/>
    <node id="board.icu.ssi.ssi0.txi" option="board.icu.common.irq.disabled"/>
    <node id="board.icu.ssi.ssi0.rxi" option="board.icu.common.irq.disabled"/>
    <node id="board.icu.ssi.ssi0.int" option="board.icu.common.irq.disabled"/>
    <node id="board.icu.ssi.ssi1.txi_rxi" option="board.icu.common.irq.disabled"/>
    <node id="board.icu.ssi.ssi1.int" option="board.icu.common.irq.disabled"/>
    <node id="board.icu.usbfs.fifo_0" option="board.icu.common.irq.disabled"/>
    <node id="board.icu.usbfs.fifo_1" option="board.icu.common.irq.disabled"/>
    <node id="board.icu.usbfs.int" option="board.icu.common.irq.disabled"/>
    <node id="board.icu.usbfs.resume" option="board.icu.common.irq.disabled"/>
    <node id="board.icu.usbhs.fifo_0" option="board.icu.common.irq.disabled"/>
    <node id="board.icu.usbhs.fifo_1" option="board.icu.common.irq.disabled"/>
    <node id="board.icu.usbhs.usb_int_resume" option="board.icu.common.irq.disabled"/>
    <node id="board.icu.wdt.underflow" option="board.icu.common.irq.disabled"/>
  </synergyIcuConfiguration>
  <synergyModuleConfiguration>
    <context id="_hal.1127531117">
      <module id="module.driver.cgc_on_cgc.193084466">
        <property id="module.driver.cgc.name" value="g_cgc"/>
      </module>
      <module id="module.driver.elc_on_elc.552666677">
        <property id="module.driver.elc.name" value="g_elc"/>
      </module>
      <module id="module.driver.ioport_on_ioport.387495814">
        <property id="module.driver.ioport.name" value="g_ioport"/>
      </module>
      <module id="module.driver.external_irq_on_icu.991799830">
        <property id="module.driver.external_irq.name" value="g_ext_irq4"/>
        <property id="module.driver.external_irq.channel" value="4"/>
        <property id="module.driver.external_irq.trigger" value="module.driver.external_irq.trigger.trig_falling"/>
        <property id="module.driver.external_irq.filter_enable" value="module.driver.external_irq.filter_enable.false"/>
        <property id="module.driver.external_irq.pclk_div" value="module.driver.external_irq.pclk_div.pclk_div_by_64"/>
        <property id="module.driver.external_irq.interrupt_enable" value="module.driver.external_irq.interrupt_enable.true"/>
        <property id="module.driver.external_irq.p_callback" value="callback_buttonS1"/>
      </module>
      <module id="module.driver.sci_common.521413680"/>
      <module id="module.driver.uart_on_sci_uart.1989178747">
        <property id="module.driver.uart.name" value="g_uart2"/>
        <property id="module.driver.uart.channel" value="2"/>
        <property id="module.driver.uart.baud_rate" value="115200"/>
        <property id="module.driver.uart.data_bits" value="module.driver.uart.data_bits.data_bits_8"/>
        <property id="module.driver.uart.parity" value="module.driver.uart.parity.parity_off"/>
        <property id="module.driver.uart.stop_bits" value="module.driver.uart.stop_bits.stop_bits_1"/>
        <property id="module.driver.uart.ctsrts_en" value="module.driver.uart.ctsrts_en.false"/>
        <property id="module.driver.uart.p_transfer_tx" value="NULL"/>
        <property id="module.driver.uart.p_transfer_rx" value="NULL"/>
        <property id="module.driver.uart.callback" value="callback_uart2"/>
        <property id="module.driver.uart.callback.rts_pin_ctrl" value="NULL"/>
        <property id="module.driver.uart.clk_src" value="module.driver.uart.clk_src.int_clk"/>
        <property id="module.driver.uart.baudclk_out" value="module.driver.uart.baudclk_out.false"/>
        <property id="module.driver.uart.rx_edge_start" value="module.driver.uart.rx_edge_start.true"/>
        <property id="module.driver.uart.noisecancel_en" value="module.driver.uart.noisecancel_en.false"/>
      </module>
      <module id="module.driver.timer_on_agt.1108317916">
        <property id="module.driver.timer.name" value="g_timer"/>
        <property id="module.driver.timer.channel" value="0"/>
        <property id="module.driver.timer.mode" value="module.driver.timer.mode.mode_periodic"/>
        <property id="module.driver.timer.period" value="1"/>
        <property id="module.driver.timer.unit" value="module.driver.timer.unit.unit_period_sec"/>
        <property id="module.driver.timer.autostart" value="module.driver.timer.autostart.true"/>
        <property id="module.driver.timer.count_source" value="module.driver.timer.count_source.clock_fsub"/>
        <property id="module.driver.timer.agto_output_enabled" value="module.driver.timer.agto_output_enabled.false"/>
        <property id="module.driver.timer.agtio_output_enabled" value="module.driver.timer.agtio_output_enabled.false"/>
        <property id="module.driver.timer.output_inverted" value="module.driver.timer.output_inverted.false"/>
        <property id="module.driver.timer.p_callback" value="callback_g_timer"/>
      </module>
      <module id="module.driver.external_irq_on_icu.1131367140">
        <property id="module.driver.external_irq.name" value="g_ext_irq6"/>
        <property id="module.driver.external_irq.channel" value="6"/>
        <property id="module.driver.external_irq.trigger" value="module.driver.external_irq.trigger.trig_both_edge"/>
        <property id="module.driver.external_irq.filter_enable" value="module.driver.external_irq.filter_enable.false"/>
        <property id="module.driver.external_irq.pclk_div" value="module.driver.external_irq.pclk_div.pclk_div_by_64"/>
        <property id="module.driver.external_irq.interrupt_enable" value="module.driver.external_irq.interrupt_enable.true"/>
        <property id="module.driver.external_irq.p_callback" value="callback_dbskPinP000"/>
      </module>
      <module id="module.driver.spi_on_sci_spi.1621772929">
        <property id="module.driver.spi.name" value="g_sci_spi6"/>
        <property id="module.driver.spi.channel" value="6"/>
        <property id="module.driver.spi.operating_mode" value="module.driver.spi.operating_mode.mode_master"/>
        <property id="module.driver.spi.clk_phase" value="module.driver.spi.clk_phase.clk_phase_edge_odd"/>
        <property id="module.driver.spi.clk_polarity" value="module.driver.spi.clk_polarity.clk_polarity_low"/>
        <property id="module.driver.spi.mode_fault" value="module.driver.spi.mode_fault.mode_fault_error_disable"/>
        <property id="module.driver.spi.bit_order" value="module.driver.spi.bit_order.bit_order_msb_first"/>
        <property id="module.driver.spi.bitrate" value="50000"/>
        <property id="module.driver.spi.p_callback" value="callback_sci_spi6"/>
      </module>
    </context>
    <config id="config.driver.sci_common">
      <property id="config.driver.sci_common.async" value="config.driver.sci_common.async.enabled"/>
      <property id="config.driver.sci_common.spi" value="config.driver.sci_common.spi.enabled"/>
      <property id="config.driver.sci_common.i2c" value="config.driver.sci_common.i2c.disabled"/>
    </config>
    <config id="config.driver.elc">
      <property id="config.driver.elc.checking" value="config.driver.elc.checking.system"/>
    </config>
    <config id="config.driver.cgc">
      <property id="config.driver.cgc.param_checking_enable" value="config.driver.gpt.param_checking_enable.bsp"/>
      <property id="config.driver.cgc.main_osc_wait" value="config.driver.cgc.main_osc_wait.wait_8163"/>
      <property id="config.driver.cgc.main_osc_clock_source" value="config.driver.cgc.main_osc_clock_source.crystal"/>
      <property id="config.driver.cgc.osc_stop_det_used" value="config.driver.cgc.osc_stop_det_used.enabled"/>
      <property id="config.driver.cgc.subclock_drive" value="config.driver.cgc.subclock_drive.standard"/>
    </config>
    <config id="config.driver.ioport">
      <property id="config.driver.ioport.checking" value="config.driver.ioport.checking.system"/>
    </config>
    <config id="config.driver.sci_uart">
      <property id="config.driver.sci_uart.external_rts_operation" value="config.driver.sci_uart.external_rts_operation.disabled"/>
      <property id="config.driver.sci_uart.uart_rx_enable" value="config.driver.sci_uart.uart_rx_enable.enabled"/>
      <property id="config.driver.sci_uart.uart_tx_enable" value="config.driver.sci_uart.uart_tx_enable.enabled"/>
      <property id="config.driver.sci_uart.param_checking_enable" value="config.driver.sci_uart.param_checking_enable.bsp"/>
    </config>
    <config id="config.driver.agt">
      <property id="config.driver.agt.param_checking_enable" value="config.driver.agt.param_checking_enable.bsp"/>
    </config>
    <config id="config.driver.sci_spi">
      <property id="config.driver.sci_spi.param_checking_enable" value="config.driver.sci_spi.param_checking_enable.bsp"/>
    </config>
    <config id="config.driver.icu">
      <property id="config.driver.icu.param_checking_enable" value="config.driver.icu.param_checking_enable.bsp"/>
    </config>
  </synergyModuleConfiguration>
</synergyConfiguration>
