<?xml version="1.0" ?>
<synergyModuleDescription>
	<config id="config.driver.flash_hp" path="driver/r_flash_cfg.h" version="1">
		<property default="config.driver.flash_hp.param_checking_enable.enabled" display="Parameter Checking" id="config.driver.flash_hp.param_checking_enable">
            <option display="Default (BSP)" id="config.flash_hp.param_checking_enable.bsp" value="(BSP_CFG_PARAM_CHECKING_ENABLED)"/>
			<option display="Enabled" id="config.driver.flash_hp.param_checking_enable.enabled" value="(1)"/>
			<option display="Disabled" id="config.driver.flash_hp.param_checking_enable.disabled" value="(0)"/>
		</property>
		<property default="config.driver.flash_hp.param_code_flash_programming_enable.enabled" display="Code Flash Programming Enable" id="config.driver.flash_hp.param_code_flash_programming_enable">
			<option display="Enabled" id="config.driver.flash_hp.param_code_flash_programming_enable.enabled" value="(1)"/>
			<option display="Disabled" id="config.driver.flash_hp.param_code_flash_programming_enable.disabled" value="(0)"/>
		</property>	
		<content>#define FLASH_CFG_PARAM_CHECKING_ENABLE ${config.driver.flash_hp.param_checking_enable}
		         #define FLASH_CFG_PARAM_CODE_FLASH_PROGRAMMING_ENABLE ${config.driver.flash_hp.param_code_flash_programming_enable}
		</content>
 	</config>
	<module config="config.driver.flash_hp" display="Flash HP Driver on FLASH" id="module.driver.flash_on_flash_hp" version="1">
       <provides interface="interface.driver.flash_hp.${module.driver.flash_on_flash_hp.name}" />
        <property default="g_flash_hp" display="Name" id="module.driver.flash_on_flash_hp.name">
			<constraint display="Name must be a valid C symbol">testSymbol("${module.driver.flash_on_flash_hp.name}")</constraint>
        </property>
     		<property default="module.driver.flash_on_flash_hp.data_flash_bgo.false" display="Data Flash Background Operation" id="module.driver.flash_on_flash_hp.data_flash_bgo">
			<option display="Enabled" id="module.driver.flash_on_flash_hp.data_flash_bgo.enabled" value="true"/>
			<option display="Disabled" id="module.driver.flash_on_flash_hp.data_flash_bgo.disabled" value="false"/>
		</property>
        <property default="NULL" display="Callback" id="module.driver.flash_on_flash_hp.p_callback">
			<constraint display="Name must be a valid C symbol">testSymbol("${module.driver.flash_on_flash_hp.p_callback}")</constraint>
        </property>
		
        <header>
            /* Flash on Flash HP Instance */
            extern const flash_instance_t ${module.driver.flash_on_flash_hp.name};
#ifdef ${module.driver.flash_on_flash_hp.p_callback}
#define FLASH_CALLBACK_USED (0)
#else
#define FLASH_CALLBACK_USED (1)
#endif
#if FLASH_CALLBACK_USED
void ${module.driver.flash_on_flash_hp.p_callback}(flash_callback_args_t * p_args);
#endif
        </header>
		
		<includes>#include &quot;r_flash_hp.h&quot;
#include &quot;r_flash_api.h&quot;</includes>
		<declarations>
#if FLASH_CALLBACK_USED
#if defined(__ICCARM__)
#define ${module.driver.flash_on_flash_hp.p_callback}_WEAK_ATTRIBUTE
#pragma weak ${module.driver.flash_on_flash_hp.p_callback}                            = ${module.driver.flash_on_flash_hp.p_callback}_internal
#elif defined(__GNUC__)
#define ${module.driver.flash_on_flash_hp.p_callback}_WEAK_ATTRIBUTE       __attribute__ ((weak, alias("${module.driver.flash_on_flash_hp.p_callback}_internal")))
#endif
void ${module.driver.flash_on_flash_hp.p_callback}(flash_callback_args_t * p_args) ${module.driver.flash_on_flash_hp.p_callback}_WEAK_ATTRIBUTE;
#endif
flash_ctrl_t ${module.driver.flash_on_flash_hp.name}_ctrl;
const flash_cfg_t ${module.driver.flash_on_flash_hp.name}_cfg =
{
    .data_flash_bgo      = ${module.driver.flash_on_flash_hp.data_flash_bgo},
    .p_callback          = ${module.driver.flash_on_flash_hp.p_callback},
    .p_context           = &amp;${module.driver.flash_on_flash_hp.name}
};
/* Instance structure to use this module. */
const flash_instance_t ${module.driver.flash_on_flash_hp.name} = 
{
    .p_ctrl        = &amp;${module.driver.flash_on_flash_hp.name}_ctrl,
    .p_cfg         = &amp;${module.driver.flash_on_flash_hp.name}_cfg,
    .p_api         = &amp;g_flash_on_flash_hp
};

#if FLASH_CALLBACK_USED
/*******************************************************************************************************************//**
 * @brief      This is a weak example callback function.  It should be overridden by defining a user callback function 
 *             with the prototype below.
 *               - void ${module.driver.flash_on_flash_hp.p_callback}(flash_callback_args_t * p_args)
 *
 *
 * @param[in]  p_args  Callback arguments used to identify what caused the callback.
 **********************************************************************************************************************/
void ${module.driver.flash_on_flash_hp.p_callback}_internal(flash_callback_args_t * p_args)
{
	/** Do nothing. */
}
#endif
</declarations>
	</module>
</synergyModuleDescription>
