<?xml version="1.0" encoding="UTF-8"?>

<synergyModuleDescription>
    <config id="config.el.gx" path="framework/el/gx_user.h" version="0">
        <property id="config.el.gx.disable_multithread_support" display="Disable Multithread Support" default="config.el.gx.disable_multithread_support.no" description="If your application has only one thread which utilizes the GUI API services, say yes to reduce system overhead.">
            <option id="config.el.gx.disable_multithread_support.yes" display="Yes" value="1" />
            <option id="config.el.gx.disable_multithread_support.no"  display="No(default)" value="0" />
        </property>
        <property id="config.el.gx.disable_utf8_support" display="Disable UTF8 Support" default="config.el.gx.disable_utf8_support.no" description="GUIX disables UTF8 support if you say yes.">
            <option id="config.el.gx.disable_utf8_support.yes" display="Yes" value="1" />
            <option id="config.el.gx.disable_utf8_support.no"  display="No(default)" value="0" />
        </property>
        <content>

#if (${config.el.gx.disable_multithread_support})
#define GUIX_DISABLE_MULTITHREAD_SUPPORT
#endif
#if (${config.el.gx.disable_utf8_support})
#define GX_DISABLE_UTF8_SUPPORT
#endif
        </content>
    </config>
    <module config="config.el.gx" display="GUIX" id="module.el.gx" version="1">
        <requires interface="_rtos" />
        <provides interface="interface.el.gx" />
    </module>
</synergyModuleDescription>