<?xml version="1.0" ?>
<synergyModuleDescription>
	<config id="config.framework.sf_uart" path="framework/sf_uart_cfg.h" version="0">
		<property default="config.framework.sf_uart.param_checking_enable.bsp" display="Parameter Checking" id="config.framework.sf_uart.param_checking_enable">
			<option display="Default (BSP)" id="config.framework.sf_uart.param_checking_enable.bsp" value="(BSP_CFG_PARAM_CHECKING_ENABLE)"/>
			<option display="Enabled" id="config.framework.sf_uart.param_checking_enable.enabled" value="(1)"/>
			<option display="Disabled" id="config.framework.sf_uart.param_checking_enable.disabled" value="(0)"/>
		</property>
		<property default="config.framework.sf_uart.included.enabled" display="Included" id="config.framework.sf_uart.included">
			<option display="Enabled" id="config.framework.sf_uart.included.enabled" value="(1)"/>
			<option display="Disabled" id="config.framework.sf_uart.included.disabled" value="(0)"/>
		</property>
		<content>#define SF_SCI_UART_CFG_PARAM_CHECKING_ENABLE ${config.framework.sf_uart.param_checking_enable}
#define SF_UART_CFG_INCLUDED ${config.framework.sf_uart.included}
</content>
	</config>
	<module config="config.framework.sf_uart" display="${module.framework.sf_uart_on_sf_uart.name} SF_UART Module on SF_UART" id="module.framework.sf_uart_on_sf_uart" version="1">
        <constraint display="Requires one UART Driver named ${module.framework.sf_uart_on_sf_uart.lowerleveluartname}">
            "${interface.driver.uart.${module.framework.sf_uart_on_sf_uart.lowerleveluartname}}" === "1"
        </constraint>
        <constraint display="Unique name required for each instance">
            "${interface.framework.sf_uart.${module.framework.sf_uart_on_sf_uart.name}}" === "1"
        </constraint>
        <requires interface="_rtos" />
        <requires interface="interface.driver.uart.${module.framework.sf_uart_on_sf_uart.lowerleveluartname}"/>
        <provides interface="interface.framework.sf_uart.${module.framework.sf_uart_on_sf_uart.name}" />
        <property default="g_sf_uart" display="Name" id="module.framework.sf_uart_on_sf_uart.name">
            <constraint display="Name must be a valid C symbol">testSymbol("${module.framework.sf_uart_on_sf_uart.name}")</constraint>
        </property>
        <property id="module.framework.sf_uart_on_sf_uart.lowerleveluartname" display="Lower Level UART Name" default="g_uart">
            <constraint display="Name must be a valid C symbol">testSymbol("${module.framework.sf_uart_on_sf_uart.lowerleveluartname}")</constraint>
        </property>
        <header>
            /* SF UART on SF UART Instance. */
            extern const sf_uart_instance_t ${module.framework.sf_uart_on_sf_uart.name};
        </header>
		<includes>#include &quot;sf_uart.h&quot;
        </includes>
		<declarations>sf_uart_ctrl_t ${module.framework.sf_uart_on_sf_uart.name}_ctrl;
const sf_uart_cfg_t ${module.framework.sf_uart_on_sf_uart.name}_cfg =
{
	.p_lower_lvl_uart = &amp;${module.framework.sf_uart_on_sf_uart.lowerleveluartname}
};
/* Instance structure to use this module. */
const sf_uart_instance_t ${module.framework.sf_uart_on_sf_uart.name} = 
{
    .p_ctrl        = &amp;${module.framework.sf_uart_on_sf_uart.name}_ctrl,
    .p_cfg         = &amp;${module.framework.sf_uart_on_sf_uart.name}_cfg,
    .p_api         = &amp;g_sf_uart_on_sf_uart
};
</declarations>
        <init>
            ssp_err_t ssp_err_${module.framework.sf_uart_on_sf_uart.name};
            ssp_err_${module.framework.sf_uart_on_sf_uart.name} = SF_UART_Open(&amp;${module.framework.sf_uart_on_sf_uart.name}, &amp;${module.framework.sf_uart_on_sf_uart.name}_cfg);
            if (SSP_SUCCESS != ssp_err_${module.framework.sf_uart_on_sf_uart.name})
            {
                while (1);
            }
        </init>
	</module>
</synergyModuleDescription>
