<?xml version="1.0" ?>
<synergyModuleDescription>
	<config id="config.driver.cac" path="driver/r_cac_cfg.h" version="1">
		<property default="config.driver.cac.param_checking_enable.enabled" display="Parameter Checking" id="config.driver.cac.param_checking_enable">
            <option display="Default (BSP)" id="config.cac.param_checking_enable.bsp" value="(BSP_CFG_PARAM_CHECKING_ENABLED)"/>
			<option display="Enabled" id="config.driver.cac.param_checking_enable.enabled" value="(1)"/>
			<option display="Disabled" id="config.driver.cac.param_checking_enable.disabled" value="(0)"/>
		</property>
		<content>#define CAC_CFG_PARAM_CHECKING_ENABLE ${config.driver.cac.param_checking_enable}
		</content>
 	</config>
	<module config="config.driver.cac" display="CAC Driver on CAC" id="module.driver.cac_on_cac" version="1">
       <provides interface="interface.driver.cac.${module.driver.cac_on_cac.name}" />
        <property default="g_cac" display="Name" id="module.driver.cac_on_cac.name">
			<constraint display="Name must be a valid C symbol">testSymbol("${module.driver.cac_on_cac.name}")</constraint>
        </property>
     		<property default="module.driver.cac_on_cac.continuous_mode.false" display="Continuous Measurement Operation" id="module.driver.cac_on_cac.continuous_mode">
			<option display="Enabled" id="module.driver.cac_on_cac.continuous_mode.enabled" value="true"/>
			<option display="Disabled" id="module.driver.cac_on_cac.continuous_mode.disabled" value="false"/>
		</property>
     	<property default="module.driver.cac_on_cac.mei_interrupt_enabled.false" display="Measurement Complete Interrupt" id="module.driver.cac_on_cac.mei_interrupt_enabled">
			<option display="Enabled" id="module.driver.cac_on_cac.mei_interrupt_enabled.enabled" value="true"/>
			<option display="Disabled" id="module.driver.cac_on_cac.mei_interrupt_enabled.disabled" value="false"/>
		</property>
     	<property default="module.driver.cac_on_cac.ovf_interrupt_enabled.false" display="Overflow Interrupt" id="module.driver.cac_on_cac.ovf_interrupt_enabled">
			<option display="Enabled" id="module.driver.cac_on_cac.ovf_interrupt_enabled.enabled" value="true"/>
			<option display="Disabled" id="module.driver.cac_on_cac.ovf_interrupt_enabled.disabled" value="false"/>
		</property>
     	<property default="module.driver.cac_on_cac.ferr_interrupt_enabled.false" display="Frequency Error Interrupt" id="module.driver.cac_on_cac.ferr_interrupt_enabled">
			<option display="Enabled" id="module.driver.cac_on_cac.ferr_interrupt_enabled.enabled" value="true"/>
			<option display="Disabled" id="module.driver.cac_on_cac.ferr_interrupt_enabled.disabled" value="false"/>
		</property>
     	<property default="0" display="Upper Limit Threshold" id="module.driver.cac_on_cac.cac_upper_limit">
			<constraint display="Value must be a non-negative integer">testInteger("${module.driver.cac_on_cac.cac_upper_limit}")  &amp;&amp; ("${module.driver.cac_on_cac.cac_upper_limit}" &gt;= 0)</constraint>
        </property>
     	<property default="0" display="Lower Limit Threshold" id="module.driver.cac_on_cac.cac_lower_limit">
			<constraint display="Value must be a non-negative integer">testInteger("${module.driver.cac_on_cac.cac_lower_limit}")  &amp;&amp; ("${module.driver.cac_on_cac.cac_lower_limit}" &gt;= 0)</constraint>
        </property>
		<property default="module.driver.cac_on_cac.cac_ref_clock.clock" display="Reference clock source" id="module.driver.cac_on_cac.cac_ref_clock.clock">
			<option display="Main Oscillator" id="module.driver.cac_on_cac.cac_ref_clock.clock" value="CAC_CLOCK_SOURCE_MAIN_OSC"/>
			<option display="Sub-clock" id="module.driver.cac_on_cac.cac_ref_clock.clock" value="CAC_CLOCK_SOURCE_SUBCLOCK"/>
			<option display="HOCO" id="module.driver.cac_on_cac.cac_ref_clock.clock" value="CAC_CLOCK_SOURCE_HOCO"/>
			<option display="MOCO" id="module.driver.cac_on_cac.cac_ref_clock.clock" value="CAC_CLOCK_SOURCE_MOCO"/>
			<option display="LOCO" id="module.driver.cac_on_cac.cac_ref_clock.clock" value="CAC_CLOCK_SOURCE_LOCO"/>
			<option display="PCLKB" id="module.driver.cac_on_cac.cac_ref_clock.clock" value="CAC_CLOCK_SOURCE_PCLKB"/>
			<option display="IWDT" id="module.driver.cac_on_cac.cac_ref_clock.clock" value="CAC_CLOCK_SOURCE_IWDT"/>
		</property>
		<property default="module.driver.cac_on_cac.cac_ref_clock.divider" display="Reference clock divider" id="module.driver.cac_on_cac.cac_ref_clock.divider">
			<option display="32" id="module.driver.cac_on_cac.cac_ref_clock.divider" value="CAC_REF_DIV_32"/>
			<option display="128" id="module.driver.cac_on_cac.cac_ref_clock.divider" value="CAC_REF_DIV_128"/>
			<option display="1024" id="module.driver.cac_on_cac.cac_ref_clock.divider" value="CAC_REF_DIV_1024"/>
			<option display="8192" id="module.driver.cac_on_cac.cac_ref_clock.divider" value="CAC_REF_DIV_8192"/>
		</property>
		<property default="module.driver.cac_on_cac.cac_ref_clock.edge" display="Reference clock edge detect" id="module.driver.cac_on_cac.cac_ref_clock.edge">
			<option display="Rising" id="module.driver.cac_on_cac.cac_ref_clock.edge" value="CAC_REF_EDGE_RISE"/>
			<option display="Falling" id="module.driver.cac_on_cac.cac_ref_clock.edge" value="CAC_REF_EDGE_FALL"/>
			<option display="Both" id="module.driver.cac_on_cac.cac_ref_clock.edge" value="CAC_REF_EDGE_BOTH"/>
		</property>
		<property default="module.driver.cac_on_cac.cac_ref_clock.digfilter" display="Reference clock digital filter" id="module.driver.cac_on_cac.cac_ref_clock.digfilter">
			<option display="Disabled" id="module.driver.cac_on_cac.cac_ref_clock.digfilter" value="CAC_REF_DIGITAL_FILTER_OFF"/>
			<option display="Sampling clock=Measuring freq" id="module.driver.cac_on_cac.cac_ref_clock.digfilter" value="CAC_REF_DIGITAL_FILTER_1"/>
			<option display="Sampling clock=Measuring freq/4" id="module.driver.cac_on_cac.cac_ref_clock.digfilter" value="CAC_REF_DIGITAL_FILTER_4"/>
			<option display="Sampling clock=Measuring freq/16" id="module.driver.cac_on_cac.cac_ref_clock.digfilter" value="CAC_REF_DIGITAL_FILTER_16"/>
		</property>		
		<property default="module.driver.cac_on_cac.cac_meas_clock.clock" display="Measurement clock source" id="module.driver.cac_on_cac.cac_meas_clock.clock">
			<option display="Main Oscillator" id="module.driver.cac_on_cac.cac_meas_clock.clock" value="CAC_CLOCK_SOURCE_MAIN_OSC"/>
			<option display="Sub-clock" id="module.driver.cac_on_cac.cac_meas_clock.clock" value="CAC_CLOCK_SOURCE_SUBCLOCK"/>
			<option display="HOCO" id="module.driver.cac_on_cac.cac_meas_clock.clock" value="CAC_CLOCK_SOURCE_HOCO"/>
			<option display="MOCO" id="module.driver.cac_on_cac.cac_meas_clock.clock" value="CAC_CLOCK_SOURCE_MOCO"/>
			<option display="LOCO" id="module.driver.cac_on_cac.cac_meas_clock.clock" value="CAC_CLOCK_SOURCE_LOCO"/>
			<option display="PCLKB" id="module.driver.cac_on_cac.cac_meas_clock.clock" value="CAC_CLOCK_SOURCE_PCLKB"/>
			<option display="IWDT" id="module.driver.cac_on_cac.cac_meas_clock.clock" value="CAC_CLOCK_SOURCE_IWDT"/>
			<option display="External" id="module.driver.cac_on_cac.cac_meas_clock.clock" value="CAC_CLOCK_SOURCE_EXTERNAL"/>
		</property>
		<property default="module.driver.cac_on_cac.cac_meas_clock.divider" display="Measurement clock divider" id="module.driver.cac_on_cac.cac_meas_clock.divider">
			<option display="1" id="module.driver.cac_on_cac.cac_meas_clock.divider" value="CAC_MEAS_DIV_1"/>
			<option display="4" id="module.driver.cac_on_cac.cac_meas_clock.divider" value="CAC_MEAS_DIV_4"/>
			<option display="8" id="module.driver.cac_on_cac.cac_meas_clock.divider" value="CAC_MEAS_DIV_8"/>
			<option display="32" id="module.driver.cac_on_cac.cac_meas_clock.divider" value="CAC_MEAS_DIV_32"/>
		</property>
		
        <property default="NULL" display="Callback" id="module.driver.cac_on_cac.p_callback">
			<constraint display="Name must be a valid C symbol">testSymbol("${module.driver.cac_on_cac.p_callback}")</constraint>
        </property>
		
        <header>
            extern  cac_ctrl_t ${module.driver.cac_on_cac.name};
            extern const cac_cfg_t ${module.driver.cac_on_cac.name}_cfg;
            extern const cac_api_t * ${module.driver.cac_on_cac.name}_api;
#ifdef ${module.driver.cac_on_cac.p_callback}
#define CAC_CALLBACK_USED (0)
#else
#define CAC_CALLBACK_USED (1)
#endif
#if CAC_CALLBACK_USED
void ${module.driver.cac_on_cac.p_callback}(cac_callback_args_t * p_args);
#endif
        </header>
		
		<includes>#include &quot;r_cac.h&quot;
#include &quot;r_cac_api.h&quot;</includes>
		<declarations>
#if CAC_CALLBACK_USED
#if defined(__ICCARM__)
#define ${module.driver.cac_on_cac.p_callback}_WEAK_ATTRIBUTE
#pragma weak ${module.driver.cac_on_cac.p_callback}                            = ${module.driver.cac_on_cac.p_callback}_internal
#elif defined(__GNUC__)
#define ${module.driver.cac_on_cac.p_callback}_WEAK_ATTRIBUTE       __attribute__ ((weak, alias("${module.driver.cac_on_cac.p_callback}_internal")))
#endif
void ${module.driver.cac_on_cac.p_callback}(cac_callback_args_t * p_args) ${module.driver.cac_on_cac.p_callback}_WEAK_ATTRIBUTE;
#endif
cac_ctrl_t ${module.driver.cac_on_cac.name};
const cac_cfg_t ${module.driver.cac_on_cac.name}_cfg =
{
    .continuous_mode      = ${module.driver.cac_on_cac.continuous_mode},
    .p_callback          = ${module.driver.cac_on_cac.p_callback},
    .p_context           = &amp;${module.driver.cac_on_cac.name}
};

#if CAC_CALLBACK_USED
/*******************************************************************************************************************//**
 * @brief      This is a weak example callback function.  It should be overridden by defining a user callback function 
 *             with the prototype below.
 *               - void ${module.driver.cac_on_cac.p_callback}(cac_callback_args_t * p_args)
 *
 *
 * @param[in]  p_args  Callback arguments used to identify what caused the callback.
 **********************************************************************************************************************/
void ${module.driver.cac_on_cac.p_callback}_internal(cac_callback_args_t * p_args)
{
	/** Do nothing. */
}
#endif
</declarations>
	</module>
</synergyModuleDescription>
