<?xml version="1.0" ?>
<synergyModuleDescription>
<!-- I2C Bus XML START here-->
	<module config="config.framework.sf_i2c_bus" display="${module.framework.sf_i2c_bus_on_sf_i2c.name} SF_I2C_BUS Module on SF_I2C_BUS" id="module.framework.sf_i2c_bus_on_sf_i2c" version="1">
	    <requires interface="_rtos" />
	    <provides interface="interface.framework.sf_i2c_bus.${module.framework.sf_i2c_bus_on_sf_i2c.name}" />
		<property default="g_sf_i2c_bus" display="Name" id="module.framework.sf_i2c_bus_on_sf_i2c.name">
            <constraint display="Name must be a valid C symbol">testSymbol("${module.framework.sf_i2c_bus_on_sf_i2c.name}")</constraint>
        </property>
        <property id="module.framework.sf_i2c_bus_on_sf_i2c.i2c_interface" display="I2C Implementation" default="module.framework.sf_i2c_bus_on_sf_i2c.i2c_interface.riic">
            <option display="SCI I2C" id="module.framework.sf_i2c_bus_on_sf_i2c.i2c_interface.sci" value="sci"/>
            <option display="RIIC" id="module.framework.sf_i2c_bus_on_sf_i2c.i2c_interface.riic" value="riic"/>
        </property>
	    <property default="0" display="Channel" id="module.framework.sf_i2c_bus_on_sf_i2c.channel">
            <constraint display="Value must be an integer between 0 and 9">testInteger("${module.framework.sf_i2c_bus_on_sf_i2c.channel}")  &amp;&amp; ("${module.framework.sf_i2c_bus_on_sf_i2c.channel}" &gt;= 0) &amp;&amp; ("${module.framework.sf_i2c_bus_on_sf_i2c.channel}" &lt;= 9)</constraint>			
        </property>
        <header>
            extern sf_i2c_bus_t ${module.framework.sf_i2c_bus_on_sf_i2c.name};
        </header>
		<declarations>
		static TX_MUTEX             sf_bus_mutex_${module.framework.sf_i2c_bus_on_sf_i2c.name};
		static TX_EVENT_FLAGS_GROUP sf_bus_eventflag_${module.framework.sf_i2c_bus_on_sf_i2c.name};
		static sf_i2c_ctrl_t      * sf_curr_ctrl_${module.framework.sf_i2c_bus_on_sf_i2c.name}; 
		sf_i2c_bus_t ${module.framework.sf_i2c_bus_on_sf_i2c.name} =
		{
			.p_bus_name       = (uint8_t *)&quot;${module.framework.sf_i2c_bus_on_sf_i2c.name}&quot;,
			.channel          = ${module.framework.sf_i2c_bus_on_sf_i2c.channel},
			.p_lock_mutex     = &amp;sf_bus_mutex_${module.framework.sf_i2c_bus_on_sf_i2c.name},
			.p_sync_eventflag = &amp;sf_bus_eventflag_${module.framework.sf_i2c_bus_on_sf_i2c.name},
			.pp_curr_ctrl     = (sf_i2c_ctrl_t **)&amp;sf_curr_ctrl_${module.framework.sf_i2c_bus_on_sf_i2c.name},
			.p_lower_lvl_api  = (i2c_api_master_t *)&amp;g_i2c_master_on_${module.framework.sf_i2c_bus_on_sf_i2c.i2c_interface},
			.device_count     = 0,
		};
</declarations>
	</module>
<!-- I2C Bus XML END here-->

<!-- I2C Framework XML START here-->
	<config id="config.framework.sf_i2c" path="framework/sf_i2c_cfg.h" version="0">
		<property default="config.framework.sf_i2c.param_checking_enable.enabled" display="Parameter Checking" id="config.framework.sf_i2c.param_checking_enable">
			<option display="Default (BSP)" id="config.framework.sf_i2c.param_checking_enable.bsp" value="(BSP_CFG_PARAM_CHECKING_ENABLE)"/>
			<option display="Enabled" id="config.framework.sf_i2c.param_checking_enable.enabled" value="(1)"/>
			<option display="Disabled" id="config.framework.sf_i2c.param_checking_enable.disabled" value="(0)"/>
		</property>
		<content>#define SF_I2C_CFG_PARAM_CHECKING_ENABLE ${config.framework.sf_i2c.param_checking_enable}
    </content>
	</config>
	<module config="config.framework.sf_i2c" display="${module.framework.sf_i2c_on_sf_i2c.name} SF_I2C Module on SF_I2C" id="module.framework.sf_i2c_on_sf_i2c" version="1">
        <constraint display="Requires one I2C driver named ${module.framework.sf_i2c_on_sf_i2c.lowerleveli2cname}">
            "${interface.driver.i2c.${module.framework.sf_i2c_on_sf_i2c.lowerleveli2cname}}" === "1"
        </constraint>
        <constraint display="Requires one Framework I2C Bus named ${module.framework.sf_i2c_on_sf_i2c.busname}">
            "${interface.framework.sf_i2c_bus.${module.framework.sf_i2c_on_sf_i2c.busname}}" === "1"
        </constraint>
        <requires interface="interface.driver.i2c.${module.framework.sf_i2c_on_sf_i2c.lowerleveli2cname}" />
		<requires interface="interface.framework.sf_i2c_bus.${module.framework.sf_i2c_on_sf_i2c.busname}" />
        <requires interface="_rtos" />
        <property default="g_sf_i2c_device" display="Name" id="module.framework.sf_i2c_on_sf_i2c.name">
            <constraint display="Name must be a valid C symbol">testSymbol("${module.framework.sf_i2c_on_sf_i2c.name}")</constraint>
        </property>
        <property id="module.framework.sf_i2c_on_sf_i2c.lowerleveli2cname" display="Lower Level I2C Configuration Name" default="g_i2c">
            <constraint display="Name must be a valid C symbol">testSymbol("${module.framework.sf_i2c_on_sf_i2c.lowerleveli2cname}")</constraint>
        </property>
        <property id="module.framework.sf_i2c_on_sf_i2c.busname" display="Bus Name" default="g_sf_i2c_bus">
            <constraint display="Name must be a valid C symbol">testSymbol("${module.framework.sf_i2c_on_sf_i2c.busname}")</constraint>
        </property>
        <header>
            /* SF I2C on SF I2C Instance. */
            extern const sf_i2c_instance_t ${module.framework.sf_i2c_on_sf_i2c.name};
        </header>
		<includes>#include &quot;sf_i2c.h&quot;
					#include &quot;sf_i2c_api.h&quot;
		</includes>
		<declarations>
sf_i2c_ctrl_t ${module.framework.sf_i2c_on_sf_i2c.name}_ctrl;
			const sf_i2c_cfg_t ${module.framework.sf_i2c_on_sf_i2c.name}_cfg =
			{
				.p_bus                    = (sf_i2c_bus_t *)&amp;${module.framework.sf_i2c_on_sf_i2c.busname},
				.p_lower_lvl_cfg          = &amp;${module.framework.sf_i2c_on_sf_i2c.lowerleveli2cname}_cfg,
			};
/* Instance structure to use this module. */
const sf_i2c_instance_t ${module.framework.sf_i2c_on_sf_i2c.name} = 
{
    .p_ctrl        = &amp;${module.framework.sf_i2c_on_sf_i2c.name}_ctrl,
    .p_cfg         = &amp;${module.framework.sf_i2c_on_sf_i2c.name}_cfg,
    .p_api         = &amp;g_sf_i2c_on_sf_i2c
};  
		</declarations>
<!-- I2C Framework XML END here-->
	</module>
</synergyModuleDescription>
