<?xml version="1.0" encoding="UTF-8"?>

<synergyModuleDescription>
    <config id="config.driver.byteq" path="driver/r_byteq_cfg.h" version="0">
        <property id="config.driver.byteq.checking" display="Parameter checking" default="config.driver.byteq.checking.system">
            <option id="config.driver.byteq.checking.system" display="Use system setting" value="(BSP_CFG_PARAM_CHECKING_ENABLE)" />
            <option id="config.driver.byteq.checking.enabled" display="Enabled" value="(1)" />
            <option id="config.driver.byteq.checking.disabled" display="Disabled" value="(0)" />
        </property>
        <content>
            #define BYTEQ_CFG_PARAM_CHECKING_ENABLE (${config.driver.byteq.checking})
        </content>
    </config>
    <module id="module.driver.byteq" config="config.driver.byteq" display="BYTEQ" version="0">
        <provides interface="interface.driver.byteq" />

        <includes>
            #include "r_byteq.h"
        </includes>

    </module>
</synergyModuleDescription>
