<?xml version="1.0" encoding="UTF-8"?>

<synergyModuleDescription>
    <config id="config.threadx.thread" path="framework/el/tx_user.h" version="0">
        <property id="config.threadx.thread.error_checking" display="Error Checking" default="config.threadx.thread.error_checking.enabled">
            <option id="config.threadx.thread.error_checking.enabled" display="Enabled (default)" value="1" />
            <option id="config.threadx.thread.error_checking.disabled" display="Disabled" value="0" />                
        </property>
        <property default="" display="Max Priorities" id="config.threadx.thread.max_priorities" description="Define the priority levels for ThreadX. Legal values range from 32 to 1024 and MUST be evenly divisible by 32.">
            <constraint display="Value must be a multiple of 32 or empty">("${config.threadx.thread.max_priorities}".length === 0) || ("${config.threadx.thread.max_priorities}" % 32 === 0)</constraint>
        </property>
        <property default="" display="Minimum Stack" id="config.threadx.thread.minimum_stack" description="Define the minimum stack for a ThreadX thread on this processor. If the size supplied during thread creation is less than this value, the thread create call will return an error.">
            <constraint display="Value must be greater than 0 or empty">("${config.threadx.thread.minimum_stack}".length === 0) || ("${config.threadx.thread.minimum_stack}" &gt; 0)</constraint>
        </property>
        <property default="" display="Timer Thread Stack Size" id="config.threadx.thread.timer_thread_stack_size" description="Define the system timer thread's default stack size and priority. These are only applicable if TX_TIMER_PROCESS_IN_ISR is disabled.">
            <constraint display="Value must be greater than 0 or empty">("${config.threadx.thread.timer_thread_stack_size}".length === 0) || ("${config.threadx.thread.timer_thread_stack_size}" &gt; 0)</constraint>
        </property>
        <property default="" display="Timer Thread Priority" id="config.threadx.thread.timer_thread_priority" description="Define the system timer thread's default stack size and priority. These are only applicable if TX_TIMER_PROCESS_IN_ISR is disabled.">
            <constraint display="Value must be greater than 0 or empty">("${config.threadx.thread.timer_thread_priority}".length === 0) || ("${config.threadx.thread.timer_thread_priority}" &gt; 0)</constraint>
        </property>
        <property default="" display="Trace Time Mask" id="config.threadx.thread.trace_time_mask" description="Enable interrupts">
            <constraint display="Value must be greater than 0 or empty">("${config.threadx.thread.trace_time_mask}".length === 0) || ("${config.threadx.thread.trace_time_mask}" &gt; 0)</constraint>
        </property>
        <property id="config.threadx.thread.timer_process_in_isr" display="Timer Process In ISR" default="config.threadx.thread.timer_process_in_isr.enabled" description="Determine if timer expirations (application timers, timeouts, and tx_thread_sleep calls should be processed within the a system timer thread or directly in the timer ISR. By default, the timer thread is used. When the following is enabled, the timer expiration processing is done directly from the timer ISR, thereby eliminating the timer thread control block, stack, and context switching to activate it.">
            <option id="config.threadx.thread.timer_process_in_isr.enabled" display="Enabled (default)" value="1" />
            <option id="config.threadx.thread.timer_process_in_isr.disabled" display="Disabled" value="0" />                
        </property>
        <property id="config.threadx.thread.reactivate_inline" display="Reactivate Inline" default="config.threadx.thread.reactivate_inline.disabled" description="Determine if in-line timer reactivation should be used within the timer expiration processing. By default, this is disabled and a function call is used. When the following is enabled, reactivating is performed in-line resulting in faster timer processing but slightly larger code size.">
            <option id="config.threadx.thread.reactivate_inline.enabled" display="Enabled" value="1" />
            <option id="config.threadx.thread.reactivate_inline.disabled" display="Disabled (default)" value="0" />                
        </property>
        <property id="config.threadx.thread.stack_filling" display="Stack Filling" default="config.threadx.thread.stack_filling.enabled" description="Determine is stack filling is enabled. By default, ThreadX stack filling is enabled, which places an 0xEF pattern in each byte of each thread's stack. This is used by debuggers with ThreadX-awareness and by the ThreadX run-time stack checking feature.">
            <option id="config.threadx.thread.stack_filling.enabled" display="Enabled (default)" value="1" />
            <option id="config.threadx.thread.stack_filling.disabled" display="Disabled" value="0" />                
        </property>
        <property id="config.threadx.thread.stack_checking" display="Stack Checking" default="config.threadx.thread.stack_checking.disabled" description="Determine whether or not stack checking is enabled. By default, ThreadX stack checking is disabled. When the following is enabled, ThreadX thread stack checking is enabled. If stack checking is enabled (TX_ENABLE_STACK_CHECKING is enabled), the TX_DISABLE_STACK_FILLING define is negated, thereby forcing the stack fill which is necessary for the stack checking logic.">
            <option id="config.threadx.thread.stack_checking.enabled" display="Enabled" value="1" />
            <option id="config.threadx.thread.stack_checking.disabled" display="Disabled (default)" value="0" />                
        </property>
        <property id="config.threadx.thread.preemption_threshold" display="Preemption Threshold" default="config.threadx.thread.preemption_threshold.disabled" description="Determine if preemption-threshold should be disabled. By default, preemption-threshold is enabled. If the application does not use preemption-threshold, it may be disabled to reduce code size and improve performance.">
            <option id="config.threadx.thread.preemption_threshold.enabled" display="Enabled" value="1" />
            <option id="config.threadx.thread.preemption_threshold.disabled" display="Disabled (default)" value="0" />                
        </property>
        <property id="config.threadx.thread.redundant_clearing" display="Redundant Clearing" default="config.threadx.thread.redundant_clearing.enabled" description="Determine if global ThreadX variables should be cleared. If the compiler startup code clears the .bss section prior to ThreadX running, the define can be used to eliminate unnecessary clearing of ThreadX global variables.">
            <option id="config.threadx.thread.redundant_clearing.enabled" display="Enabled (default)" value="1" />
            <option id="config.threadx.thread.redundant_clearing.disabled" display="Disabled" value="0" />                
        </property>
        <property id="config.threadx.thread.no_timer" display="No Timer" default="config.threadx.thread.no_timer.disabled" description="Determine if no timer processing is required. This option will help eliminate the timer processing when not needed. The user will also have to comment out the call to tx_timer_interrupt, which is typically made from assembly language in tx_initialize_low_level.">
            <option id="config.threadx.thread.no_timer.enabled" display="Enabled" value="1" />
            <option id="config.threadx.thread.no_timer.disabled" display="Disabled (default)" value="0" />                
        </property>
        <property id="config.threadx.thread.notify_callbacks" display="Notify Callbacks" default="config.threadx.thread.notify_callbacks.disabled" description="Determine if the notify callback option should be disabled. By default, notify callbacks are enabled. If the application does not use notify callbacks, they may be disabled to reduce code size and improve performance.">
            <option id="config.threadx.thread.notify_callbacks.enabled" display="Enabled" value="1" />
            <option id="config.threadx.thread.notify_callbacks.disabled" display="Disabled (default)" value="0" />                
        </property>
        <property id="config.threadx.thread.inline_thread_resume_suspend" display="Inline Thread Resume Suspend" default="config.threadx.thread.inline_thread_resume_suspend.disabled" description="Determine if the tx_thread_resume and tx_thread_suspend services should have their internal code in-line. This results in a larger image, but improves the performance of the thread resume and suspend services.">
            <option id="config.threadx.thread.inline_thread_resume_suspend.enabled" display="Enabled" value="1" />
            <option id="config.threadx.thread.inline_thread_resume_suspend.disabled" display="Disabled (default)" value="0" />                
        </property>
        <property id="config.threadx.thread.not_interruptable" display="Not Interruptable" default="config.threadx.thread.not_interruptable.disabled" description="Determine if the internal ThreadX code is non-interruptable. This results in smaller code size and less processing overhead, but increases the interrupt lockout time.">
            <option id="config.threadx.thread.not_interruptable.enabled" display="Enabled" value="1" />
            <option id="config.threadx.thread.not_interruptable.disabled" display="Disabled (default)" value="0" />                
        </property>
        <property id="config.threadx.thread.event_trace" display="Event Trace" default="config.threadx.thread.event_trace.disabled" description="Determine if the trace event logging code should be enabled. This causes slight increases in code size and overhead, but provides the ability to generate system trace information which is available for viewing in TraceX.">
            <option id="config.threadx.thread.event_trace.enabled" display="Enabled" value="1" />
            <option id="config.threadx.thread.event_trace.disabled" display="Disabled (default)" value="0" />                
        </property>
        <property default="g_tx_trace_buffer" display="Trace Buffer Name" id="config.threadx.thread.trace_buf_name">
			<constraint display="Name must be a valid C symbol">testSymbol("${config.threadx.thread.trace_buf_name}")</constraint>
        </property>
        <property id="config.threadx.thread.trace_buf_size" display="Trace Buffer Size" default="65536">
            <constraint display="Value must be greater than 0">("("${config.threadx.thread.trace_buf_size}" &gt; 0)</constraint>
        </property>
        <property id="config.threadx.thread.num_registries" display="Trace Buffer Number of Registries" default="30">
            <constraint display="Value must be greater than 0">("("${config.threadx.thread.num_registries}" &gt; 0)</constraint>
        </property>
        <property id="config.threadx.thread.block_pool_performance_info" display="Block Pool Performance Info" default="config.threadx.thread.block_pool_performance_info.disabled" description="Determine if block pool performance gathering is required by the application. When the following is enabled, ThreadX gathers various block pool performance information.">
            <option id="config.threadx.thread.block_pool_performance_info.enabled" display="Enabled" value="1" />
            <option id="config.threadx.thread.block_pool_performance_info.disabled" display="Disabled (default)" value="0" />                
        </property>
        <property id="config.threadx.thread.byte_pool_performance_info" display="Byte Pool Performance Info" default="config.threadx.thread.byte_pool_performance_info.disabled" description="Determine if byte pool performance gathering is required by the application. When the following is enabled, ThreadX gathers various byte pool performance information.">
            <option id="config.threadx.thread.byte_pool_performance_info.enabled" display="Enabled" value="1" />
            <option id="config.threadx.thread.byte_pool_performance_info.disabled" display="Disabled (default)" value="0" />                
        </property>
        <property id="config.threadx.thread.event_flags_performance_info" display="Event Flags Performance Info" default="config.threadx.thread.event_flags_performance_info.disabled" description="Determine if event flags performance gathering is required by the application. When the following is enabled, ThreadX gathers various event flags performance information.">
            <option id="config.threadx.thread.event_flags_performance_info.enabled" display="Enabled" value="1" />
            <option id="config.threadx.thread.event_flags_performance_info.disabled" display="Disabled (default)" value="0" />                
        </property>
        <property id="config.threadx.thread.mutex_performance_info" display="Mutex Performance Info" default="config.threadx.thread.mutex_performance_info.disabled" description="Determine if mutex performance gathering is required by the application. When the following is enabled, ThreadX gathers various mutex performance information.">
            <option id="config.threadx.thread.mutex_performance_info.enabled" display="Enabled" value="1" />
            <option id="config.threadx.thread.mutex_performance_info.disabled" display="Disabled (default)" value="0" />                
        </property>
        <property id="config.threadx.thread.queue_performance_info" display="Queue Performance Info" default="config.threadx.thread.queue_performance_info.disabled" description="Determine if queue performance gathering is required by the application. When the following is enabled, ThreadX gathers various queue performance information.">
            <option id="config.threadx.thread.queue_performance_info.enabled" display="Enabled" value="1" />
            <option id="config.threadx.thread.queue_performance_info.disabled" display="Disabled (default)" value="0" />                
        </property>
        <property id="config.threadx.thread.semaphore_performance_info" display="Semaphore Performance Info" default="config.threadx.thread.semaphore_performance_info.disabled" description="Determine if semaphore performance gathering is required by the application. When the following is enabled, ThreadX gathers various semaphore performance information.">
            <option id="config.threadx.thread.semaphore_performance_info.enabled" display="Enabled" value="1" />
            <option id="config.threadx.thread.semaphore_performance_info.disabled" display="Disabled (default)" value="0" />                
        </property>
        <property id="config.threadx.thread.thread_performance_info" display="Thread Performance Info" default="config.threadx.thread.thread_performance_info.disabled" description="Determine if thread performance gathering is required by the application. When the following is enabled, ThreadX gathers various thread performance information.">
            <option id="config.threadx.thread.thread_performance_info.enabled" display="Enabled" value="1" />
            <option id="config.threadx.thread.thread_performance_info.disabled" display="Disabled (default)" value="0" />                
        </property>
        <property id="config.threadx.thread.timer_performance_info" display="Timer Performance Info" default="config.threadx.thread.timer_performance_info.disabled" description="Determine if timer performance gathering is required by the application. When the following is enabled, ThreadX gathers various timer performance information.">
            <option id="config.threadx.thread.timer_performance_info.enabled" display="Enabled" value="1" />
            <option id="config.threadx.thread.timer_performance_info.disabled" display="Disabled (default)" value="0" />                
        </property>
        <content>
#if (${config.threadx.thread.error_checking})
#undef TX_DISABLE_ERROR_CHECKING
#endif
#if (${config.threadx.thread.max_priorities}+0)
#define TX_MAX_PRIORITIES (${config.threadx.thread.max_priorities})
#endif
#if (${config.threadx.thread.minimum_stack}+0)
#define TX_MINIMUM_STACK (${config.threadx.thread.minimum_stack})
#endif
#if (${config.threadx.thread.timer_thread_stack_size}+0)
#define TX_TIMER_THREAD_STACK_SIZE (${config.threadx.thread.timer_thread_stack_size})
#endif
#if (${config.threadx.thread.timer_thread_priority}+0)
#define TX_TIMER_THREAD_PRIORITY (${config.threadx.thread.timer_thread_priority})
#endif
#if (${config.threadx.thread.trace_time_mask}+0)
#define TX_TRACE_TIME_MASK (${config.threadx.thread.trace_time_mask})
#endif
#if (!${config.threadx.thread.timer_process_in_isr})
#undef TX_TIMER_PROCESS_IN_ISR
#endif
#if (${config.threadx.thread.reactivate_inline})
#define TX_REACTIVATE_INLINE
#endif
#if (!${config.threadx.thread.stack_filling})
#define TX_DISABLE_STACK_FILLING
#endif
#if (${config.threadx.thread.stack_checking})
#define TX_ENABLE_STACK_CHECKING
#endif
#if (${config.threadx.thread.preemption_threshold})
#undef TX_DISABLE_PREEMPTION_THRESHOLD
#endif
#if (!${config.threadx.thread.redundant_clearing})
#define TX_DISABLE_REDUNDANT_CLEARING
#endif
#if (${config.threadx.thread.no_timer})
#define TX_NO_TIMER
#endif
#if (${config.threadx.thread.notify_callbacks})
#undef TX_DISABLE_NOTIFY_CALLBACKS
#endif
#if (${config.threadx.thread.inline_thread_resume_suspend})
#define TX_INLINE_THREAD_RESUME_SUSPEND
#endif
#if (${config.threadx.thread.not_interruptable})
#define TX_NOT_INTERRUPTABLE
#endif
#if (${config.threadx.thread.event_trace})
#define TX_ENABLE_EVENT_TRACE
#endif
#if (${config.threadx.thread.block_pool_performance_info})
#define TX_BLOCK_POOL_ENABLE_PERFORMANCE_INFO
#endif
#if (${config.threadx.thread.byte_pool_performance_info})
#define TX_BYTE_POOL_ENABLE_PERFORMANCE_INFO
#endif
#if (${config.threadx.thread.event_flags_performance_info})
#define TX_EVENT_FLAGS_ENABLE_PERFORMANCE_INFO
#endif
#if (${config.threadx.thread.mutex_performance_info})
#define TX_MUTEX_ENABLE_PERFORMANCE_INFO
#endif
#if (${config.threadx.thread.queue_performance_info})
#define TX_QUEUE_ENABLE_PERFORMANCE_INFO
#endif
#if (${config.threadx.thread.semaphore_performance_info})
#define TX_SEMAPHORE_ENABLE_PERFORMANCE_INFO
#endif
#if (${config.threadx.thread.thread_performance_info})
#define TX_THREAD_ENABLE_PERFORMANCE_INFO
#endif
#if (${config.threadx.thread.timer_performance_info})
#define TX_TIMER_ENABLE_PERFORMANCE_INFO
#endif
#if (${config.threadx.thread.event_trace}) // Event trace enabled
#define TX_USER_TRACE_BUFFER_DECLARE static uint8_t ${config.threadx.thread.trace_buf_name}[${config.threadx.thread.trace_buf_size}];
#define TX_USER_ENABLE_TRACE  tx_trace_enable(&amp;${config.threadx.thread.trace_buf_name}[0], ${config.threadx.thread.trace_buf_size}, ${config.threadx.thread.num_registries});
#else
#define TX_USER_TRACE_BUFFER_DECLARE
#define TX_USER_ENABLE_TRACE
#endif
        </content>
    </config>
    <rtos id="rtos.threadx" display="Express Logic ThreadX">
        <thread id="rtos.threadx.thread" config="config.threadx.thread" display="${rtos.threadx.thread.name}" version="0">
            <!-- source file names derived from _symbol property - do not change ID -->
            <property id="_symbol" display="Symbol" default="new_thread" description="Symbol used for generated function and file naming">
                <constraint display="Value must be a valid C language symbol">testSymbol("${_symbol}")</constraint>
            </property>
            <property id="rtos.threadx.thread.name" display="Name" default="New Thread" description="Name of the thread"/>
            <property id="rtos.threadx.thread.stack" display="Stack size (bytes)" default="1024" description="Number bytes in the stack memory area. The thread’s stack area must be large enough to handle its worst-case function call nesting and local variable usage.">
                <constraint display="Value must be an integer">testInteger("${rtos.threadx.thread.stack}")</constraint>
            </property>
            <property id="rtos.threadx.thread.priority" display="Priority" default="1" description="Numerical priority of thread. Legal values range from 0 through (TX_MAX_PRIORITES-1), where a value of 0 represents the highest priority."/>
            <property id="rtos.threadx.thread.autostart" display="Auto start" default="rtos.threadx.thread.autostart.enabled" description="Specifies whether the thread starts immediately or is placed in a suspended state. If Disabled is selected, the application must later call tx_thread_resume in order for the thread to run.">
                <option id="rtos.threadx.thread.autostart.enabled" display="Enabled" value="TX_AUTO_START" />
                <option id="rtos.threadx.thread.autostart.disabled" display="Disabled" value="TX_DONT_START" />
            </property>
            <property id="rtos.threadx.thread.timeslice" display="Time slicing interval (ticks)" default="10" description="Number of timer-ticks this thread is allowed to run before other ready threads of the same priority are given a chance to run. Legal time-slice values range from 1 to 0xFFFFFFFF (inclusive). A value of TX_NO_TIME_SLICE (a value of 0) disables time-slicing of this thread."/>
            <header>
                extern void ${_symbol}_create (void);
                extern TX_THREAD ${_symbol};
            </header>
            <includes>
                #include "bsp_api.h"
                #include "tx_api.h"
                #include "hal_data.h"
            </includes>
            <macros>
            </macros>
            <declarations>
                TX_THREAD ${_symbol};
                extern void ${_symbol}_entry(void);
                static void ${_symbol}_func(ULONG thread_input);
                static uint8_t ${_symbol}_stack[${rtos.threadx.thread.stack}];
            </declarations>
            <functions>
                void ${_symbol}_create (void)
                {
                    tx_thread_create(
                        &amp;${_symbol},
                        "${rtos.threadx.thread.name}",
                        ${_symbol}_func,
                        (ULONG) NULL,
                        &amp;${_symbol}_stack,
                        ${rtos.threadx.thread.stack},
                        ${rtos.threadx.thread.priority},
                        ${rtos.threadx.thread.priority},
                        ${rtos.threadx.thread.timeslice},
                        ${rtos.threadx.thread.autostart}
                    );
                }
                
                static void ${_symbol}_func (ULONG thread_input) {
                    /* Initialize each kernel object and module instance. */
                    ${_init}
					
                    /* enter user code */
                    ${_symbol}_entry();
                }
            </functions>
            <entry>
                /* ${rtos.threadx.thread.name} entry function */
                #include "${_symbol}.h"
                void ${_symbol}_entry(void) 
                     {
                    /* TODO: add your own code here */
                    while(1)
                    {
                        tx_thread_sleep(1);
                    }
                }
            </entry>
            <init>
                ${_symbol}_create();
            </init>
            <start>
                #include "bsp_api.h"
                #include "tx_api.h"
        
                ${_include}

                #if defined(__ICCARM__)
                #define WEAK_REF_ATTRIBUTE
                #pragma weak tx_application_define_user               = tx_application_define_internal
                #elif defined(__GNUC__)
                #define WEAK_REF_ATTRIBUTE      __attribute__ ((weak, alias("tx_application_define_internal")))
                #endif
				
				TX_USER_TRACE_BUFFER_DECLARE;

                void tx_application_define_internal(void* first_unused_memory)
                {
                    /* Does nothing. Default implementation of tx_application_define_user(). */
                }
                
                void tx_application_define_internal(void* first_unused_memory);
                void tx_application_define_user(void* first_unused_memory) WEAK_REF_ATTRIBUTE;
                
                void tx_application_define(void* first_unused_memory)
                {
                    ${_init}
					
					#ifdef TX_USER_ENABLE_TRACE
					TX_USER_ENABLE_TRACE;
					#endif

                    tx_application_define_user(first_unused_memory);
                }
                
                void main(void)
                {
                    __disable_irq();
                    tx_kernel_enter();
                }
            </start>
        </thread>
        <object id="rtos.threadx.object.flags" display="${rtos.threadx.object.flags.symbol} Event Flags" version="0">
            <provides interface="object.flags" />
            <property id="rtos.threadx.object.flags.name" display="Name" default="New Event Flags" />
            <property id="rtos.threadx.object.flags.symbol" display="Symbol" default="g_new_event_flags" />
            <header>
                extern TX_EVENT_FLAGS_GROUP ${rtos.threadx.object.flags.symbol};
            </header>
            <declarations>
                TX_EVENT_FLAGS_GROUP ${rtos.threadx.object.flags.symbol};
            </declarations>
            <init>
                tx_event_flags_create(&amp;${rtos.threadx.object.flags.symbol}, "${rtos.threadx.object.flags.name}");
            </init>
        </object>
        <object id="rtos.threadx.object.mutex" display="${rtos.threadx.object.mutex.symbol} Mutex" version="0">
            <provides interface="object.mutex" />
            <property id="rtos.threadx.object.mutex.name" display="Name" default="New Mutex" />
            <property id="rtos.threadx.object.mutex.symbol" display="Symbol" default="g_new_mutex" />
            <property id="rtos.threadx.object.mutex.inherit" display="Priority inheritance" default="rtos.threadx.object.mutex.inherit.disabled">
                <option id="rtos.threadx.object.mutex.inherit.enabled" display="Enabled" value="TX_INHERIT" />
                <option id="rtos.threadx.object.mutex.inherit.disabled" display="Disabled" value="TX_NO_INHERIT" />
            </property>
            <header>
                extern TX_MUTEX ${rtos.threadx.object.mutex.symbol};
            </header>
            <declarations>
                TX_MUTEX ${rtos.threadx.object.mutex.symbol};
            </declarations>
            <init>
                tx_mutex_create(&amp;${rtos.threadx.object.mutex.symbol}, "${rtos.threadx.object.mutex.name}", ${rtos.threadx.object.mutex.inherit});
            </init>
        </object>
        <object id="rtos.threadx.object.semaphore" display="${rtos.threadx.object.semaphore.symbol} Semaphore" version="0">
            <provides interface="object.semaphore" />
            <property id="rtos.threadx.object.semaphore.name" display="Name" default="New Semaphore" />
            <property id="rtos.threadx.object.semaphore.symbol" display="Symbol" default="g_new_semaphore" />
            <property id="rtos.threadx.object.semaphore.count" display="Initial count" default="0" />
            <header>
                extern TX_SEMAPHORE ${rtos.threadx.object.semaphore.symbol};
            </header>
            <declarations>
                TX_SEMAPHORE ${rtos.threadx.object.semaphore.symbol};
            </declarations>
            <init>
                tx_semaphore_create(&amp;${rtos.threadx.object.semaphore.symbol}, "${rtos.threadx.object.semaphore.name}", ${rtos.threadx.object.semaphore.count});
            </init>
        </object>

        <object id="rtos.threadx.object.queue" display="${rtos.threadx.object.queue.symbol} Queue" version="0">
            <provides interface="object.queue" />
            <property id="rtos.threadx.object.queue.name" display="Name" default="New Queue" />
            <property id="rtos.threadx.object.queue.symbol" display="Symbol" default="g_new_queue" />
            <property id="rtos.threadx.object.queue.msg_size" display="Message Size (Words)" default="1" >
                <constraint display="Message Size must be integer between 1 and 16">testInteger("${rtos.threadx.object.queue.msg_size}")  &amp;&amp; ("${rtos.threadx.object.queue.msg_size}" &gt; 0) &amp;&amp; ("${rtos.threadx.object.queue.msg_size}" &lt; 17)</constraint>
            </property>
            <property id="rtos.threadx.object.queue.queue_size" display="Queue Size (Bytes)" default="20" >
                <constraint display="Queue Size must be integer greater than 3">testInteger("${rtos.threadx.object.queue.queue_size}")  &amp;&amp; ("${rtos.threadx.object.queue.queue_size}" &gt; 3)</constraint>
            </property>
            <header>
                extern TX_QUEUE ${rtos.threadx.object.queue.symbol};
            </header>
            <declarations>
                TX_QUEUE ${rtos.threadx.object.queue.symbol};
                static uint8_t queue_memory_${rtos.threadx.object.queue.symbol}[${rtos.threadx.object.queue.queue_size}];
            </declarations>
            <init>
                tx_queue_create(&amp;${rtos.threadx.object.queue.symbol}, "${rtos.threadx.object.queue.name}", ${rtos.threadx.object.queue.msg_size}, &amp;queue_memory_${rtos.threadx.object.queue.symbol}, sizeof(queue_memory_${rtos.threadx.object.queue.symbol}));
            </init>
        </object>

    </rtos>
</synergyModuleDescription>