<?xml version="1.0" ?>
<synergyModuleDescription>
    <config id="config.driver.dtc" path="driver/r_dtc_cfg.h" version="0">
        <property default="config.driver.dtc.param_checking_enable.bsp" display="Parameter Checking" id="config.driver.dtc.param_checking_enable">
            <option display="Default (BSP)" id="config.driver.dtc.param_checking_enable.bsp" value="(BSP_CFG_PARAM_CHECKING_ENABLE)"/>
            <option display="Enabled" id="config.driver.dtc.param_checking_enable.enabled" value="(1)"/>
            <option display="Disabled" id="config.driver.dtc.param_checking_enable.disabled" value="(0)"/>
        </property>
        <content>#define DTC_CFG_PARAM_CHECKING_ENABLE ${config.driver.dtc.param_checking_enable}
</content>
    </config>
    <module config="config.driver.dtc" display="${module.driver.transfer_on_dtc.name} TRANSFER Module on DTC ${module.driver.transfer_on_dtc.activation_source}" id="module.driver.transfer_on_dtc" version="1">
        <constraint display="Unique name required for each instance">
            "${interface.driver.transfer.${module.driver.transfer_on_dtc.name}}" === "1"
        </constraint>
        <provides interface="interface.driver.transfer.${module.driver.transfer_on_dtc.name}" />
        <provides interface="interface.driver.dtc.${module.driver.transfer_on_dtc.name}" />
        <property default="g_transfer" display="Name" id="module.driver.transfer_on_dtc.name">
            <constraint display="Name must be a valid C symbol">testSymbol("${module.driver.transfer_on_dtc.name}")</constraint>
        </property>
        <property default="module.driver.transfer_on_dtc.mode.mode_normal" display="Mode" id="module.driver.transfer_on_dtc.mode">
            <option display="Normal" id="module.driver.transfer_on_dtc.mode.mode_normal" value="TRANSFER_MODE_NORMAL"/>
            <option display="Repeat" id="module.driver.transfer_on_dtc.mode.mode_repeat" value="TRANSFER_MODE_REPEAT"/>
            <option display="Block" id="module.driver.transfer_on_dtc.mode.mode_block" value="TRANSFER_MODE_BLOCK"/>
        </property>        
        <property default="module.driver.transfer_on_dtc.size.size_2_byte" display="Transfer Size" id="module.driver.transfer_on_dtc.size">
            <option display="1 Byte" id="module.driver.transfer_on_dtc.size.size_1_byte" value="TRANSFER_SIZE_1_BYTE"/>
            <option display="2 Bytes" id="module.driver.transfer_on_dtc.size.size_2_byte" value="TRANSFER_SIZE_2_BYTE"/>
            <option display="4 Bytes" id="module.driver.transfer_on_dtc.size.size_4_byte" value="TRANSFER_SIZE_4_BYTE"/>
        </property>        
        <property default="module.driver.transfer_on_dtc.dest_addr_mode.addr_mode_fixed" display="Destination Address Mode" id="module.driver.transfer_on_dtc.dest_addr_mode" >
            <option display="Fixed" id="module.driver.transfer_on_dtc.dest_addr_mode.addr_mode_fixed" value="TRANSFER_ADDR_MODE_FIXED"/>
            <option display="Incremented" id="module.driver.transfer_on_dtc.dest_addr_mode.addr_mode_incremented" value="TRANSFER_ADDR_MODE_INCREMENTED"/>
            <option display="Decremented" id="module.driver.transfer_on_dtc.dest_addr_mode.addr_mode_decremented" value="TRANSFER_ADDR_MODE_DECREMENTED"/>
        </property>
        <property default="module.driver.transfer_on_dtc.src_addr_mode.addr_mode_fixed" display="Source Address Mode" id="module.driver.transfer_on_dtc.src_addr_mode">
            <option display="Fixed" id="module.driver.transfer_on_dtc.src_addr_mode.addr_mode_fixed" value="TRANSFER_ADDR_MODE_FIXED"/>
            <option display="Incremented" id="module.driver.transfer_on_dtc.src_addr_mode.addr_mode_incremented" value="TRANSFER_ADDR_MODE_INCREMENTED"/>
            <option display="Decremented" id="module.driver.transfer_on_dtc.src_addr_mode.addr_mode_decremented" value="TRANSFER_ADDR_MODE_DECREMENTED"/>
        </property>        
        <property default="module.driver.transfer_on_dtc.repeat_area.repeat_area_source" display="Repeat Area (Unused in Normal Mode)" id="module.driver.transfer_on_dtc.repeat_area">
            <option display="Destination" id="module.driver.transfer_on_dtc.repeat_area.repeat_area_destination" value="TRANSFER_REPEAT_AREA_DESTINATION"/>
            <option display="Source" id="module.driver.transfer_on_dtc.repeat_area.repeat_area_source" value="TRANSFER_REPEAT_AREA_SOURCE"/>
        </property>
        <property default="module.driver.transfer_on_dtc.interrupt.interrupt_end" display="Interrupt Frequency" id="module.driver.transfer_on_dtc.interrupt">
            <option display="After all transfers have completed" id="module.driver.transfer_on_dtc.interrupt.interrupt_end" value="TRANSFER_IRQ_END"/>
            <option display="After each transfer" id="module.driver.transfer_on_dtc.interrupt.interrupt_each" value="TRANSFER_IRQ_EACH"/>
        </property>
        <property default="NULL" display="Destination Pointer" id="module.driver.transfer_on_dtc.p_dest"/>
        <property default="NULL" display="Source Pointer" id="module.driver.transfer_on_dtc.p_src"/>
        <property default="0" display="Number of Transfers" id="module.driver.transfer_on_dtc.length">
            <constraint display="Value must be a non-negative integer">testInteger("${module.driver.transfer_on_dtc.length}")  &amp;&amp; ("${module.driver.transfer_on_dtc.length}" &gt;= 0)</constraint>
           </property>
        <property default="0" display="Number of Blocks (Valid only in Block Mode)" id="module.driver.transfer_on_dtc.num_blocks">
            <constraint display="Value must be a non-negative integer">testInteger("${module.driver.transfer_on_dtc.num_blocks}")  &amp;&amp; ("${module.driver.transfer_on_dtc.num_blocks}" &gt;= 0)</constraint>
        </property>
        <property default="module.driver.transfer_on_dtc.event.event_port0_irq" display="Activation Source (Must enable IRQ)" id="module.driver.transfer_on_dtc.activation_source">
            <option display="Software Activation 1" id="module.driver.transfer_on_dtc.event.event_none" value="ELC_EVENT_ELC0_SOFTWARE_EVENT"/>
            <option display="Software Activation 2" id="module.driver.transfer_on_dtc.event.event_none" value="ELC_EVENT_ELC1_SOFTWARE_EVENT"/>
            <option display="Event PORT0 IRQ" id="module.driver.transfer_on_dtc.event.event_port0_irq" value="ELC_EVENT_PORT0_IRQ"/>
            <option display="Event PORT1 IRQ" id="module.driver.transfer_on_dtc.event.event_port1_irq" value="ELC_EVENT_PORT1_IRQ"/>
            <option display="Event PORT2 IRQ" id="module.driver.transfer_on_dtc.event.event_port2_irq" value="ELC_EVENT_PORT2_IRQ"/>
            <option display="Event PORT3 IRQ" id="module.driver.transfer_on_dtc.event.event_port3_irq" value="ELC_EVENT_PORT3_IRQ"/>
            <option display="Event PORT4 IRQ" id="module.driver.transfer_on_dtc.event.event_port4_irq" value="ELC_EVENT_PORT4_IRQ"/>
            <option display="Event PORT5 IRQ" id="module.driver.transfer_on_dtc.event.event_port5_irq" value="ELC_EVENT_PORT5_IRQ"/>
            <option display="Event PORT6 IRQ" id="module.driver.transfer_on_dtc.event.event_port6_irq" value="ELC_EVENT_PORT6_IRQ"/>
            <option display="Event PORT7 IRQ" id="module.driver.transfer_on_dtc.event.event_port7_irq" value="ELC_EVENT_PORT7_IRQ"/>
            <option display="Event PORT8 IRQ" id="module.driver.transfer_on_dtc.event.event_port8_irq" value="ELC_EVENT_PORT8_IRQ"/>
            <option display="Event PORT9 IRQ" id="module.driver.transfer_on_dtc.event.event_port9_irq" value="ELC_EVENT_PORT9_IRQ"/>
            <option display="Event PORT10 IRQ" id="module.driver.transfer_on_dtc.event.event_port10_irq" value="ELC_EVENT_PORT10_IRQ"/>
            <option display="Event PORT11 IRQ" id="module.driver.transfer_on_dtc.event.event_port11_irq" value="ELC_EVENT_PORT11_IRQ"/>
            <option display="Event PORT12 IRQ" id="module.driver.transfer_on_dtc.event.event_port12_irq" value="ELC_EVENT_PORT12_IRQ"/>
            <option display="Event PORT13 IRQ" id="module.driver.transfer_on_dtc.event.event_port13_irq" value="ELC_EVENT_PORT13_IRQ"/>
            <option display="Event PORT14 IRQ" id="module.driver.transfer_on_dtc.event.event_port14_irq" value="ELC_EVENT_PORT14_IRQ"/>
            <option display="Event PORT15 IRQ" id="module.driver.transfer_on_dtc.event.event_port15_irq" value="ELC_EVENT_PORT15_IRQ"/>
            <option display="Event DMAC0 DMAC" id="module.driver.transfer_on_dtc.event.event_dmac0_dmac" value="ELC_EVENT_DMAC0_DMAC"/>
            <option display="Event DMAC1 DMAC" id="module.driver.transfer_on_dtc.event.event_dmac1_dmac" value="ELC_EVENT_DMAC1_DMAC"/>
            <option display="Event DMAC2 DMAC" id="module.driver.transfer_on_dtc.event.event_dmac2_dmac" value="ELC_EVENT_DMAC2_DMAC"/>
            <option display="Event DMAC3 DMAC" id="module.driver.transfer_on_dtc.event.event_dmac3_dmac" value="ELC_EVENT_DMAC3_DMAC"/>
            <option display="Event DMAC4 DMAC" id="module.driver.transfer_on_dtc.event.event_dmac4_dmac" value="ELC_EVENT_DMAC4_DMAC"/>
            <option display="Event DMAC5 DMAC" id="module.driver.transfer_on_dtc.event.event_dmac5_dmac" value="ELC_EVENT_DMAC5_DMAC"/>
            <option display="Event DMAC6 DMAC" id="module.driver.transfer_on_dtc.event.event_dmac6_dmac" value="ELC_EVENT_DMAC6_DMAC"/>
            <option display="Event DMAC7 DMAC" id="module.driver.transfer_on_dtc.event.event_dmac7_dmac" value="ELC_EVENT_DMAC7_DMAC"/>
            <option display="Event DTC Transfer" id="module.driver.transfer_on_dtc.event.event_dtc_transfer" value="ELC_EVENT_DTC_TRANSFER"/>
            <option display="Event DTC Complete" id="module.driver.transfer_on_dtc.event.event_dtc_complete" value="ELC_EVENT_DTC_COMPLETE"/>
            <option display="Event DTC DTC End" id="module.driver.transfer_on_dtc.event.event_dtc_dtc_end" value="ELC_EVENT_DTC_DTC_END"/>
            <option display="Event EXDMAC0 EXDMAC" id="module.driver.transfer_on_dtc.event.event_exdmac0_exdmac" value="ELC_EVENT_EXDMAC0_EXDMAC"/>
            <option display="Event EXDMAC1 EXDMAC" id="module.driver.transfer_on_dtc.event.event_exdmac1_exdmac" value="ELC_EVENT_EXDMAC1_EXDMAC"/>
            <option display="Event ICU Canceling Snooze Mode" id="module.driver.transfer_on_dtc.event.event_icu_canceling_snooze_mode" value="ELC_EVENT_ICU_CANCELING_SNOOZE_MODE"/>
            <option display="Event FCU FIFERR" id="module.driver.transfer_on_dtc.event.event_fcu_fiferr" value="ELC_EVENT_FCU_FIFERR"/>
            <option display="Event FCU FRDYI" id="module.driver.transfer_on_dtc.event.event_fcu_frdyi" value="ELC_EVENT_FCU_FRDYI"/>
            <option display="Event FCU ECCERR" id="module.driver.transfer_on_dtc.event.event_fcu_eccerr" value="ELC_EVENT_FCU_ECCERR"/>
            <option display="Event LVD1 LVD1" id="module.driver.transfer_on_dtc.event.event_lvd1_lvd1" value="ELC_EVENT_LVD1_LVD1"/>
            <option display="Event LVD2 LVD2" id="module.driver.transfer_on_dtc.event.event_lvd2_lvd2" value="ELC_EVENT_LVD2_LVD2"/>
            <option display="Event VBATT VBAT" id="module.driver.transfer_on_dtc.event.event_vbatt_vbat" value="ELC_EVENT_VBATT_VBAT"/>
            <option display="Event MOSC OSC Stop" id="module.driver.transfer_on_dtc.event.event_mosc_osc_stop" value="ELC_EVENT_MOSC_OSC_STOP"/>
            <option display="Event CPUSYS Snooze Mode Entry Flag" id="module.driver.transfer_on_dtc.event.event_cpusys_snooze_mode_entry_flag" value="ELC_EVENT_CPUSYS_SNOOZE_MODE_ENTRY_FLAG"/>
            <option display="Event AGT0 AGTI" id="module.driver.transfer_on_dtc.event.event_agt0_agti" value="ELC_EVENT_AGT0_AGTI"/>
            <option display="Event AGT0 AGTCMAI" id="module.driver.transfer_on_dtc.event.event_agt0_agtcmai" value="ELC_EVENT_AGT0_AGTCMAI"/>
            <option display="Event AGT0 AGTCMBI" id="module.driver.transfer_on_dtc.event.event_agt0_agtcmbi" value="ELC_EVENT_AGT0_AGTCMBI"/>
            <option display="Event AGT1 AGTI" id="module.driver.transfer_on_dtc.event.event_agt1_agti" value="ELC_EVENT_AGT1_AGTI"/>
            <option display="Event AGT1 AGTCMAI" id="module.driver.transfer_on_dtc.event.event_agt1_agtcmai" value="ELC_EVENT_AGT1_AGTCMAI"/>
            <option display="Event AGT1 AGTCMBI" id="module.driver.transfer_on_dtc.event.event_agt1_agtcmbi" value="ELC_EVENT_AGT1_AGTCMBI"/>
            <option display="Event IWDT NMIUNDF N" id="module.driver.transfer_on_dtc.event.event_iwdt_nmiundf_n" value="ELC_EVENT_IWDT_NMIUNDF_N"/>
            <option display="Event CWDT NMIUNDF N" id="module.driver.transfer_on_dtc.event.event_cwdt_nmiundf_n" value="ELC_EVENT_CWDT_NMIUNDF_N"/>
            <option display="Event RTC ALM" id="module.driver.transfer_on_dtc.event.event_rtc_alm" value="ELC_EVENT_RTC_ALM"/>
            <option display="Event RTC PRD" id="module.driver.transfer_on_dtc.event.event_rtc_prd" value="ELC_EVENT_RTC_PRD"/>
            <option display="Event RTC CUP" id="module.driver.transfer_on_dtc.event.event_rtc_cup" value="ELC_EVENT_RTC_CUP"/>
            <option display="Event S12AD0 ADI" id="module.driver.transfer_on_dtc.event.event_s12ad0_adi" value="ELC_EVENT_S12AD0_ADI"/>
            <option display="Event S12AD0 GBADI" id="module.driver.transfer_on_dtc.event.event_s12ad0_gbadi" value="ELC_EVENT_S12AD0_GBADI"/>
            <option display="Event S12AD0 CMPAI" id="module.driver.transfer_on_dtc.event.event_s12ad0_cmpai" value="ELC_EVENT_S12AD0_CMPAI"/>
            <option display="Event S12AD0 CMPBI" id="module.driver.transfer_on_dtc.event.event_s12ad0_cmpbi" value="ELC_EVENT_S12AD0_CMPBI"/>
            <option display="Event S12AD0 Compare Match" id="module.driver.transfer_on_dtc.event.event_s12ad0_compare_match" value="ELC_EVENT_S12AD0_COMPARE_MATCH"/>
            <option display="Event S12AD0 Compare Mismatch" id="module.driver.transfer_on_dtc.event.event_s12ad0_compare_mismatch" value="ELC_EVENT_S12AD0_COMPARE_MISMATCH"/>
            <option display="Event S12AD1 ADI" id="module.driver.transfer_on_dtc.event.event_s12ad1_adi" value="ELC_EVENT_S12AD1_ADI"/>
            <option display="Event S12AD1 GBADI" id="module.driver.transfer_on_dtc.event.event_s12ad1_gbadi" value="ELC_EVENT_S12AD1_GBADI"/>
            <option display="Event S12AD1 CMPAI" id="module.driver.transfer_on_dtc.event.event_s12ad1_cmpai" value="ELC_EVENT_S12AD1_CMPAI"/>
            <option display="Event S12AD1 CMPBI" id="module.driver.transfer_on_dtc.event.event_s12ad1_cmpbi" value="ELC_EVENT_S12AD1_CMPBI"/>
            <option display="Event S12AD1 Compare Match" id="module.driver.transfer_on_dtc.event.event_s12ad1_compare_match" value="ELC_EVENT_S12AD1_COMPARE_MATCH"/>
            <option display="Event S12AD1 Compare Mismatch" id="module.driver.transfer_on_dtc.event.event_s12ad1_compare_mismatch" value="ELC_EVENT_S12AD1_COMPARE_MISMATCH"/>
            <option display="Event COMP OC0 COMP IRQ" id="module.driver.transfer_on_dtc.event.event_comp_oc0_comp_irq" value="ELC_EVENT_COMP_OC0_COMP_IRQ"/>
            <option display="Event COMP RD1 COMP IRQ" id="module.driver.transfer_on_dtc.event.event_comp_rd1_comp_irq" value="ELC_EVENT_COMP_RD1_COMP_IRQ"/>
            <option display="Event COMP RD2 COMP IRQ" id="module.driver.transfer_on_dtc.event.event_comp_rd2_comp_irq" value="ELC_EVENT_COMP_RD2_COMP_IRQ"/>
            <option display="Event COMP RD3 COMP IRQ" id="module.driver.transfer_on_dtc.event.event_comp_rd3_comp_irq" value="ELC_EVENT_COMP_RD3_COMP_IRQ"/>
            <option display="Event COMP RD4 COMP IRQ" id="module.driver.transfer_on_dtc.event.event_comp_rd4_comp_irq" value="ELC_EVENT_COMP_RD4_COMP_IRQ"/>
            <option display="Event COMP RD5 COMP IRQ" id="module.driver.transfer_on_dtc.event.event_comp_rd5_comp_irq" value="ELC_EVENT_COMP_RD5_COMP_IRQ"/>
            <option display="Event COMP LP COMP C0IRQ" id="module.driver.transfer_on_dtc.event.event_comp_lp_comp_c0irq" value="ELC_EVENT_COMP_LP_COMP_C0IRQ"/>
            <option display="Event COMP LP COMP C1IRQ" id="module.driver.transfer_on_dtc.event.event_comp_lp_comp_c1irq" value="ELC_EVENT_COMP_LP_COMP_C1IRQ"/>
            <option display="Event USBFS D0FIFO" id="module.driver.transfer_on_dtc.event.event_usbfs_d0fifo" value="ELC_EVENT_USBFS_D0FIFO"/>
            <option display="Event USBFS D1FIFO" id="module.driver.transfer_on_dtc.event.event_usbfs_d1fifo" value="ELC_EVENT_USBFS_D1FIFO"/>
            <option display="Event USBFS USBI" id="module.driver.transfer_on_dtc.event.event_usbfs_usbi" value="ELC_EVENT_USBFS_USBI"/>
            <option display="Event USBFS USBR" id="module.driver.transfer_on_dtc.event.event_usbfs_usbr" value="ELC_EVENT_USBFS_USBR"/>
            <option display="Event RIIC0 RXI" id="module.driver.transfer_on_dtc.event.event_riic0_rxi" value="ELC_EVENT_RIIC0_RXI"/>
            <option display="Event RIIC0 TXI" id="module.driver.transfer_on_dtc.event.event_riic0_txi" value="ELC_EVENT_RIIC0_TXI"/>
            <option display="Event RIIC0 TEI" id="module.driver.transfer_on_dtc.event.event_riic0_tei" value="ELC_EVENT_RIIC0_TEI"/>
            <option display="Event RIIC0 EEI0" id="module.driver.transfer_on_dtc.event.event_riic0_eei0" value="ELC_EVENT_RIIC0_EEI0"/>
            <option display="Event RIIC0 WUI" id="module.driver.transfer_on_dtc.event.event_riic0_wui" value="ELC_EVENT_RIIC0_WUI"/>
            <option display="Event RIIC1 RXI" id="module.driver.transfer_on_dtc.event.event_riic1_rxi" value="ELC_EVENT_RIIC1_RXI"/>
            <option display="Event RIIC1 TXI" id="module.driver.transfer_on_dtc.event.event_riic1_txi" value="ELC_EVENT_RIIC1_TXI"/>
            <option display="Event RIIC1 TEI" id="module.driver.transfer_on_dtc.event.event_riic1_tei" value="ELC_EVENT_RIIC1_TEI"/>
            <option display="Event RIIC1 EEI0" id="module.driver.transfer_on_dtc.event.event_riic1_eei0" value="ELC_EVENT_RIIC1_EEI0"/>
            <option display="Event RIIC2 RXI" id="module.driver.transfer_on_dtc.event.event_riic2_rxi" value="ELC_EVENT_RIIC2_RXI"/>
            <option display="Event RIIC2 TXI" id="module.driver.transfer_on_dtc.event.event_riic2_txi" value="ELC_EVENT_RIIC2_TXI"/>
            <option display="Event RIIC2 TEI" id="module.driver.transfer_on_dtc.event.event_riic2_tei" value="ELC_EVENT_RIIC2_TEI"/>
            <option display="Event RIIC2 EEI0" id="module.driver.transfer_on_dtc.event.event_riic2_eei0" value="ELC_EVENT_RIIC2_EEI0"/>
            <option display="Event SSI0 SSITXI" id="module.driver.transfer_on_dtc.event.event_ssi0_ssitxi" value="ELC_EVENT_SSI0_SSITXI"/>
            <option display="Event SSI0 SSIRXI" id="module.driver.transfer_on_dtc.event.event_ssi0_ssirxi" value="ELC_EVENT_SSI0_SSIRXI"/>
            <option display="Event SSI0 SSIRT" id="module.driver.transfer_on_dtc.event.event_ssi0_ssirt" value="ELC_EVENT_SSI0_SSIRT"/>
            <option display="Event SSI0 SSIF" id="module.driver.transfer_on_dtc.event.event_ssi0_ssif" value="ELC_EVENT_SSI0_SSIF"/>
            <option display="Event SSI1 SSITXI" id="module.driver.transfer_on_dtc.event.event_ssi1_ssitxi" value="ELC_EVENT_SSI1_SSITXI"/>
            <option display="Event SSI1 SSIRXI" id="module.driver.transfer_on_dtc.event.event_ssi1_ssirxi" value="ELC_EVENT_SSI1_SSIRXI"/>
            <option display="Event SSI1 SSIRT" id="module.driver.transfer_on_dtc.event.event_ssi1_ssirt" value="ELC_EVENT_SSI1_SSIRT"/>
            <option display="Event SSI1 SSIF" id="module.driver.transfer_on_dtc.event.event_ssi1_ssif" value="ELC_EVENT_SSI1_SSIF"/>
            <option display="Event SRC IDEI" id="module.driver.transfer_on_dtc.event.event_src_idei" value="ELC_EVENT_SRC_IDEI"/>
            <option display="Event SRC ODFI" id="module.driver.transfer_on_dtc.event.event_src_odfi" value="ELC_EVENT_SRC_ODFI"/>
            <option display="Event SRC OVF" id="module.driver.transfer_on_dtc.event.event_src_ovf" value="ELC_EVENT_SRC_OVF"/>
            <option display="Event SRC UDF" id="module.driver.transfer_on_dtc.event.event_src_udf" value="ELC_EVENT_SRC_UDF"/>
            <option display="Event SRC CEF" id="module.driver.transfer_on_dtc.event.event_src_cef" value="ELC_EVENT_SRC_CEF"/>
            <option display="Event PDC PCDFI" id="module.driver.transfer_on_dtc.event.event_pdc_pcdfi" value="ELC_EVENT_PDC_PCDFI"/>
            <option display="Event PDC PCFEI" id="module.driver.transfer_on_dtc.event.event_pdc_pcfei" value="ELC_EVENT_PDC_PCFEI"/>
            <option display="Event PDC PCERI" id="module.driver.transfer_on_dtc.event.event_pdc_pceri" value="ELC_EVENT_PDC_PCERI"/>
            <option display="Event CTSU CTSUWR" id="module.driver.transfer_on_dtc.event.event_ctsu_ctsuwr" value="ELC_EVENT_CTSU_CTSUWR"/>
            <option display="Event CTSU CTSURD" id="module.driver.transfer_on_dtc.event.event_ctsu_ctsurd" value="ELC_EVENT_CTSU_CTSURD"/>
            <option display="Event CTSU CTSUFN" id="module.driver.transfer_on_dtc.event.event_ctsu_ctsufn" value="ELC_EVENT_CTSU_CTSUFN"/>
            <option display="Event Key INTKR" id="module.driver.transfer_on_dtc.event.event_key_intkr" value="ELC_EVENT_KEY_INTKR"/>
            <option display="Event DOC DOPCF" id="module.driver.transfer_on_dtc.event.event_doc_dopcf" value="ELC_EVENT_DOC_DOPCF"/>
            <option display="Event CAC FERRF" id="module.driver.transfer_on_dtc.event.event_cac_ferrf" value="ELC_EVENT_CAC_FERRF"/>
            <option display="Event CAC MENDF" id="module.driver.transfer_on_dtc.event.event_cac_mendf" value="ELC_EVENT_CAC_MENDF"/>
            <option display="Event CAC OVFF" id="module.driver.transfer_on_dtc.event.event_cac_ovff" value="ELC_EVENT_CAC_OVFF"/>
            <option display="Event RCAN20 ERS" id="module.driver.transfer_on_dtc.event.event_rcan20_ers" value="ELC_EVENT_RCAN20_ERS"/>
            <option display="Event RCAN20 RXF" id="module.driver.transfer_on_dtc.event.event_rcan20_rxf" value="ELC_EVENT_RCAN20_RXF"/>
            <option display="Event RCAN20 TXF" id="module.driver.transfer_on_dtc.event.event_rcan20_txf" value="ELC_EVENT_RCAN20_TXF"/>
            <option display="Event RCAN20 RXM" id="module.driver.transfer_on_dtc.event.event_rcan20_rxm" value="ELC_EVENT_RCAN20_RXM"/>
            <option display="Event RCAN20 TXM" id="module.driver.transfer_on_dtc.event.event_rcan20_txm" value="ELC_EVENT_RCAN20_TXM"/>
            <option display="Event RCAN21 ERS" id="module.driver.transfer_on_dtc.event.event_rcan21_ers" value="ELC_EVENT_RCAN21_ERS"/>
            <option display="Event RCAN21 RXF" id="module.driver.transfer_on_dtc.event.event_rcan21_rxf" value="ELC_EVENT_RCAN21_RXF"/>
            <option display="Event RCAN21 TXF" id="module.driver.transfer_on_dtc.event.event_rcan21_txf" value="ELC_EVENT_RCAN21_TXF"/>
            <option display="Event RCAN21 RXM" id="module.driver.transfer_on_dtc.event.event_rcan21_rxm" value="ELC_EVENT_RCAN21_RXM"/>
            <option display="Event RCAN21 TXM" id="module.driver.transfer_on_dtc.event.event_rcan21_txm" value="ELC_EVENT_RCAN21_TXM"/>
            <option display="Event GPIO PORT Group A" id="module.driver.transfer_on_dtc.event.event_gpio_port_group_a" value="ELC_EVENT_GPIO_PORT_GROUP_A"/>
            <option display="Event GPIO PORT Group B" id="module.driver.transfer_on_dtc.event.event_gpio_port_group_b" value="ELC_EVENT_GPIO_PORT_GROUP_B"/>
            <option display="Event GPIO PORT Group C" id="module.driver.transfer_on_dtc.event.event_gpio_port_group_c" value="ELC_EVENT_GPIO_PORT_GROUP_C"/>
            <option display="Event GPIO PORT Group D" id="module.driver.transfer_on_dtc.event.event_gpio_port_group_d" value="ELC_EVENT_GPIO_PORT_GROUP_D"/>
            <option display="Event ELC0 Software Event" id="module.driver.transfer_on_dtc.event.event_elc0_software_event" value="ELC_EVENT_ELC0_SOFTWARE_EVENT"/>
            <option display="Event ELC1 Software Event" id="module.driver.transfer_on_dtc.event.event_elc1_software_event" value="ELC_EVENT_ELC1_SOFTWARE_EVENT"/>
            <option display="Event POEG Group Event0" id="module.driver.transfer_on_dtc.event.event_poeg_group_event0" value="ELC_EVENT_POEG_GROUP_EVENT0"/>
            <option display="Event POEG Group Event1" id="module.driver.transfer_on_dtc.event.event_poeg_group_event1" value="ELC_EVENT_POEG_GROUP_EVENT1"/>
            <option display="Event POEG Group Event2" id="module.driver.transfer_on_dtc.event.event_poeg_group_event2" value="ELC_EVENT_POEG_GROUP_EVENT2"/>
            <option display="Event POEG Group Event3" id="module.driver.transfer_on_dtc.event.event_poeg_group_event3" value="ELC_EVENT_POEG_GROUP_EVENT3"/>
            <option display="Event GPT0 Capture Compare Interrupt A" id="module.driver.transfer_on_dtc.event.event_gpt0_capture_compare_int_a" value="ELC_EVENT_GPT0_CAPTURE_COMPARE_INT_A"/>
            <option display="Event GPT0 Capture Compare Interrupt B" id="module.driver.transfer_on_dtc.event.event_gpt0_capture_compare_int_b" value="ELC_EVENT_GPT0_CAPTURE_COMPARE_INT_B"/>
            <option display="Event GPT0 Compare Interrupt C" id="module.driver.transfer_on_dtc.event.event_gpt0_compare_int_c" value="ELC_EVENT_GPT0_COMPARE_INT_C"/>
            <option display="Event GPT0 Compare Interrupt D" id="module.driver.transfer_on_dtc.event.event_gpt0_compare_int_d" value="ELC_EVENT_GPT0_COMPARE_INT_D"/>
            <option display="Event GPT0 Compare Interrupt E" id="module.driver.transfer_on_dtc.event.event_gpt0_compare_int_e" value="ELC_EVENT_GPT0_COMPARE_INT_E"/>
            <option display="Event GPT0 Compare Interrupt F" id="module.driver.transfer_on_dtc.event.event_gpt0_compare_int_f" value="ELC_EVENT_GPT0_COMPARE_INT_F"/>
            <option display="Event GPT0 Counter Overflow" id="module.driver.transfer_on_dtc.event.event_gpt0_counter_overflow" value="ELC_EVENT_GPT0_COUNTER_OVERFLOW"/>
            <option display="Event GPT0 Counter Underflow" id="module.driver.transfer_on_dtc.event.event_gpt0_counter_underflow" value="ELC_EVENT_GPT0_COUNTER_UNDERFLOW"/>
            <option display="Event GPT0 AD Trigger A" id="module.driver.transfer_on_dtc.event.event_gpt0_ad_trig_a" value="ELC_EVENT_GPT0_AD_TRIG_A"/>
            <option display="Event GPT0 AD Trigger B" id="module.driver.transfer_on_dtc.event.event_gpt0_ad_trig_b" value="ELC_EVENT_GPT0_AD_TRIG_B"/>
            <option display="Event GPT1 Capture Compare Interrupt A" id="module.driver.transfer_on_dtc.event.event_gpt1_capture_compare_int_a" value="ELC_EVENT_GPT1_CAPTURE_COMPARE_INT_A"/>
            <option display="Event GPT1 Capture Compare Interrupt B" id="module.driver.transfer_on_dtc.event.event_gpt1_capture_compare_int_b" value="ELC_EVENT_GPT1_CAPTURE_COMPARE_INT_B"/>
            <option display="Event GPT1 Compare Interrupt C" id="module.driver.transfer_on_dtc.event.event_gpt1_compare_int_c" value="ELC_EVENT_GPT1_COMPARE_INT_C"/>
            <option display="Event GPT1 Compare Interrupt D" id="module.driver.transfer_on_dtc.event.event_gpt1_compare_int_d" value="ELC_EVENT_GPT1_COMPARE_INT_D"/>
            <option display="Event GPT1 Compare Interrupt E" id="module.driver.transfer_on_dtc.event.event_gpt1_compare_int_e" value="ELC_EVENT_GPT1_COMPARE_INT_E"/>
            <option display="Event GPT1 Compare Interrupt F" id="module.driver.transfer_on_dtc.event.event_gpt1_compare_int_f" value="ELC_EVENT_GPT1_COMPARE_INT_F"/>
            <option display="Event GPT1 Counter Overflow" id="module.driver.transfer_on_dtc.event.event_gpt1_counter_overflow" value="ELC_EVENT_GPT1_COUNTER_OVERFLOW"/>
            <option display="Event GPT1 Counter Underflow" id="module.driver.transfer_on_dtc.event.event_gpt1_counter_underflow" value="ELC_EVENT_GPT1_COUNTER_UNDERFLOW"/>
            <option display="Event GPT1 AD Trigger A" id="module.driver.transfer_on_dtc.event.event_gpt1_ad_trig_a" value="ELC_EVENT_GPT1_AD_TRIG_A"/>
            <option display="Event GPT1 AD Trigger B" id="module.driver.transfer_on_dtc.event.event_gpt1_ad_trig_b" value="ELC_EVENT_GPT1_AD_TRIG_B"/>
            <option display="Event GPT2 Capture Compare Interrupt A" id="module.driver.transfer_on_dtc.event.event_gpt2_capture_compare_int_a" value="ELC_EVENT_GPT2_CAPTURE_COMPARE_INT_A"/>
            <option display="Event GPT2 Capture Compare Interrupt B" id="module.driver.transfer_on_dtc.event.event_gpt2_capture_compare_int_b" value="ELC_EVENT_GPT2_CAPTURE_COMPARE_INT_B"/>
            <option display="Event GPT2 Compare Interrupt C" id="module.driver.transfer_on_dtc.event.event_gpt2_compare_int_c" value="ELC_EVENT_GPT2_COMPARE_INT_C"/>
            <option display="Event GPT2 Compare Interrupt D" id="module.driver.transfer_on_dtc.event.event_gpt2_compare_int_d" value="ELC_EVENT_GPT2_COMPARE_INT_D"/>
            <option display="Event GPT2 Compare Interrupt E" id="module.driver.transfer_on_dtc.event.event_gpt2_compare_int_e" value="ELC_EVENT_GPT2_COMPARE_INT_E"/>
            <option display="Event GPT2 Compare Interrupt F" id="module.driver.transfer_on_dtc.event.event_gpt2_compare_int_f" value="ELC_EVENT_GPT2_COMPARE_INT_F"/>
            <option display="Event GPT2 Counter Overflow" id="module.driver.transfer_on_dtc.event.event_gpt2_counter_overflow" value="ELC_EVENT_GPT2_COUNTER_OVERFLOW"/>
            <option display="Event GPT2 Counter Underflow" id="module.driver.transfer_on_dtc.event.event_gpt2_counter_underflow" value="ELC_EVENT_GPT2_COUNTER_UNDERFLOW"/>
            <option display="Event GPT2 AD Trigger A" id="module.driver.transfer_on_dtc.event.event_gpt2_ad_trig_a" value="ELC_EVENT_GPT2_AD_TRIG_A"/>
            <option display="Event GPT2 AD Trigger B" id="module.driver.transfer_on_dtc.event.event_gpt2_ad_trig_b" value="ELC_EVENT_GPT2_AD_TRIG_B"/>
            <option display="Event GPT3 Capture Compare Interrupt A" id="module.driver.transfer_on_dtc.event.event_gpt3_capture_compare_int_a" value="ELC_EVENT_GPT3_CAPTURE_COMPARE_INT_A"/>
            <option display="Event GPT3 Capture Compare Interrupt B" id="module.driver.transfer_on_dtc.event.event_gpt3_capture_compare_int_b" value="ELC_EVENT_GPT3_CAPTURE_COMPARE_INT_B"/>
            <option display="Event GPT3 Compare Interrupt C" id="module.driver.transfer_on_dtc.event.event_gpt3_compare_int_c" value="ELC_EVENT_GPT3_COMPARE_INT_C"/>
            <option display="Event GPT3 Compare Interrupt D" id="module.driver.transfer_on_dtc.event.event_gpt3_compare_int_d" value="ELC_EVENT_GPT3_COMPARE_INT_D"/>
            <option display="Event GPT3 Compare Interrupt E" id="module.driver.transfer_on_dtc.event.event_gpt3_compare_int_e" value="ELC_EVENT_GPT3_COMPARE_INT_E"/>
            <option display="Event GPT3 Compare Interrupt F" id="module.driver.transfer_on_dtc.event.event_gpt3_compare_int_f" value="ELC_EVENT_GPT3_COMPARE_INT_F"/>
            <option display="Event GPT3 Counter Overflow" id="module.driver.transfer_on_dtc.event.event_gpt3_counter_overflow" value="ELC_EVENT_GPT3_COUNTER_OVERFLOW"/>
            <option display="Event GPT3 Counter Underflow" id="module.driver.transfer_on_dtc.event.event_gpt3_counter_underflow" value="ELC_EVENT_GPT3_COUNTER_UNDERFLOW"/>
            <option display="Event GPT3 AD Trigger A" id="module.driver.transfer_on_dtc.event.event_gpt3_ad_trig_a" value="ELC_EVENT_GPT3_AD_TRIG_A"/>
            <option display="Event GPT3 AD Trigger B" id="module.driver.transfer_on_dtc.event.event_gpt3_ad_trig_b" value="ELC_EVENT_GPT3_AD_TRIG_B"/>
            <option display="Event GPT4 Capture Compare Interrupt A" id="module.driver.transfer_on_dtc.event.event_gpt4_capture_compare_int_a" value="ELC_EVENT_GPT4_CAPTURE_COMPARE_INT_A"/>
            <option display="Event GPT4 Capture Compare Interrupt B" id="module.driver.transfer_on_dtc.event.event_gpt4_capture_compare_int_b" value="ELC_EVENT_GPT4_CAPTURE_COMPARE_INT_B"/>
            <option display="Event GPT4 Compare Interrupt C" id="module.driver.transfer_on_dtc.event.event_gpt4_compare_int_c" value="ELC_EVENT_GPT4_COMPARE_INT_C"/>
            <option display="Event GPT4 Compare Interrupt D" id="module.driver.transfer_on_dtc.event.event_gpt4_compare_int_d" value="ELC_EVENT_GPT4_COMPARE_INT_D"/>
            <option display="Event GPT4 Compare Interrupt E" id="module.driver.transfer_on_dtc.event.event_gpt4_compare_int_e" value="ELC_EVENT_GPT4_COMPARE_INT_E"/>
            <option display="Event GPT4 Compare Interrupt F" id="module.driver.transfer_on_dtc.event.event_gpt4_compare_int_f" value="ELC_EVENT_GPT4_COMPARE_INT_F"/>
            <option display="Event GPT4 Counter Overflow" id="module.driver.transfer_on_dtc.event.event_gpt4_counter_overflow" value="ELC_EVENT_GPT4_COUNTER_OVERFLOW"/>
            <option display="Event GPT4 Counter Underflow" id="module.driver.transfer_on_dtc.event.event_gpt4_counter_underflow" value="ELC_EVENT_GPT4_COUNTER_UNDERFLOW"/>
            <option display="Event GPT4 AD Trigger A" id="module.driver.transfer_on_dtc.event.event_gpt4_ad_trig_a" value="ELC_EVENT_GPT4_AD_TRIG_A"/>
            <option display="Event GPT4 AD Trigger B" id="module.driver.transfer_on_dtc.event.event_gpt4_ad_trig_b" value="ELC_EVENT_GPT4_AD_TRIG_B"/>
            <option display="Event GPT5 Capture Compare Interrupt A" id="module.driver.transfer_on_dtc.event.event_gpt5_capture_compare_int_a" value="ELC_EVENT_GPT5_CAPTURE_COMPARE_INT_A"/>
            <option display="Event GPT5 Capture Compare Interrupt B" id="module.driver.transfer_on_dtc.event.event_gpt5_capture_compare_int_b" value="ELC_EVENT_GPT5_CAPTURE_COMPARE_INT_B"/>
            <option display="Event GPT5 Compare Interrupt C" id="module.driver.transfer_on_dtc.event.event_gpt5_compare_int_c" value="ELC_EVENT_GPT5_COMPARE_INT_C"/>
            <option display="Event GPT5 Compare Interrupt D" id="module.driver.transfer_on_dtc.event.event_gpt5_compare_int_d" value="ELC_EVENT_GPT5_COMPARE_INT_D"/>
            <option display="Event GPT5 Compare Interrupt E" id="module.driver.transfer_on_dtc.event.event_gpt5_compare_int_e" value="ELC_EVENT_GPT5_COMPARE_INT_E"/>
            <option display="Event GPT5 Compare Interrupt F" id="module.driver.transfer_on_dtc.event.event_gpt5_compare_int_f" value="ELC_EVENT_GPT5_COMPARE_INT_F"/>
            <option display="Event GPT5 Counter Overflow" id="module.driver.transfer_on_dtc.event.event_gpt5_counter_overflow" value="ELC_EVENT_GPT5_COUNTER_OVERFLOW"/>
            <option display="Event GPT5 Counter Underflow" id="module.driver.transfer_on_dtc.event.event_gpt5_counter_underflow" value="ELC_EVENT_GPT5_COUNTER_UNDERFLOW"/>
            <option display="Event GPT5 AD Trigger A" id="module.driver.transfer_on_dtc.event.event_gpt5_ad_trig_a" value="ELC_EVENT_GPT5_AD_TRIG_A"/>
            <option display="Event GPT5 AD Trigger B" id="module.driver.transfer_on_dtc.event.event_gpt5_ad_trig_b" value="ELC_EVENT_GPT5_AD_TRIG_B"/>
            <option display="Event GPT6 Capture Compare Interrupt A" id="module.driver.transfer_on_dtc.event.event_gpt6_capture_compare_int_a" value="ELC_EVENT_GPT6_CAPTURE_COMPARE_INT_A"/>
            <option display="Event GPT6 Capture Compare Interrupt B" id="module.driver.transfer_on_dtc.event.event_gpt6_capture_compare_int_b" value="ELC_EVENT_GPT6_CAPTURE_COMPARE_INT_B"/>
            <option display="Event GPT6 Compare Interrupt C" id="module.driver.transfer_on_dtc.event.event_gpt6_compare_int_c" value="ELC_EVENT_GPT6_COMPARE_INT_C"/>
            <option display="Event GPT6 Compare Interrupt D" id="module.driver.transfer_on_dtc.event.event_gpt6_compare_int_d" value="ELC_EVENT_GPT6_COMPARE_INT_D"/>
            <option display="Event GPT6 Compare Interrupt E" id="module.driver.transfer_on_dtc.event.event_gpt6_compare_int_e" value="ELC_EVENT_GPT6_COMPARE_INT_E"/>
            <option display="Event GPT6 Compare Interrupt F" id="module.driver.transfer_on_dtc.event.event_gpt6_compare_int_f" value="ELC_EVENT_GPT6_COMPARE_INT_F"/>
            <option display="Event GPT6 Counter Overflow" id="module.driver.transfer_on_dtc.event.event_gpt6_counter_overflow" value="ELC_EVENT_GPT6_COUNTER_OVERFLOW"/>
            <option display="Event GPT6 Counter Underflow" id="module.driver.transfer_on_dtc.event.event_gpt6_counter_underflow" value="ELC_EVENT_GPT6_COUNTER_UNDERFLOW"/>
            <option display="Event GPT6 AD Trigger A" id="module.driver.transfer_on_dtc.event.event_gpt6_ad_trig_a" value="ELC_EVENT_GPT6_AD_TRIG_A"/>
            <option display="Event GPT6 AD Trigger B" id="module.driver.transfer_on_dtc.event.event_gpt6_ad_trig_b" value="ELC_EVENT_GPT6_AD_TRIG_B"/>
            <option display="Event GPT7 Capture Compare Interrupt A" id="module.driver.transfer_on_dtc.event.event_gpt7_capture_compare_int_a" value="ELC_EVENT_GPT7_CAPTURE_COMPARE_INT_A"/>
            <option display="Event GPT7 Capture Compare Interrupt B" id="module.driver.transfer_on_dtc.event.event_gpt7_capture_compare_int_b" value="ELC_EVENT_GPT7_CAPTURE_COMPARE_INT_B"/>
            <option display="Event GPT7 Compare Interrupt C" id="module.driver.transfer_on_dtc.event.event_gpt7_compare_int_c" value="ELC_EVENT_GPT7_COMPARE_INT_C"/>
            <option display="Event GPT7 Compare Interrupt D" id="module.driver.transfer_on_dtc.event.event_gpt7_compare_int_d" value="ELC_EVENT_GPT7_COMPARE_INT_D"/>
            <option display="Event GPT7 Compare Interrupt E" id="module.driver.transfer_on_dtc.event.event_gpt7_compare_int_e" value="ELC_EVENT_GPT7_COMPARE_INT_E"/>
            <option display="Event GPT7 Compare Interrupt F" id="module.driver.transfer_on_dtc.event.event_gpt7_compare_int_f" value="ELC_EVENT_GPT7_COMPARE_INT_F"/>
            <option display="Event GPT7 Counter Overflow" id="module.driver.transfer_on_dtc.event.event_gpt7_counter_overflow" value="ELC_EVENT_GPT7_COUNTER_OVERFLOW"/>
            <option display="Event GPT7 Counter Underflow" id="module.driver.transfer_on_dtc.event.event_gpt7_counter_underflow" value="ELC_EVENT_GPT7_COUNTER_UNDERFLOW"/>
            <option display="Event GPT7 AD Trigger A" id="module.driver.transfer_on_dtc.event.event_gpt7_ad_trig_a" value="ELC_EVENT_GPT7_AD_TRIG_A"/>
            <option display="Event GPT7 AD Trigger B" id="module.driver.transfer_on_dtc.event.event_gpt7_ad_trig_b" value="ELC_EVENT_GPT7_AD_TRIG_B"/>
            <option display="Event GPT8 Capture Compare Interrupt A" id="module.driver.transfer_on_dtc.event.event_gpt8_capture_compare_int_a" value="ELC_EVENT_GPT8_CAPTURE_COMPARE_INT_A"/>
            <option display="Event GPT8 Capture Compare Interrupt B" id="module.driver.transfer_on_dtc.event.event_gpt8_capture_compare_int_b" value="ELC_EVENT_GPT8_CAPTURE_COMPARE_INT_B"/>
            <option display="Event GPT8 Compare Interrupt C" id="module.driver.transfer_on_dtc.event.event_gpt8_compare_int_c" value="ELC_EVENT_GPT8_COMPARE_INT_C"/>
            <option display="Event GPT8 Compare Interrupt D" id="module.driver.transfer_on_dtc.event.event_gpt8_compare_int_d" value="ELC_EVENT_GPT8_COMPARE_INT_D"/>
            <option display="Event GPT8 Compare Interrupt E" id="module.driver.transfer_on_dtc.event.event_gpt8_compare_int_e" value="ELC_EVENT_GPT8_COMPARE_INT_E"/>
            <option display="Event GPT8 Compare Interrupt F" id="module.driver.transfer_on_dtc.event.event_gpt8_compare_int_f" value="ELC_EVENT_GPT8_COMPARE_INT_F"/>
            <option display="Event GPT8 Counter Overflow" id="module.driver.transfer_on_dtc.event.event_gpt8_counter_overflow" value="ELC_EVENT_GPT8_COUNTER_OVERFLOW"/>
            <option display="Event GPT8 Counter Underflow" id="module.driver.transfer_on_dtc.event.event_gpt8_counter_underflow" value="ELC_EVENT_GPT8_COUNTER_UNDERFLOW"/>
            <option display="Event GPT8 AD Trigger A" id="module.driver.transfer_on_dtc.event.event_gpt8_ad_trig_a" value="ELC_EVENT_GPT8_AD_TRIG_A"/>
            <option display="Event GPT8 AD Trigger B" id="module.driver.transfer_on_dtc.event.event_gpt8_ad_trig_b" value="ELC_EVENT_GPT8_AD_TRIG_B"/>
            <option display="Event GPT9 Capture Compare Interrupt A" id="module.driver.transfer_on_dtc.event.event_gpt9_capture_compare_int_a" value="ELC_EVENT_GPT9_CAPTURE_COMPARE_INT_A"/>
            <option display="Event GPT9 Capture Compare Interrupt B" id="module.driver.transfer_on_dtc.event.event_gpt9_capture_compare_int_b" value="ELC_EVENT_GPT9_CAPTURE_COMPARE_INT_B"/>
            <option display="Event GPT9 Compare Interrupt C" id="module.driver.transfer_on_dtc.event.event_gpt9_compare_int_c" value="ELC_EVENT_GPT9_COMPARE_INT_C"/>
            <option display="Event GPT9 Compare Interrupt D" id="module.driver.transfer_on_dtc.event.event_gpt9_compare_int_d" value="ELC_EVENT_GPT9_COMPARE_INT_D"/>
            <option display="Event GPT9 Compare Interrupt E" id="module.driver.transfer_on_dtc.event.event_gpt9_compare_int_e" value="ELC_EVENT_GPT9_COMPARE_INT_E"/>
            <option display="Event GPT9 Compare Interrupt F" id="module.driver.transfer_on_dtc.event.event_gpt9_compare_int_f" value="ELC_EVENT_GPT9_COMPARE_INT_F"/>
            <option display="Event GPT9 Counter Overflow" id="module.driver.transfer_on_dtc.event.event_gpt9_counter_overflow" value="ELC_EVENT_GPT9_COUNTER_OVERFLOW"/>
            <option display="Event GPT9 Counter Underflow" id="module.driver.transfer_on_dtc.event.event_gpt9_counter_underflow" value="ELC_EVENT_GPT9_COUNTER_UNDERFLOW"/>
            <option display="Event GPT9 AD Trigger A" id="module.driver.transfer_on_dtc.event.event_gpt9_ad_trig_a" value="ELC_EVENT_GPT9_AD_TRIG_A"/>
            <option display="Event GPT9 AD Trigger B" id="module.driver.transfer_on_dtc.event.event_gpt9_ad_trig_b" value="ELC_EVENT_GPT9_AD_TRIG_B"/>
            <option display="Event GPT10 Capture Compare Interrupt A" id="module.driver.transfer_on_dtc.event.event_gpt10_capture_compare_int_a" value="ELC_EVENT_GPT10_CAPTURE_COMPARE_INT_A"/>
            <option display="Event GPT10 Capture Compare Interrupt B" id="module.driver.transfer_on_dtc.event.event_gpt10_capture_compare_int_b" value="ELC_EVENT_GPT10_CAPTURE_COMPARE_INT_B"/>
            <option display="Event GPT10 Compare Interrupt C" id="module.driver.transfer_on_dtc.event.event_gpt10_compare_int_c" value="ELC_EVENT_GPT10_COMPARE_INT_C"/>
            <option display="Event GPT10 Compare Interrupt D" id="module.driver.transfer_on_dtc.event.event_gpt10_compare_int_d" value="ELC_EVENT_GPT10_COMPARE_INT_D"/>
            <option display="Event GPT10 Compare Interrupt E" id="module.driver.transfer_on_dtc.event.event_gpt10_compare_int_e" value="ELC_EVENT_GPT10_COMPARE_INT_E"/>
            <option display="Event GPT10 Compare Interrupt F" id="module.driver.transfer_on_dtc.event.event_gpt10_compare_int_f" value="ELC_EVENT_GPT10_COMPARE_INT_F"/>
            <option display="Event GPT10 Counter Overflow" id="module.driver.transfer_on_dtc.event.event_gpt10_counter_overflow" value="ELC_EVENT_GPT10_COUNTER_OVERFLOW"/>
            <option display="Event GPT10 Counter Underflow" id="module.driver.transfer_on_dtc.event.event_gpt10_counter_underflow" value="ELC_EVENT_GPT10_COUNTER_UNDERFLOW"/>
            <option display="Event GPT10 AD Trigger A" id="module.driver.transfer_on_dtc.event.event_gpt10_ad_trig_a" value="ELC_EVENT_GPT10_AD_TRIG_A"/>
            <option display="Event GPT10 AD Trigger B" id="module.driver.transfer_on_dtc.event.event_gpt10_ad_trig_b" value="ELC_EVENT_GPT10_AD_TRIG_B"/>
            <option display="Event GPT11 Capture Compare Interrupt A" id="module.driver.transfer_on_dtc.event.event_gpt11_capture_compare_int_a" value="ELC_EVENT_GPT11_CAPTURE_COMPARE_INT_A"/>
            <option display="Event GPT11 Capture Compare Interrupt B" id="module.driver.transfer_on_dtc.event.event_gpt11_capture_compare_int_b" value="ELC_EVENT_GPT11_CAPTURE_COMPARE_INT_B"/>
            <option display="Event GPT11 Compare Interrupt C" id="module.driver.transfer_on_dtc.event.event_gpt11_compare_int_c" value="ELC_EVENT_GPT11_COMPARE_INT_C"/>
            <option display="Event GPT11 Compare Interrupt D" id="module.driver.transfer_on_dtc.event.event_gpt11_compare_int_d" value="ELC_EVENT_GPT11_COMPARE_INT_D"/>
            <option display="Event GPT11 Compare Interrupt E" id="module.driver.transfer_on_dtc.event.event_gpt11_compare_int_e" value="ELC_EVENT_GPT11_COMPARE_INT_E"/>
            <option display="Event GPT11 Compare Interrupt F" id="module.driver.transfer_on_dtc.event.event_gpt11_compare_int_f" value="ELC_EVENT_GPT11_COMPARE_INT_F"/>
            <option display="Event GPT11 Counter Overflow" id="module.driver.transfer_on_dtc.event.event_gpt11_counter_overflow" value="ELC_EVENT_GPT11_COUNTER_OVERFLOW"/>
            <option display="Event GPT11 Counter Underflow" id="module.driver.transfer_on_dtc.event.event_gpt11_counter_underflow" value="ELC_EVENT_GPT11_COUNTER_UNDERFLOW"/>
            <option display="Event GPT11 AD Trigger A" id="module.driver.transfer_on_dtc.event.event_gpt11_ad_trig_a" value="ELC_EVENT_GPT11_AD_TRIG_A"/>
            <option display="Event GPT11 AD Trigger B" id="module.driver.transfer_on_dtc.event.event_gpt11_ad_trig_b" value="ELC_EVENT_GPT11_AD_TRIG_B"/>
            <option display="Event GPT12 Capture Compare Interrupt A" id="module.driver.transfer_on_dtc.event.event_gpt12_capture_compare_int_a" value="ELC_EVENT_GPT12_CAPTURE_COMPARE_INT_A"/>
            <option display="Event GPT12 Capture Compare Interrupt B" id="module.driver.transfer_on_dtc.event.event_gpt12_capture_compare_int_b" value="ELC_EVENT_GPT12_CAPTURE_COMPARE_INT_B"/>
            <option display="Event GPT12 Compare Interrupt C" id="module.driver.transfer_on_dtc.event.event_gpt12_compare_int_c" value="ELC_EVENT_GPT12_COMPARE_INT_C"/>
            <option display="Event GPT12 Compare Interrupt D" id="module.driver.transfer_on_dtc.event.event_gpt12_compare_int_d" value="ELC_EVENT_GPT12_COMPARE_INT_D"/>
            <option display="Event GPT12 Compare Interrupt E" id="module.driver.transfer_on_dtc.event.event_gpt12_compare_int_e" value="ELC_EVENT_GPT12_COMPARE_INT_E"/>
            <option display="Event GPT12 Compare Interrupt F" id="module.driver.transfer_on_dtc.event.event_gpt12_compare_int_f" value="ELC_EVENT_GPT12_COMPARE_INT_F"/>
            <option display="Event GPT12 Counter Overflow" id="module.driver.transfer_on_dtc.event.event_gpt12_counter_overflow" value="ELC_EVENT_GPT12_COUNTER_OVERFLOW"/>
            <option display="Event GPT12 Counter Underflow" id="module.driver.transfer_on_dtc.event.event_gpt12_counter_underflow" value="ELC_EVENT_GPT12_COUNTER_UNDERFLOW"/>
            <option display="Event GPT12 AD Trigger A" id="module.driver.transfer_on_dtc.event.event_gpt12_ad_trig_a" value="ELC_EVENT_GPT12_AD_TRIG_A"/>
            <option display="Event GPT12 AD Trigger B" id="module.driver.transfer_on_dtc.event.event_gpt12_ad_trig_b" value="ELC_EVENT_GPT12_AD_TRIG_B"/>
            <option display="Event GPT13 Capture Compare Interrupt A" id="module.driver.transfer_on_dtc.event.event_gpt13_capture_compare_int_a" value="ELC_EVENT_GPT13_CAPTURE_COMPARE_INT_A"/>
            <option display="Event GPT13 Capture Compare Interrupt B" id="module.driver.transfer_on_dtc.event.event_gpt13_capture_compare_int_b" value="ELC_EVENT_GPT13_CAPTURE_COMPARE_INT_B"/>
            <option display="Event GPT13 Compare Interrupt C" id="module.driver.transfer_on_dtc.event.event_gpt13_compare_int_c" value="ELC_EVENT_GPT13_COMPARE_INT_C"/>
            <option display="Event GPT13 Compare Interrupt D" id="module.driver.transfer_on_dtc.event.event_gpt13_compare_int_d" value="ELC_EVENT_GPT13_COMPARE_INT_D"/>
            <option display="Event GPT13 Compare Interrupt E" id="module.driver.transfer_on_dtc.event.event_gpt13_compare_int_e" value="ELC_EVENT_GPT13_COMPARE_INT_E"/>
            <option display="Event GPT13 Compare Interrupt F" id="module.driver.transfer_on_dtc.event.event_gpt13_compare_int_f" value="ELC_EVENT_GPT13_COMPARE_INT_F"/>
            <option display="Event GPT13 Counter Overflow" id="module.driver.transfer_on_dtc.event.event_gpt13_counter_overflow" value="ELC_EVENT_GPT13_COUNTER_OVERFLOW"/>
            <option display="Event GPT13 Counter Underflow" id="module.driver.transfer_on_dtc.event.event_gpt13_counter_underflow" value="ELC_EVENT_GPT13_COUNTER_UNDERFLOW"/>
            <option display="Event GPT13 AD Trigger A" id="module.driver.transfer_on_dtc.event.event_gpt13_ad_trig_a" value="ELC_EVENT_GPT13_AD_TRIG_A"/>
            <option display="Event GPT13 AD Trigger B" id="module.driver.transfer_on_dtc.event.event_gpt13_ad_trig_b" value="ELC_EVENT_GPT13_AD_TRIG_B"/>
            <option display="Event GPT14 Capture Compare Interrupt A" id="module.driver.transfer_on_dtc.event.event_gpt14_capture_compare_int_a" value="ELC_EVENT_GPT14_CAPTURE_COMPARE_INT_A"/>
            <option display="Event GPT14 Capture Compare Interrupt B" id="module.driver.transfer_on_dtc.event.event_gpt14_capture_compare_int_b" value="ELC_EVENT_GPT14_CAPTURE_COMPARE_INT_B"/>
            <option display="Event GPT14 Compare Interrupt C" id="module.driver.transfer_on_dtc.event.event_gpt14_compare_int_c" value="ELC_EVENT_GPT14_COMPARE_INT_C"/>
            <option display="Event GPT14 Compare Interrupt D" id="module.driver.transfer_on_dtc.event.event_gpt14_compare_int_d" value="ELC_EVENT_GPT14_COMPARE_INT_D"/>
            <option display="Event GPT14 Compare Interrupt E" id="module.driver.transfer_on_dtc.event.event_gpt14_compare_int_e" value="ELC_EVENT_GPT14_COMPARE_INT_E"/>
            <option display="Event GPT14 Compare Interrupt F" id="module.driver.transfer_on_dtc.event.event_gpt14_compare_int_f" value="ELC_EVENT_GPT14_COMPARE_INT_F"/>
            <option display="Event GPT14 Counter Overflow" id="module.driver.transfer_on_dtc.event.event_gpt14_counter_overflow" value="ELC_EVENT_GPT14_COUNTER_OVERFLOW"/>
            <option display="Event GPT14 Counter Underflow" id="module.driver.transfer_on_dtc.event.event_gpt14_counter_underflow" value="ELC_EVENT_GPT14_COUNTER_UNDERFLOW"/>
            <option display="Event GPT14 AD Trigger A" id="module.driver.transfer_on_dtc.event.event_gpt14_ad_trig_a" value="ELC_EVENT_GPT14_AD_TRIG_A"/>
            <option display="Event GPT14 AD Trigger B" id="module.driver.transfer_on_dtc.event.event_gpt14_ad_trig_b" value="ELC_EVENT_GPT14_AD_TRIG_B"/>
            <option display="Event GPT15 Capture Compare Interrupt A" id="module.driver.transfer_on_dtc.event.event_gpt15_capture_compare_int_a" value="ELC_EVENT_GPT15_CAPTURE_COMPARE_INT_A"/>
            <option display="Event GPT15 Capture Compare Interrupt B" id="module.driver.transfer_on_dtc.event.event_gpt15_capture_compare_int_b" value="ELC_EVENT_GPT15_CAPTURE_COMPARE_INT_B"/>
            <option display="Event GPT15 Compare Interrupt C" id="module.driver.transfer_on_dtc.event.event_gpt15_compare_int_c" value="ELC_EVENT_GPT15_COMPARE_INT_C"/>
            <option display="Event GPT15 Compare Interrupt D" id="module.driver.transfer_on_dtc.event.event_gpt15_compare_int_d" value="ELC_EVENT_GPT15_COMPARE_INT_D"/>
            <option display="Event GPT15 Compare Interrupt E" id="module.driver.transfer_on_dtc.event.event_gpt15_compare_int_e" value="ELC_EVENT_GPT15_COMPARE_INT_E"/>
            <option display="Event GPT15 Compare Interrupt F" id="module.driver.transfer_on_dtc.event.event_gpt15_compare_int_f" value="ELC_EVENT_GPT15_COMPARE_INT_F"/>
            <option display="Event GPT15 Counter Overflow" id="module.driver.transfer_on_dtc.event.event_gpt15_counter_overflow" value="ELC_EVENT_GPT15_COUNTER_OVERFLOW"/>
            <option display="Event GPT15 Counter Underflow" id="module.driver.transfer_on_dtc.event.event_gpt15_counter_underflow" value="ELC_EVENT_GPT15_COUNTER_UNDERFLOW"/>
            <option display="Event GPT15 AD Trigger A" id="module.driver.transfer_on_dtc.event.event_gpt15_ad_trig_a" value="ELC_EVENT_GPT15_AD_TRIG_A"/>
            <option display="Event GPT15 AD Trigger B" id="module.driver.transfer_on_dtc.event.event_gpt15_ad_trig_b" value="ELC_EVENT_GPT15_AD_TRIG_B"/>
            <option display="Event GPT UVW Edge" id="module.driver.transfer_on_dtc.event.event_gpt_uvw_edge" value="ELC_EVENT_GPT_UVW_EDGE"/>
            <option display="Event ETHER IPLS" id="module.driver.transfer_on_dtc.event.event_ether_ipls" value="ELC_EVENT_ETHER_IPLS"/>
            <option display="Event ETHER MINT" id="module.driver.transfer_on_dtc.event.event_ether_mint" value="ELC_EVENT_ETHER_MINT"/>
            <option display="Event ETHER PINT" id="module.driver.transfer_on_dtc.event.event_ether_pint" value="ELC_EVENT_ETHER_PINT"/>
            <option display="Event ETHER EINT0" id="module.driver.transfer_on_dtc.event.event_ether_eint0" value="ELC_EVENT_ETHER_EINT0"/>
            <option display="Event ETHER EINT1" id="module.driver.transfer_on_dtc.event.event_ether_eint1" value="ELC_EVENT_ETHER_EINT1"/>
            <option display="Event ETHER ETHER0 Rise" id="module.driver.transfer_on_dtc.event.event_ether_ether0_rise" value="ELC_EVENT_ETHER_ETHER0_RISE"/>
            <option display="Event ETHER ETHER1 Rise" id="module.driver.transfer_on_dtc.event.event_ether_ether1_rise" value="ELC_EVENT_ETHER_ETHER1_RISE"/>
            <option display="Event ETHER ETHER2 Rise" id="module.driver.transfer_on_dtc.event.event_ether_ether2_rise" value="ELC_EVENT_ETHER_ETHER2_RISE"/>
            <option display="Event ETHER ETHER3 Rise" id="module.driver.transfer_on_dtc.event.event_ether_ether3_rise" value="ELC_EVENT_ETHER_ETHER3_RISE"/>
            <option display="Event ETHER ETHER4 Rise" id="module.driver.transfer_on_dtc.event.event_ether_ether4_rise" value="ELC_EVENT_ETHER_ETHER4_RISE"/>
            <option display="Event ETHER ETHER5 Rise" id="module.driver.transfer_on_dtc.event.event_ether_ether5_rise" value="ELC_EVENT_ETHER_ETHER5_RISE"/>
            <option display="Event ETHER ETHER0 Fall" id="module.driver.transfer_on_dtc.event.event_ether_ether0_fall" value="ELC_EVENT_ETHER_ETHER0_FALL"/>
            <option display="Event ETHER ETHER1 Fall" id="module.driver.transfer_on_dtc.event.event_ether_ether1_fall" value="ELC_EVENT_ETHER_ETHER1_FALL"/>
            <option display="Event ETHER ETHER2 Fall" id="module.driver.transfer_on_dtc.event.event_ether_ether2_fall" value="ELC_EVENT_ETHER_ETHER2_FALL"/>
            <option display="Event ETHER ETHER3 Fall" id="module.driver.transfer_on_dtc.event.event_ether_ether3_fall" value="ELC_EVENT_ETHER_ETHER3_FALL"/>
            <option display="Event ETHER ETHER4 Fall" id="module.driver.transfer_on_dtc.event.event_ether_ether4_fall" value="ELC_EVENT_ETHER_ETHER4_FALL"/>
            <option display="Event ETHER ETHER5 Fall" id="module.driver.transfer_on_dtc.event.event_ether_ether5_fall" value="ELC_EVENT_ETHER_ETHER5_FALL"/>
            <option display="Event USBHS D0FIFO" id="module.driver.transfer_on_dtc.event.event_usbhs_d0fifo" value="ELC_EVENT_USBHS_D0FIFO"/>
            <option display="Event USBHS D1FIFO" id="module.driver.transfer_on_dtc.event.event_usbhs_d1fifo" value="ELC_EVENT_USBHS_D1FIFO"/>
            <option display="Event USBHS USBIR" id="module.driver.transfer_on_dtc.event.event_usbhs_usbir" value="ELC_EVENT_USBHS_USBIR"/>
            <option display="Event SCI0 RXI" id="module.driver.transfer_on_dtc.event.event_sci0_rxi" value="ELC_EVENT_SCI0_RXI"/>
            <option display="Event SCI0 TXI" id="module.driver.transfer_on_dtc.event.event_sci0_txi" value="ELC_EVENT_SCI0_TXI"/>
            <option display="Event SCI0 TEI" id="module.driver.transfer_on_dtc.event.event_sci0_tei" value="ELC_EVENT_SCI0_TEI"/>
            <option display="Event SCI0 ERI" id="module.driver.transfer_on_dtc.event.event_sci0_eri" value="ELC_EVENT_SCI0_ERI"/>
            <option display="Event SCI0 AM" id="module.driver.transfer_on_dtc.event.event_sci0_am" value="ELC_EVENT_SCI0_AM"/>
            <option display="Event SCI0 RXI Or ERI" id="module.driver.transfer_on_dtc.event.event_sci0_rxi_or_eri" value="ELC_EVENT_SCI0_RXI_OR_ERI"/>
            <option display="Event SCI1 RXI" id="module.driver.transfer_on_dtc.event.event_sci1_rxi" value="ELC_EVENT_SCI1_RXI"/>
            <option display="Event SCI1 TXI" id="module.driver.transfer_on_dtc.event.event_sci1_txi" value="ELC_EVENT_SCI1_TXI"/>
            <option display="Event SCI1 TEI" id="module.driver.transfer_on_dtc.event.event_sci1_tei" value="ELC_EVENT_SCI1_TEI"/>
            <option display="Event SCI1 ERI" id="module.driver.transfer_on_dtc.event.event_sci1_eri" value="ELC_EVENT_SCI1_ERI"/>
            <option display="Event SCI1 AM" id="module.driver.transfer_on_dtc.event.event_sci1_am" value="ELC_EVENT_SCI1_AM"/>
            <option display="Event SCI2 RXI" id="module.driver.transfer_on_dtc.event.event_sci2_rxi" value="ELC_EVENT_SCI2_RXI"/>
            <option display="Event SCI2 TXI" id="module.driver.transfer_on_dtc.event.event_sci2_txi" value="ELC_EVENT_SCI2_TXI"/>
            <option display="Event SCI2 TEI" id="module.driver.transfer_on_dtc.event.event_sci2_tei" value="ELC_EVENT_SCI2_TEI"/>
            <option display="Event SCI2 ERI" id="module.driver.transfer_on_dtc.event.event_sci2_eri" value="ELC_EVENT_SCI2_ERI"/>
            <option display="Event SCI2 AM" id="module.driver.transfer_on_dtc.event.event_sci2_am" value="ELC_EVENT_SCI2_AM"/>
            <option display="Event SCI3 RXI" id="module.driver.transfer_on_dtc.event.event_sci3_rxi" value="ELC_EVENT_SCI3_RXI"/>
            <option display="Event SCI3 TXI" id="module.driver.transfer_on_dtc.event.event_sci3_txi" value="ELC_EVENT_SCI3_TXI"/>
            <option display="Event SCI3 TEI" id="module.driver.transfer_on_dtc.event.event_sci3_tei" value="ELC_EVENT_SCI3_TEI"/>
            <option display="Event SCI3 ERI" id="module.driver.transfer_on_dtc.event.event_sci3_eri" value="ELC_EVENT_SCI3_ERI"/>
            <option display="Event SCI3 AM" id="module.driver.transfer_on_dtc.event.event_sci3_am" value="ELC_EVENT_SCI3_AM"/>
            <option display="Event SCI4 RXI" id="module.driver.transfer_on_dtc.event.event_sci4_rxi" value="ELC_EVENT_SCI4_RXI"/>
            <option display="Event SCI4 TXI" id="module.driver.transfer_on_dtc.event.event_sci4_txi" value="ELC_EVENT_SCI4_TXI"/>
            <option display="Event SCI4 TEI" id="module.driver.transfer_on_dtc.event.event_sci4_tei" value="ELC_EVENT_SCI4_TEI"/>
            <option display="Event SCI4 ERI" id="module.driver.transfer_on_dtc.event.event_sci4_eri" value="ELC_EVENT_SCI4_ERI"/>
            <option display="Event SCI4 AM" id="module.driver.transfer_on_dtc.event.event_sci4_am" value="ELC_EVENT_SCI4_AM"/>
            <option display="Event SCI5 RXI" id="module.driver.transfer_on_dtc.event.event_sci5_rxi" value="ELC_EVENT_SCI5_RXI"/>
            <option display="Event SCI5 TXI" id="module.driver.transfer_on_dtc.event.event_sci5_txi" value="ELC_EVENT_SCI5_TXI"/>
            <option display="Event SCI5 TEI" id="module.driver.transfer_on_dtc.event.event_sci5_tei" value="ELC_EVENT_SCI5_TEI"/>
            <option display="Event SCI5 ERI" id="module.driver.transfer_on_dtc.event.event_sci5_eri" value="ELC_EVENT_SCI5_ERI"/>
            <option display="Event SCI5 AM" id="module.driver.transfer_on_dtc.event.event_sci5_am" value="ELC_EVENT_SCI5_AM"/>
            <option display="Event SCI6 RXI" id="module.driver.transfer_on_dtc.event.event_sci6_rxi" value="ELC_EVENT_SCI6_RXI"/>
            <option display="Event SCI6 TXI" id="module.driver.transfer_on_dtc.event.event_sci6_txi" value="ELC_EVENT_SCI6_TXI"/>
            <option display="Event SCI6 TEI" id="module.driver.transfer_on_dtc.event.event_sci6_tei" value="ELC_EVENT_SCI6_TEI"/>
            <option display="Event SCI6 ERI" id="module.driver.transfer_on_dtc.event.event_sci6_eri" value="ELC_EVENT_SCI6_ERI"/>
            <option display="Event SCI6 AM" id="module.driver.transfer_on_dtc.event.event_sci6_am" value="ELC_EVENT_SCI6_AM"/>
            <option display="Event SCI7 RXI" id="module.driver.transfer_on_dtc.event.event_sci7_rxi" value="ELC_EVENT_SCI7_RXI"/>
            <option display="Event SCI7 TXI" id="module.driver.transfer_on_dtc.event.event_sci7_txi" value="ELC_EVENT_SCI7_TXI"/>
            <option display="Event SCI7 TEI" id="module.driver.transfer_on_dtc.event.event_sci7_tei" value="ELC_EVENT_SCI7_TEI"/>
            <option display="Event SCI7 ERI" id="module.driver.transfer_on_dtc.event.event_sci7_eri" value="ELC_EVENT_SCI7_ERI"/>
            <option display="Event SCI7 AM" id="module.driver.transfer_on_dtc.event.event_sci7_am" value="ELC_EVENT_SCI7_AM"/>
            <option display="Event SCI8 RXI" id="module.driver.transfer_on_dtc.event.event_sci8_rxi" value="ELC_EVENT_SCI8_RXI"/>
            <option display="Event SCI8 TXI" id="module.driver.transfer_on_dtc.event.event_sci8_txi" value="ELC_EVENT_SCI8_TXI"/>
            <option display="Event SCI8 TEI" id="module.driver.transfer_on_dtc.event.event_sci8_tei" value="ELC_EVENT_SCI8_TEI"/>
            <option display="Event SCI8 ERI" id="module.driver.transfer_on_dtc.event.event_sci8_eri" value="ELC_EVENT_SCI8_ERI"/>
            <option display="Event SCI8 AM" id="module.driver.transfer_on_dtc.event.event_sci8_am" value="ELC_EVENT_SCI8_AM"/>
            <option display="Event SCI9 RXI" id="module.driver.transfer_on_dtc.event.event_sci9_rxi" value="ELC_EVENT_SCI9_RXI"/>
            <option display="Event SCI9 TXI" id="module.driver.transfer_on_dtc.event.event_sci9_txi" value="ELC_EVENT_SCI9_TXI"/>
            <option display="Event SCI9 TEI" id="module.driver.transfer_on_dtc.event.event_sci9_tei" value="ELC_EVENT_SCI9_TEI"/>
            <option display="Event SCI9 ERI" id="module.driver.transfer_on_dtc.event.event_sci9_eri" value="ELC_EVENT_SCI9_ERI"/>
            <option display="Event SCI9 AM" id="module.driver.transfer_on_dtc.event.event_sci9_am" value="ELC_EVENT_SCI9_AM"/>
            <option display="Event RSPI0 SPRI" id="module.driver.transfer_on_dtc.event.event_rspi0_spri" value="ELC_EVENT_RSPI0_SPRI"/>
            <option display="Event RSPI0 SPTI" id="module.driver.transfer_on_dtc.event.event_rspi0_spti" value="ELC_EVENT_RSPI0_SPTI"/>
            <option display="Event RSPI0 SPII" id="module.driver.transfer_on_dtc.event.event_rspi0_spii" value="ELC_EVENT_RSPI0_SPII"/>
            <option display="Event RSPI0 SPEI" id="module.driver.transfer_on_dtc.event.event_rspi0_spei" value="ELC_EVENT_RSPI0_SPEI"/>
            <option display="Event RSPI0 SP ELCTEND" id="module.driver.transfer_on_dtc.event.event_rspi0_sp_elctend" value="ELC_EVENT_RSPI0_SP_ELCTEND"/>
            <option display="Event RSPI1 SPRI" id="module.driver.transfer_on_dtc.event.event_rspi1_spri" value="ELC_EVENT_RSPI1_SPRI"/>
            <option display="Event RSPI1 SPTI" id="module.driver.transfer_on_dtc.event.event_rspi1_spti" value="ELC_EVENT_RSPI1_SPTI"/>
            <option display="Event RSPI1 SPII" id="module.driver.transfer_on_dtc.event.event_rspi1_spii" value="ELC_EVENT_RSPI1_SPII"/>
            <option display="Event RSPI1 SPEI" id="module.driver.transfer_on_dtc.event.event_rspi1_spei" value="ELC_EVENT_RSPI1_SPEI"/>
            <option display="Event RSPI1 SP ELCTEND" id="module.driver.transfer_on_dtc.event.event_rspi1_sp_elctend" value="ELC_EVENT_RSPI1_SP_ELCTEND"/>
            <option display="Event QSPI Interrupt" id="module.driver.transfer_on_dtc.event.event_qspi_intr" value="ELC_EVENT_QSPI_INTR"/>
            <option display="Event SDHI MMC0 ACCS" id="module.driver.transfer_on_dtc.event.event_sdhi_mmc0_accs" value="ELC_EVENT_SDHI_MMC0_ACCS"/>
            <option display="Event SDHI MMC0 SDIO" id="module.driver.transfer_on_dtc.event.event_sdhi_mmc0_sdio" value="ELC_EVENT_SDHI_MMC0_SDIO"/>
            <option display="Event SDHI MMC0 Card" id="module.driver.transfer_on_dtc.event.event_sdhi_mmc0_card" value="ELC_EVENT_SDHI_MMC0_CARD"/>
            <option display="Event SDHI MMC0 ODMSDBREQ" id="module.driver.transfer_on_dtc.event.event_sdhi_mmc0_odmsdbreq" value="ELC_EVENT_SDHI_MMC0_ODMSDBREQ"/>
            <option display="Event SDHI MMC1 ACCS" id="module.driver.transfer_on_dtc.event.event_sdhi_mmc1_accs" value="ELC_EVENT_SDHI_MMC1_ACCS"/>
            <option display="Event SDHI MMC1 SDIO" id="module.driver.transfer_on_dtc.event.event_sdhi_mmc1_sdio" value="ELC_EVENT_SDHI_MMC1_SDIO"/>
            <option display="Event SDHI MMC1 Card" id="module.driver.transfer_on_dtc.event.event_sdhi_mmc1_card" value="ELC_EVENT_SDHI_MMC1_CARD"/>
            <option display="Event SDHI MMC1 ODMSDBREQ" id="module.driver.transfer_on_dtc.event.event_sdhi_mmc1_odmsdbreq" value="ELC_EVENT_SDHI_MMC1_ODMSDBREQ"/>
            <option display="Event EXT Divider INTMD" id="module.driver.transfer_on_dtc.event.event_ext_divider_intmd" value="ELC_EVENT_EXT_DIVIDER_INTMD"/>
            <option display="Event TSIP Proc Busy N" id="module.driver.transfer_on_dtc.event.event_tsip_proc_busy_n" value="ELC_EVENT_TSIP_PROC_BUSY_N"/>
            <option display="Event TSIP ROMOK N" id="module.driver.transfer_on_dtc.event.event_tsip_romok_n" value="ELC_EVENT_TSIP_ROMOK_N"/>
            <option display="Event TSIP Long Polling N" id="module.driver.transfer_on_dtc.event.event_tsip_long_plg_n" value="ELC_EVENT_TSIP_LONG_PLG_N"/>
            <option display="Event TSIP Test Busy N" id="module.driver.transfer_on_dtc.event.event_tsip_test_busy_n" value="ELC_EVENT_TSIP_TEST_BUSY_N"/>
            <option display="Event TSIP WRRDY 0 N" id="module.driver.transfer_on_dtc.event.event_tsip_wrrdy_0_n" value="ELC_EVENT_TSIP_WRRDY_0_N"/>
            <option display="Event TSIP WRRDY 1 N" id="module.driver.transfer_on_dtc.event.event_tsip_wrrdy_1_n" value="ELC_EVENT_TSIP_WRRDY_1_N"/>
            <option display="Event TSIP WRRDY 4 N" id="module.driver.transfer_on_dtc.event.event_tsip_wrrdy_4_n" value="ELC_EVENT_TSIP_WRRDY_4_N"/>
            <option display="Event TSIP RDRDY 0 N" id="module.driver.transfer_on_dtc.event.event_tsip_rdrdy_0_n" value="ELC_EVENT_TSIP_RDRDY_0_N"/>
            <option display="Event TSIP RDRDY 1 N" id="module.driver.transfer_on_dtc.event.event_tsip_rdrdy_1_n" value="ELC_EVENT_TSIP_RDRDY_1_N"/>
            <option display="Event TSIP Integrate WRRDY N" id="module.driver.transfer_on_dtc.event.event_tsip_integrate_wrrdy_n" value="ELC_EVENT_TSIP_INTEGRATE_WRRDY_N"/>
            <option display="Event TSIP Integrate RDRDY N" id="module.driver.transfer_on_dtc.event.event_tsip_integrate_rdrdy_n" value="ELC_EVENT_TSIP_INTEGRATE_RDRDY_N"/>
            <option display="Event LCDC LCDC Level 0" id="module.driver.transfer_on_dtc.event.event_lcdc_lcdc_level_0" value="ELC_EVENT_LCDC_LCDC_LEVEL_0"/>
            <option display="Event LCDC LCDC Level 1" id="module.driver.transfer_on_dtc.event.event_lcdc_lcdc_level_1" value="ELC_EVENT_LCDC_LCDC_LEVEL_1"/>
            <option display="Event LCDC LCDC Level 2" id="module.driver.transfer_on_dtc.event.event_lcdc_lcdc_level_2" value="ELC_EVENT_LCDC_LCDC_LEVEL_2"/>
            <option display="Event 2D Engine IRQ" id="module.driver.transfer_on_dtc.event.event_twod_engine_irq" value="ELC_EVENT_TWOD_ENGINE_IRQ"/>
            <option display="Event JPEG JEDI" id="module.driver.transfer_on_dtc.event.event_jpeg_jedi" value="ELC_EVENT_JPEG_JEDI"/>
            <option display="Event JPEG JDTI" id="module.driver.transfer_on_dtc.event.event_jpeg_jdti" value="ELC_EVENT_JPEG_JDTI"/>
        </property>
        <property default="module.driver.transfer_on_dtc.auto_enable.true" display="Auto Enable" id="module.driver.transfer_on_dtc.auto_enable">
            <option display="True" id="module.driver.transfer_on_dtc.auto_enable.true" value="true"/>
            <option display="False" id="module.driver.transfer_on_dtc.auto_enable.false" value="false"/>
        </property>
        <property default="NULL" display="Callback (Only valid with Software start)" id="module.driver.transfer_on_dtc.p_callback">
            <constraint display="Name must be a valid C symbol">testSymbol("${module.driver.transfer_on_dtc.p_callback}")</constraint>
        </property>
        <header>
            /* Transfer on DTC Instance. */
            extern const transfer_instance_t ${module.driver.transfer_on_dtc.name};
        </header>
        <includes>#include &quot;r_dtc.h&quot;
#include &quot;r_transfer_api.h&quot;</includes>
        <declarations>#ifdef ${module.driver.transfer_on_dtc.p_callback}
#define DTC_CALLBACK_USED_${module.driver.transfer_on_dtc.name} (0)
#else
#define DTC_CALLBACK_USED_${module.driver.transfer_on_dtc.name} (1)
#endif
#if DTC_CALLBACK_USED_${module.driver.transfer_on_dtc.name}
void ${module.driver.transfer_on_dtc.p_callback}(transfer_callback_args_t * p_args);
#endif
transfer_ctrl_t ${module.driver.transfer_on_dtc.name}_ctrl;
transfer_info_t ${module.driver.transfer_on_dtc.name}_info =
{
    .dest_addr_mode      = ${module.driver.transfer_on_dtc.dest_addr_mode},
    .repeat_area         = ${module.driver.transfer_on_dtc.repeat_area},
    .irq                 = ${module.driver.transfer_on_dtc.interrupt},
    .chain_mode          = TRANSFER_CHAIN_MODE_DISABLED,
    .src_addr_mode       = ${module.driver.transfer_on_dtc.src_addr_mode},
    .size                = ${module.driver.transfer_on_dtc.size},
    .mode                = ${module.driver.transfer_on_dtc.mode},
    .p_dest              = (void * volatile) ${module.driver.transfer_on_dtc.p_dest},
    .p_src               = (void const * volatile) ${module.driver.transfer_on_dtc.p_src},
    .num_blocks          = ${module.driver.transfer_on_dtc.num_blocks},
    .length              = ${module.driver.transfer_on_dtc.length},
};
const transfer_cfg_t ${module.driver.transfer_on_dtc.name}_cfg =
{
    .p_info              = &amp;${module.driver.transfer_on_dtc.name}_info,
    .activation_source   = ${module.driver.transfer_on_dtc.activation_source},
    .auto_enable         = ${module.driver.transfer_on_dtc.auto_enable},
    .p_callback          = ${module.driver.transfer_on_dtc.p_callback},
    .p_context           = &amp;${module.driver.transfer_on_dtc.name},
};
/* Instance structure to use this module. */
const transfer_instance_t ${module.driver.transfer_on_dtc.name} = 
{
    .p_ctrl        = &amp;${module.driver.transfer_on_dtc.name}_ctrl,
    .p_cfg         = &amp;${module.driver.transfer_on_dtc.name}_cfg,
    .p_api         = &amp;g_transfer_on_dtc
};
</declarations>
    </module>
</synergyModuleDescription>
