<?xml version="1.0" ?>
<synergyModuleDescription>
    <config id="config.framework.thread_monitor" path="framework/sf_thread_monitor_cfg.h" version="0">
        <property id="config.framework.thread_monitor.param_checking_enable" display="Parameter Checking" default="config.framework.thread_monitor.param_checking_enable.bsp">
            <option id="config.framework.thread_monitor.param_checking_enable.bsp" display="Default (BSP)" value="BSP_CFG_PARAM_CHECKING_ENABLE" />      
            <option id="config.framework.thread_monitor.param_checking_enable.enabled" display="Enabled" value="(1)" />
            <option id="config.framework.thread_monitor.param_checking_enable.disabled" display="Disabled" value="(0)" />      
        </property>
        <property id="config.framework.thread_monitor.wdt_support" display="Include Support for WDT" default="config.framework.thread_monitor.wdt_support.enabled">
            <option id="config.framework.thread_monitor.wdt_support.enabled" display="Included" value="(1)" />
            <option id="config.framework.thread_monitor.wdt_support.disabled" display="Excluded" value="(0)" />       
        </property>
        <property id="config.framework.thread_monitor.iwdt_support" display="Include Support for IWDT" default="config.framework.thread_monitor.iwdt_support.disabled">
            <option id="config.framework.thread_monitor.iwdt_support.enabled" display="Included" value="(1)" />
            <option id="config.framework.thread_monitor.iwdt_support.disabled" display="Excluded" value="(0)" />      
        </property>
        <property id="config.framework.thread_monitor.profiling_mode" display="Profiling Mode" default="config.framework.thread_monitor.profiling_mode.disabled">
            <option id="config.framework.thread_monitor.profiling_mode.enabled" display="Enabled" value="(1)" />
            <option id="config.framework.thread_monitor.profiling_mode.disabled" display="Disabled" value="(0)" />        
        </property>
        <property id="config.framework.thread_monitor.debugger_mode" display="Use the Thread Monitor With a Debugger" default="config.framework.thread_monitor.debugger_mode.disabled">
            <option id="config.framework.thread_monitor.debugger_mode.enabled" display="Enabled" value="(1)" />
            <option id="config.framework.thread_monitor.debugger_mode.disabled" display="Disabled" value="(0)" />       
        </property>
        <property id="config.framework.thread_monitor.max_wdt_threads" display="Maximum Number of WDT Monitored Threads" default="5">
            <constraint display="Value must be an integer">testInteger("${config.framework.thread_monitor.max_wdt_threads}")</constraint>
        </property>
        <property id="config.framework.thread_monitor.max_iwdt_threads" display="Maximum Number of IWDT Monitored Threads" default="5">
            <constraint display="Value must be an integer">testInteger("${config.framework.thread_monitor.max_iwdt_threads}")</constraint>
        </property>
        <property id="config.framework.thread_monitor.thread_priority" display="Priority of Thread Monitor Thread" default="1">
            <constraint display="Value must be an integer">testInteger("${config.framework.thread_monitor.thread_priority}")</constraint>
        </property>
        <property id="config.framework.thread_monitor.stack_size" display="Stack Size of Thread Monitor Thread" default="1024">
            <constraint display="Value must be an integer">testInteger("${config.framework.thread_monitor.stack_size}")</constraint>
        </property>
        <property id="config.framework.thread_monitor.tx_ticks_per_second" display="Number of ThreadX Ticks Per Second" default="100">
            <constraint display="Value must be an integer">testInteger("${config.framework.thread_monitor.tx_ticks_per_second}")</constraint>
        </property>
        <content>
            #define THREAD_MONITOR_CFG_PARAM_CHECKING_ENABLE        (${config.framework.thread_monitor.param_checking_enable})
            #define THREAD_MONITOR_CFG_WDT_SUPPORT_ENABLE           (${config.framework.thread_monitor.wdt_support})
            #define THREAD_MONITOR_CFG_IWDT_SUPPORT_ENABLE          (${config.framework.thread_monitor.iwdt_support})
            #define THREAD_MONITOR_CFG_PROFILING_MODE_ENABLE        (${config.framework.thread_monitor.profiling_mode})
            #define THREAD_MONITOR_CFG_DEBUGGING_MODE_ENABLE        (${config.framework.thread_monitor.debugger_mode})
            #define THREAD_MONITOR_CFG_MAX_WDT_NUMBER_OF_THREADS    (${config.framework.thread_monitor.max_wdt_threads})
            #define THREAD_MONITOR_CFG_MAX_IWDT_NUMBER_OF_THREADS   (${config.framework.thread_monitor.max_iwdt_threads})
            #define THREAD_MONITOR_CFG_THREAD_PRIORITY              (${config.framework.thread_monitor.thread_priority})
            #define THREAD_MONITOR_CFG_THREAD_STACK_SIZE            (${config.framework.thread_monitor.stack_size})
            #define THREAD_MONITOR_CFG_THREADX_TICKS_PER_SECOND     (${config.framework.thread_monitor.tx_ticks_per_second})
        </content>
    </config>
    <module id="module.framework.thread_monitor" config="config.framework.thread_monitor" display="Thread Monitor Framework ${module.framework.thread_monitor.lowerlevelapi}" version="0">
        <constraint display="Requires one WDT or IWDT driver">
            "${interface.driver.${module.framework.thread_monitor.lowerlevelapi}}" === "1"
        </constraint>
        <requires interface="_rtos" />
        <requires interface="interface.driver.${module.framework.thread_monitor.lowerlevelapi}" />
        <provides interface="interface.framework.thread_monitor.${module.framework.thread_monitor.lowerlevelapi}" />
        <property id="module.framework.thread_monitor.lowerlevelapi" display="Peripheral device" default="module.framework.thread_monitor.lowerlevelapi.wdt">
            <option display="on WDT" id="module.framework.thread_monitor.lowerlevelapi.wdt" value="wdt"/>
            <option display="on IWDT" id="module.framework.sf_thread_monitor.lowerlevelapi.iwdt" value="iwdt"/>
        </property>
        <property display="Watchdog clock frequency (Hz)" id="module.framework.thread_monitor.clock_frequency_hz" default="60000000">
		</property>
		<header>
		  extern sf_thread_monitor_ctrl_t ctrl_thread_monitor_${module.framework.thread_monitor.lowerlevelapi}; 
		</header>
		<includes>
			#include "sf_thread_monitor.h"	
		</includes>
		<macros>
            #define WD_wdt  WATCHDOG_WDT
            #define WD_iwdt WATCHDOG_IWDT
        </macros>
		<declarations>            
			static sf_thread_monitor_cfg_t sf_thread_monitor_cfg_${module.framework.thread_monitor.lowerlevelapi} =
			{
				.p_lower_lvl_cfg = &amp;g_${module.framework.thread_monitor.lowerlevelapi}_cfg,
                .watchdog_clock_frequency_hz = ${module.framework.thread_monitor.clock_frequency_hz},
                .watchdog = WD_${module.framework.thread_monitor.lowerlevelapi}
			};
		</declarations>
		<init>
			ssp_err_t sf_thread_monitor_err_${module.framework.thread_monitor.lowerlevelapi};
			sf_thread_monitor_err_${module.framework.thread_monitor.lowerlevelapi} = SF_THREAD_MONITOR_Open(&amp;ctrl_thread_monitor_${module.framework.thread_monitor.lowerlevelapi}, &amp;sf_thread_monitor_cfg_${module.framework.thread_monitor.lowerlevelapi});
        </init>
    </module>
</synergyModuleDescription>
