<?xml version="1.0" encoding="UTF-8"?>
<synergyModuleDescription>
    <config id="config.el.fx" path="ssp_cfg/framework/el/fx_user.h" version="0">
        <content>
#if (${interface.el.fx_src})
#include "fx_src_user.h"
#endif
        </content>
    </config>
    <module config="config.el.fx" id="module.framework.fx" display="Framework|File System|${module.framework.fx.name} FileX on fx" version="0">
          <constraint display="Module instances must have unique names">
            "${interface.framework.fx.${module.framework.fx.name}}" === "1"
        </constraint>       
        <constraint display="Requires one FileX Port Block Media Framework instance named ${module.framework.fx.lowerlevelname}">
            "${interface.framework.sf_el_fx.${module.framework.fx.lowerlevelname}}" === "1"
        </constraint>
        <requires interface="interface.framework.sf_el_fx.${module.framework.fx.lowerlevelname}" />
        <requires interface="_rtos" />
        <provides interface="interface.el.fx" />
        <provides interface="interface.framework.fx.${module.framework.fx.name}" />
        <property default="g_fx_media" display="Name" id="module.framework.fx.name" description="Symbol used for media_ptr parameter in FileX APIs">
        <constraint display="Name must be a valid C symbol">testSymbol("${module.framework.fx.name}")</constraint>
        </property>
        <property default="g_sf_el_fx" display="FileX I/O Driver Name" id="module.framework.fx.lowerlevelname" description="Symbol name for lower level FileX I/O Driver">
        <constraint display="Name must be a valid C symbol">testSymbol("${module.framework.fx.lowerlevelname}")</constraint>
        </property>
        <property default="module.framework.fx.format.enabled" display="Format media during initialization" id="module.framework.fx.format" description="Whether or not to format media.  Note that formatting will erase all contents stored on the media.">
            <option id="module.framework.fx.format.enabled" display="Enabled" value="1" />
            <option id="module.framework.fx.format.disabled" display="Disabled" value="0" />
        </property>
        <property default="module.framework.fx.fx.true" display="File System is on SDMMC" id="module.framework.fx.fx_on_sdmmc" description="Whether or not SDMMC is used">
            <option id="module.framework.fx.fx.true" display="True" value="1" />
            <option id="module.framework.fx.fx.false" display="False" value="0" />
        </property>
       <property default="Volume 1" display="Volume Name" id="module.framework.fx.volume_name" description="volume name string, which is a maximum of 11 characters. Only used if Format media during initialization is enabled.">
        <constraint display="Name must be a valid C symbol">testSymbol("${module.framework.fx.volume_name}")</constraint>
        </property>  
        <property default="1" display="Number of FATs" id="module.framework.fx.fat_count" description="Number of FATs in the media. The minimal value is 1 for the primary FAT. Values greater than 1 result in additional FAT copies being maintained at run-time. Only used if Format media during initialization is enabled.">
            <constraint display="Number of FATs must be an integer greather than 0">testInteger("${module.framework.fx.fat_count}")  &amp;&amp; ("${module.framework.fx.fat_count}" &gt; 0)</constraint>
        </property>  
        <property default="256" display="Directory Entries" id="module.framework.fx.dir_count" description="Number of directory entries in the root directory. Only used if Format media during initialization is enabled.">
            <constraint display="Number of Directory Entries must be an integer greather than 0">testInteger("${module.framework.fx.dir_count}")  &amp;&amp; ("${module.framework.fx.dir_count}" &gt; 0)</constraint>
        </property>      
        <property default="0" display="Hidden Sectors" id="module.framework.fx.hidden_sectors" description="Number of sectors hidden before this media’s boot sector. This is typical when multiple partitions are present. Only used if Format media during initialization is enabled.">
            <constraint display="Number of Hidden Sectors must be an integer">testInteger("${module.framework.fx.hidden_sectors}")  &amp;&amp; ("${module.framework.fx.hidden_sectors}" &gt; -1)</constraint>
        </property> 
        <property default="3751936" display="Total Sectors" id="module.framework.fx.total_sectors" description="Total number of sectors in the media. Only used if Format media during initialization is enabled.">
            <constraint display="Total Sectors must be an integer greater than 0">testInteger("${module.framework.fx.total_sectors}")  &amp;&amp; ("${module.framework.fx.total_sectors}" &gt; 0)</constraint>
        </property> 
        <property default="512" display="Bytes per Sector" id="module.framework.fx.sector_size" description="Number of bytes per sector, which is typically 512. FileX requires this to be a multiple of 32.">
            <constraint display="Bytes per Sector must be a multiple of 32">testInteger("${module.framework.fx.sector_size}")  &amp;&amp; ((("${module.framework.fx.sector_size}" &#37; 32) === 0) &amp;&amp; ("${module.framework.fx.sector_size}" &gt; 0))</constraint>
        </property> 
        <property default="1" display="Sectors per Cluster" id="module.framework.fx.cluster_size" description="Number of sectors in each cluster. The cluster is the minimum allocation unit in a FAT file system. Only used if Format media during initialization is enabled.">
            <constraint display="Sectors per Cluster must be an integer greater than 0">testInteger("${module.framework.fx.cluster_size}")  &amp;&amp; ("${module.framework.fx.cluster_size}" &gt; 0)</constraint>
        </property>
        <property default="512" display="Working media memory size" id="module.framework.fx.media_size" description="Memory allocated for file system. Memory size must be an integer greater than the size of one sector.">
            <constraint display="Memory size must be an integer greater than the size of one sector">testInteger("${module.framework.fx.media_size}")  &amp;&amp; ("${module.framework.fx.media_size}" &gt; "${module.framework.fx.sector_size}")</constraint>
        </property>  
        <header>
            extern FX_MEDIA ${module.framework.fx.name};

            /** Block Media Format Type */
            typedef struct st_sf_block_media_format
            {
                FX_MEDIA       * p_fx_media;
                sf_el_fx_t     * p_driver_info;
                uint8_t        * p_memory;
                uint32_t         memory_size;
                uint8_t        * volume_name;
                uint32_t         number_of_fats;
                uint32_t         directory_entries;
                uint32_t         hidden_sectors;
                uint32_t         total_sectors;
                uint32_t         bytes_per_sector;
                uint32_t         sectors_per_cluster;
            } sf_block_media_format_t;
        </header>
        <includes>
            #include "fx_api.h" 
        </includes>
        <declarations>
            #define FX_FORMAT_MEDIA_ENABLE (${module.framework.fx.format})
            #define FILESYSTEM_ON_SDMMC (${module.framework.fx.fx_on_sdmmc})
            FX_MEDIA ${module.framework.fx.name};
            uint8_t g_media_memory_${module.framework.fx.name}[${module.framework.fx.media_size}];
        </declarations>
        <functions>
            #if FX_FORMAT_MEDIA_ENABLE == 1
            ssp_err_t  SF_EL_FX_MediaFormat (sf_block_media_format_t * p_sf_block_media_format)
            {
                ssp_err_t                   ret_val = SSP_SUCCESS;
                uint32_t                    fx_ret_val;
                sf_block_media_instance_t * p_block_media;
                uint32_t                    sector_size;
                uint32_t                    sector_count;

                p_block_media = (sf_block_media_instance_t *) p_sf_block_media_format-&gt;p_driver_info-&gt;p_lower_lvl_block_media;

                #if FILESYSTEM_ON_SDMMC == 1
                ret_val       = p_block_media-&gt;p_api-&gt;open(p_block_media-&gt;p_ctrl, p_block_media-&gt;p_cfg);

                /* Get actual sector size from media. */
                if (SSP_SUCCESS == ret_val)
                {
                    ret_val = p_block_media-&gt;p_api-&gt;ioctl(p_block_media-&gt;p_ctrl, SSP_COMMAND_GET_SECTOR_SIZE, &amp;sector_size);
                }

                /* Get actual sector count from media. */
                if (SSP_SUCCESS == ret_val)
                {
                    ret_val =
                        p_block_media-&gt;p_api-&gt;ioctl(p_block_media-&gt;p_ctrl, SSP_COMMAND_GET_SECTOR_COUNT, &amp;sector_count);
                }

                /* Close driver.  */
                if (SSP_SUCCESS == ret_val)
                {
                    ret_val =  p_block_media-&gt;p_api-&gt;close(p_block_media-&gt;p_ctrl);
                }
                #else
                sector_count = p_sf_block_media_format-&gt;total_sectors;
                sector_size = p_sf_block_media_format-&gt;bytes_per_sector;
                #endif

                /* If media operations were successful and memory size is as large as sector size, format media. */
                if ((SSP_SUCCESS == ret_val) &amp;&amp; (!(p_sf_block_media_format-&gt;memory_size &lt; sector_size)))
                {
                    /* Format media.  */
                    fx_ret_val = fx_media_format(p_sf_block_media_format-&gt;p_fx_media,          // Pointer to FileX media control block.
                                                 SF_EL_FX_BlockDriver,                         // Driver entry
                                                 p_sf_block_media_format-&gt;p_driver_info,       // Pointer to Block Media Driver
                                                 p_sf_block_media_format-&gt;p_memory,            // Media buffer pointer
                                                 p_sf_block_media_format-&gt;memory_size,         // Media buffer size
                                                 p_sf_block_media_format-&gt;volume_name,         // Volume Name
                                                 p_sf_block_media_format-&gt;number_of_fats,      // Number of FATs
                                                 p_sf_block_media_format-&gt;directory_entries,   // Directory Entries
                                                 p_sf_block_media_format-&gt;hidden_sectors,      // Hidden sectors
                                                 sector_count,                                 // Total sectors
                                                 sector_size,                                  // Sector size
                                                 p_sf_block_media_format-&gt;sectors_per_cluster, // Sectors per cluster
                                                 1,                                            // Heads 
                                                 1);                                           // Sectors per track 
                                                                                               
                    if (FX_SUCCESS != fx_ret_val)
                    {
                        ret_val = SSP_ERR_MEDIA_FORMAT_FAILED;
                    }
                }
                else
                {
                    ret_val = SSP_ERR_MEDIA_FORMAT_FAILED;
                }

           }
            #endif
            </functions>
        <init>
            ssp_err_t error;
            uint32_t  fx_ret_val;

            fx_system_initialize();

            #if FX_FORMAT_MEDIA_ENABLE == 1
            sf_block_media_format_t ${module.framework.fx.name}_format =
            {
                .p_fx_media = &amp;${module.framework.fx.name},
                .p_driver_info = &amp;${module.framework.fx.lowerlevelname}_cfg,
                .p_memory = g_media_memory_${module.framework.fx.name},
                .memory_size = sizeof(g_media_memory_${module.framework.fx.name}),
                .volume_name = &quot;${module.framework.fx.volume_name}&quot;,
                .number_of_fats = ${module.framework.fx.fat_count},
                .directory_entries = ${module.framework.fx.dir_count},
                .hidden_sectors = ${module.framework.fx.hidden_sectors},
                .total_sectors = ${module.framework.fx.total_sectors},
                .bytes_per_sector = ${module.framework.fx.sector_size},
                .sectors_per_cluster = ${module.framework.fx.cluster_size}
            };

            
            error = SF_EL_FX_MediaFormat(&amp;${module.framework.fx.name}_format);

            if(error != SSP_SUCCESS)
            {
                 error = SSP_ERR_MEDIA_FORMAT_FAILED;
            }

            #endif


            fx_ret_val = fx_media_open(
                &amp;${module.framework.fx.name},
                "${module.framework.fx.name}",
                SF_EL_FX_BlockDriver,
                &amp;${module.framework.fx.lowerlevelname}_cfg,
                g_media_memory_${module.framework.fx.name},
                sizeof(g_media_memory_${module.framework.fx.name}));
            if(fx_ret_val != FX_SUCCESS)
            {
                error = SSP_ERR_INTERNAL;
            }
 

          </init>
    </module>
</synergyModuleDescription>