<?xml version="1.0" ?>
<synergyModuleDescription>
	<config id="config.driver.ctsu" path="ssp_cfg/driver/r_ctsu_cfg.h" version="0">
		<property default="config.driver.ctsu.param_checking_enable.bsp" display="Parameter Checking Enable" id="config.driver.ctsu.param_checking_enable">
			<option display="Default (BSP)" id="config.driver.ctsu.param_checking_enable.bsp" value="(BSP_CFG_PARAM_CHECKING_ENABLE)"/>
			<option display="Enabled" id="config.driver.ctsu.param_checking_enable.enabled" value="(1)"/>
			<option display="Disabled" id="config.driver.ctsu.param_checking_enable.disabled" value="(0)"/>
		</property>
		<property default="config.driver.ctsu.using_auto_tune.enabled" display="Offset Adjustment" id="config.driver.ctsu.using_auto_tune">
			<option display="Enabled" id="config.driver.ctsu.using_auto_tune.enabled" value="(1)"/>
			<option display="Disabled" id="config.driver.ctsu.using_auto_tune.disabled" value="(0)"/>
		</property>
		<property default="config.driver.ctsu.using_drift_comp.enabled" display="Drift Compensation" id="config.driver.ctsu.using_drift_comp">
			<option display="Enabled" id="config.driver.ctsu.using_drift_comp.enabled" value="(1)"/>
			<option display="Disabled" id="config.driver.ctsu.using_drift_comp.disabled" value="(0)"/>
		</property>
		<property default="config.driver.ctsu.using_buttons.disabled" display="Button Use" id="config.driver.ctsu.using_buttons">
			<option display="Enabled" id="config.driver.ctsu.using_buttons.enabled" value="(1)"/>
			<option display="Disabled" id="config.driver.ctsu.using_buttons.disabled" value="(0)"/>
		</property>
		<property default="config.driver.ctsu.using_sliders.disabled" display="Slider Use" id="config.driver.ctsu.using_sliders">
			<!-- <option display="Enabled" id="config.driver.ctsu.using_sliders.enabled" value="(1)"/> -->
			<option display="Disabled" id="config.driver.ctsu.using_sliders.disabled" value="(0)"/>
		</property>
		<property default="config.driver.ctsu.using_dynamic_memory.disabled" display="Dynamic Memory Use" id="config.driver.ctsu.using_dynamic_memory">
			<option display="Enabled" id="config.driver.ctsu.using_dynamic_memory.enabled" value="(1)"/>
			<option display="Disabled" id="config.driver.ctsu.using_dynamic_memory.disabled" value="(0)"/>
		</property>
		<property default="config.driver.ctsu.using_multi_touch.enabled" display="Multi-touch rejection" id="config.driver.ctsu.using_multi_touch">
			<option display="Enabled" id="config.driver.ctsu.using_multi_touch.enabled" value="(1)"/>
			<option display="Disabled" id="config.driver.ctsu.using_multi_touch.disabled" value="(0)"/>
		</property>
		<property default="config.driver.ctsu.drift_comp_method.option0" display="Drift compensation method" id="config.driver.ctsu.drift_comp_method">
			<option display="Basic" id="config.driver.ctsu.drift_comp_method.option0" value="DRIFT_COMP_BASIC"/>
			<option display="Alternate method 1" id="config.driver.ctsu.drift_comp_method.option1" value="DRIFT_COMP_ALT_1"/>
			<option display="Alternate method 2" id="config.driver.ctsu.drift_comp_method.option2" value="DRIFT_COMP_ALT_2"/>
			<option display="Alternate method 3" id="config.driver.ctsu.drift_comp_method.option3" value="DRIFT_COMP_ALT_3"/>
		</property>
		<property default="config.driver.ctsu.dtc_use_for_ctsu.none" display="DTC Usage for CTSU" id="config.driver.ctsu.dtc_use_for_ctsu">
			<option display="Not using DTC" id="config.driver.ctsu.dtc_use_for_ctsu.none" value="DTC_NOT_USED"/>
		</property>
		<property default="g_transfer" display="DTC Transfer Name(Used in short or long address mode)" id="config.driver.ctsu.dtc_use_for_ctsu.name">
			<constraint display="Name must be a valid C symbol">
				testSymbol("${config.driver.ctsu.dtc_use_for_ctsu.name}")
			</constraint>
		</property>
		<property default="1" display="Max. active channels" id="config.driver.ctsu.max_active_channels">
			<constraint display="Value must be greater than or equal to 1">
				"${config.driver.ctsu.max_active_channels}" &gt; 0
			</constraint>
			<constraint display="Value must be less than than or equal to 324">
				"${config.driver.ctsu.max_active_channels}" &lt; 325
			</constraint>
		</property>
		<content> /**
			 * Specify whether to include code for API parameter checking. Valid settings include:
			 *    - 1 : Includes parameter checking
			 *    - 0 : Compiles out parameter checking
			 */
			#define R_TOUCH_CFG_PARAM_CHECKING_ENABLE			${config.driver.ctsu.param_checking_enable}

			/**
			 * Define value of an unused channel. (Do Not Change).
			 */
			#define UNUSED_CHANNEL							(-1)

			/**
			 * Set up the interrupt priority level for the CTSU interrupts CTSURD, CTSUWR,
			 * and CTSUFN. (0 := disabled; 1 := lowest priority; 15 := highest priority )*/
			#define CTSU_INTERRUPT_PRIORITY_LEVEL			(8)

			/**
			 * Define the maximum active channels that the user expects to be active in any
			 *  configuration. */
			#define MAX_ACTIVE_CHANNEL_COMBOS				${config.driver.ctsu.max_active_channels}

			/**
			 * Using dynamic memory reduces the footprint of the code and memory used.
			 * The user must however ensure that the heap has enough space for allocation.
			 * */
			#define USE_DYNAMIC_MEMORY						${config.driver.ctsu.using_dynamic_memory}

			/**
			 * Define the window size of the l-point running average filter.
			 * Filter output = ((pow(2, FILTER_DEPTH)-1)*previous output + input)/ pow(2, FILTER_DEPTH);
			 * */
			#define FILTER_DEPTH							(2)

			/**
			 * Before adjusting the sensor offset when initial auto-tuning is running, the
			 * software filters values N times. N is defined below. */
			#define STABILIZATION_TIME						(1 &lt;&lt; FILTER_DEPTH)

			#define STARTUP_TIME 	(STABILIZATION_TIME*4)
			
			/**
			 * Enable/Disable Auto-tuning.
			 * Auto-tuning ensures that the sensor count is approx. equal to the reference
			 * count output by the CTSU when the channel is not touched. This is helpful
			 * for maximizing sensitivity, greatly reducing the conventional constraints on
			 * PCB layout, limits to overlay thicknesses, materials and negating the need
			 * for calibration during manufacture process. */
			#define CFG_AUTO_TUNE							${config.driver.ctsu.using_auto_tune}

			/**
			 * Enable/Disable Multi-touch rejection
			 * Multi-touch rejection is a feature where auto-tuning and/or drift-
			 * compensation are executed when no channels are being touched. This is useful
			 * when sliders are in use.
			 * */
			#define MULTI_TOUCH_REJECT						${config.driver.ctsu.using_multi_touch}
			#if (CFG_AUTO_TUNE &gt; 0)
			/** Auto-tuning is run every N scans. N is defined using AT_TIMING */
			#define AT_TIMING								(800)
			/** Define the amount of deviation w.r.t the threshold at which run-time offset tuning should kick in. */
			#define AT_THRESHOLD_PERCENT					(2)
			/**
			 * Initial auto-tuning can take a good amount of time. User may abort if it
			 * extends beyond the below defined number of scans. */
			#if (USE_DYNAMIC_MEMORY &gt; 0)
			#define AT_MAX_DURATION							(15 * 50)
			#else
			#if defined(MAX_ACTIVE_CHANNEL_COMBOS)
			#define AT_MAX_DURATION							(MAX_ACTIVE_CHANNEL_COMBOS * 50)
			#else
			#error "User should device how long initial auto-tuning is allowed to operate. "
			#endif
			#endif
			#endif//(CFG_AUTO_TUNE &gt; 0)

			/**
			 * Define if drift compensation is to be used or not. Drift compensation will
			 * adjust sensor baseline. This is useful when the sensor value is drifting
			 * due to temperature, humidity, dust/dirt accumulation, etc. */
			#define CFG_DRIFT_COMPENSATION					${config.driver.ctsu.using_drift_comp}

			#if (CFG_DRIFT_COMPENSATION &gt; 0)
			/**
			 * Define the number of scans to take into account when calculating the initial
			 * sensor baseline value. */
			#define CALIB_SCAN_COUNT						(4)
			/** Drift compensation occurs every N times. N is defined below. */
			#define DC_TIMING								(100)

			/* Methods available for drift compensation*/
			#define DRIFT_COMP_BASIC	(0)
			#define DRIFT_COMP_ALT_1	(1)
			#define DRIFT_COMP_ALT_2	(2)
			#define DRIFT_COMP_ALT_3	(3)
			#define DRIFT_COMP_METHOD	${config.driver.ctsu.drift_comp_method}

			#if (DRIFT_COMP_METHOD==DRIFT_COMP_ALT_1)
			/* DO NOT CHANGE */
			#define DC_TIME_ADD_ON_RELEASE					(DC_TIMING)
			#elif (DRIFT_COMP_METHOD==DRIFT_COMP_ALT_2)
			/* Add 4x time to drift compensation when key is released */
			#define DC_TIME_ADD_ON_RELEASE					(DC_TIMING &gt;&gt; 1)
			#endif

			#endif//(CFG_DRIFT_COMPENSATION &gt; 0)

			#if defined(DTC_RX_IF_H)
			/** Detect if a DTC module is being used. */
			#define USING_DTC_FOR_CTSU	(1)
			#endif

			#if !defined(MAX_ACTIVE_CHANNEL_COMBOS)
			#error "User should allow dynamic memory usage or define the maximum active channels intended for use."
			#endif

			/**
			 * Define if your board has capacitive touch buttons and if you intend to use
			 * the r_touch_button API for handling the behavior.
			 * 0 := Do not use r_touch_button_api
			 * 1 := Use r_touch_button api
			 * */
			#define USING_CAPTOUCH_BUTTONS		${config.driver.ctsu.using_buttons}

			#if (USING_CAPTOUCH_BUTTONS &gt; 0)
			/**
			 * Define the minimum consecutive # of times a channel should be determined as
			 * touched before declaring the state of a button as PRESSED through the
			 * update function.
			 * NOTE:
			 * 	This parameter is used only by the Create function. */
			#define MINIMUM_DEBOUNCE				(5)

			/**
			 * Set DEFAULT_EVENTS to 1 if you want all buttons setup with Create to
			 * generate below mentioned notifications */
			#define DEFAULT_EVENTS					(1)

			#if (DEFAULT_EVENTS &gt; 0)
			/** Define if buttons setup with Create generate notifications on down press. */
			#define EVENT_PRESS_ENABLE				(1)
			/** Define if buttons setup with Create generate notifications on release. */
			#define EVENT_RELEASE_ENABLE			(1)
			/** Define if buttons setup with Create generate notifications when held down
			 * for a long duration. */
			#define EVENT_LONGHOLD_ENABLE			(1)
			/**
			 * Define if buttons setup with Create generate notifications when held down
			 * for a short duration. */
			#define EVENT_SHORTHOLD_ENABLE			(1)
			#endif /* (DEFAULT_EVENTS &gt; 0) */
			/**
			 * The code will generate a notification after an interval of
			 * SHORT_HOLD_DEBOUNCE_MULTIPLIER*DEBOUNCE_PERIOD from the first time the button
			 * was determined to be in the PRESSED state.*/
			#define SHORT_HOLD_DEBOUNCE_MULTIPLIER	(3)

			/**
			 * The code will generate a notification after an interval of
			 * LONG_HOLD_DEBOUNCE_MULTIPLIER*DEBOUNCE_PERIOD from the first time the button
			 * was determined to be in the PRESSED state.
			 * NOTE:
			 * 	Maintain LONG_HOLD_DEBOUNCE_MULTIPLIER &gt; SHORT_HOLD_DEBOUNCE_MULTIPLIER */
			#define LONG_HOLD_DEBOUNCE_MULTIPLIER	(7)
			/**
			 * Captouch buttons can be subject to jitter where the button may be fluctuating
			 * between touched or not-touched due to noise or other disturbances. The code
			 * monitors the amount of time for which a button is in this condition.
			 * If the button exceeds STUCK_IN_DEBOUNCE_MULTIPLIER*DEBOUNCE_PERIOD then a
			 * notification event will be generated for that button. All buttons will have
			 * the same multiplier but the debouce period can be varied.
			 * NOTE: This monitoring is performed only between PRESSED and RELEASED state
			 * transitions. */
			#define STUCK_IN_DEBOUNCE_MULTIPLIER	(3)

			/**
			 * When using cap touch buttons, the user can easily enable waiting for a
			 * touched button to release before allowing another button to be determined
			 * as pressed by setting this preprocessor to 1.
			 * NOTE: The following preprocessor operation has no effect if
			 * MULTI_TOUCH_REJECT is enabled.
			 * */
			#define MULTI_TOUCH_BUTTON_WAIT_FOR_RELEASE		(1)

			#if (MULTI_TOUCH_BUTTON_WAIT_FOR_RELEASE &gt; 0)
			/**
			 * Define the number of simultaneous button presses permitted.
			 * Button presses beyond this amount will not be recognized until some are
			 * released.
			 * */
			#define NUM_SIMULTANEOUS_BUTTONS_PERMITTED		(1)
			#endif/* (MULTI_TOUCH_BUTTON_WAIT_FOR_RELEASE &gt; 0) */
			#endif/* (USING_CAPTOUCH_BUTTONS &gt; 0) */

			#define USING_CAPTOUCH_SLIDER		${config.driver.ctsu.using_sliders}

			#if (USING_CAPTOUCH_SLIDER &gt; 0)
			/**
			 * Define the maximum number of channels that are used by a slider.
			 */
			#define TOUCH_SLIDER_CFG_MAX_CHANNELS	(5)
			/** For normalization, scale to between 0 and this number.  Note that this value
			*  could be exceeded if the normalization value is exceeded.  Define as maximum
			*  count value from calibration if TOUCH_SLIDER_CFG_SLIDERx_USE_NORM is set
			*  to 0. */
			#define TOUCH_SLIDER_CFG_NORM_MAX                    (1024)

			/** FIXME Change the Normalization values below to adjust the delta_temp range.
			 * 			If norm value is too high, delta_tempm in Slider_Read will become
			 * 			zero due to division by a large number  */
			#define TOUCH_SLIDER_CFG_DEFAULT_NORM                (10500)

			/* Weight of running average for each channel, used to smooth data.  Increasing
			*  the value will make input data smoother, but less responsive. */
			#define TOUCH_SLIDER_CFG_DEFAULT_CH_AVG_WEIGHT       (8)

			/** Absolute threshold for sum of slider values.  Any sum below this threshold
			*  will register as no touch. */
			#define TOUCH_SLIDER_CFG_DEFAULT_THRESHOLD     (TOUCH_SLIDER_CFG_NORM_MAX / 20)

			/** Weight of running average for previous sum of focus channels.  This running
			*  average is used as cutoff threshold. */
			#define TOUCH_SLIDER_CFG_DEFAULT_PREV_SUM_WEIGHT     (3)

			/** How far sum of slider values should fall below running average to indicate no
			*  touch. */
			#define TOUCH_SLIDER_CFG_DEFAULT_CUTOFF        (TOUCH_SLIDER_CFG_NORM_MAX / 40)

			#endif

			#define USING_USB_COMM	(0)

			#define DTC_NOT_USED				(0)
			#define DTC_CFG_SHORT_ADDRESS_MODE	(1)
			#define DTC_CFG_LONG_ADDRESS_MODE	(2)
			/**
			 * Define if DTC block transfers should be used for moving data instead of CPU ISR
			 *
			 * 	0 - Not used
			 * 	1 - Use DTC block transfers in short address mode
			 * 	2 - Use DTC block transfers in long address mode (Recommended)
			 * */
			#define USING_DTC_FOR_CTSU	${config.driver.ctsu.dtc_use_for_ctsu}

			#if (CFG_AUTO_TUNE &lt;= 0)
			#warning "Initial and Run-time auto-calibration/tuning has been disabled. This is not recommended."
			#endif

			#if (CFG_DRIFT_COMPENSATION &lt;=0)
			#warning "Initial baseline setup and Run-time drift compensation has been disabled. This is not recommended."
			#endif
		</content>
	</config>
	<module config="config.driver.ctsu" display="Driver|Input|${module.driver.ctsu.name} CTSU Driver on r_ctsu" id="module.driver.touch_on_ctsu" version="1">		
		<constraint display="Unique name required for each instance">
			"${interface.driver.ctsu.${module.driver.ctsu.name}}" === "1"
		</constraint>
		<constraint display="Requires CTSU Interrupt (Write) enabled in ICU">
			"${board.icu.ctsu.write}" != "board.icu.common.irq.disabled"
		</constraint>
		<constraint display="Requires CTSU Interrupt (Read) enabled in ICU">
			"${board.icu.ctsu.read}" != "board.icu.common.irq.disabled"
		</constraint>
		<constraint display="Requires CTSU Interrupt (End) enabled in ICU">
			"${board.icu.ctsu.end}" != "board.icu.common.irq.disabled"
		</constraint>
		<provides interface="interface.driver.ctsu.${module.driver.ctsu.name}" />
		<provides interface="interface.driver.ctsu" />
		<property default="g_ctsu" display="Name" id="module.driver.ctsu.name">
			<constraint display="Name must be a valid C symbol">testSymbol("${module.driver.ctsu.name}")</constraint>
		</property>
		<property default="g_ctsu_config" display="CTSU configuration used" id="module.driver.ctsu.uses_config">
			<constraint display="Name must be a valid C symbol">
				testSymbol("${module.driver.ctsu.uses_config}")
			</constraint>
		</property>
		<property default="NULL" display="Callback" id="module.driver.ctsu.p_callback">
			<constraint display="Name must be a valid C symbol">testSymbol("${module.driver.ctsu.p_callback}")</constraint>
        </property>
		<property default="NULL" display="Data to pass to notification" id="module.driver.ctsu.p_uc_callback_data">
			<constraint display="Name must be a valid C symbol">testSymbol("${module.driver.ctsu.p_uc_callback_data}")</constraint>
        </property>
		<property default="module.driver.ctsu.open.false" display="Open channel configuration" id="module.driver.ctsu.open">
			<option display="True" id="module.driver.ctsu.open.true" value="true"/>
			<option display="False" id="module.driver.ctsu.open.false" value="false"/>
        </property>
        <interrupt node="board.icu.ctsu.write" />
        <interrupt node="board.icu.ctsu.read" />
        <interrupt node="board.icu.ctsu.end" />
		<header>
		/** Pointer to a tuned CTSU configuration */
		extern ctsu_hw_cfg_t ${module.driver.ctsu.uses_config};
		
		/** Pointer to CTSU API */
		extern const ctsu_api_t * ${module.driver.ctsu.name}_api;
		
		/** Pointer to CTSU configuration */
		extern ctsu_cfg_t ${module.driver.ctsu.name}_cfg_on_ctsu;
		
		/** Pointer to control handle */
		extern ctsu_ctrl_t     ${module.driver.ctsu.name}_ctrl;
		
        /**  CTSU instance */
        extern const ctsu_instance_t ${module.driver.ctsu.name}; 
        
        /** Pointer to Advanced Functions*/
		extern ctsu_functions_t ${module.driver.ctsu.name}_functions;
		
		</header>
		<includes>
		/* Include the headers for the r_touch API use */
		#include &quot;r_ctsu_api.h&quot;
		#include &quot;r_ctsu.h&quot;
		
		</includes>
		<declarations>

		
		#if TOUCH_ON_CTSU_CALLBACK_USED_${module.driver.ctsu.name}
		#if defined(__ICCARM__)
		#define ${module.driver.ctsu.p_callback}_WEAK_ATTRIBUTE
		#pragma weak ${module.driver.ctsu.p_callback} = ${module.driver.ctsu.p_callback}_internal
		#elif defined(__GNUC__)
		#define ${module.driver.ctsu.p_callback}_WEAK_ATTRIBUTE __attribute__ ((weak, alias("${module.driver.ctsu.p_callback}_internal")))
		#endif
		void ${module.driver.ctsu.p_callback}(void * p_args) ${module.driver.ctsu.p_callback}_WEAK_ATTRIBUTE;
		#endif
		
		/* Data functions to use for advanced usage.*/
		ctsu_functions_t ${module.driver.ctsu.name}_functions = { 0 };
		
		#if TOUCH_ON_CTSU_CALLBACK_USED_${module.driver.ctsu.name}
		/*******************************************************************************************************************//**
		 * @brief      This is a weak example callback function.  It should be overridden by defining a user callback function 
		 *             with the prototype below.
		 *               - void ${module.driver.ctsu.p_callback}(void * p_args)
		 *
		 * @param[in]  p_args  Callback arguments used to identify what caused the callback.
		 **********************************************************************************************************************/
		void ${module.driver.ctsu.p_callback}_internal(void * p_args)
		{
			/** DO NOT EDIT */
		}
		#endif
		
		ctsu_ctrl_t    ${module.driver.ctsu.name}_ctrl;
		ctsu_cfg_t     ${module.driver.ctsu.name}_cfg = 
		{
			.p_ctsu_hw_cfg    = 	&amp;${module.driver.ctsu.uses_config},
			.p_ctsu_functions = 	&amp;${module.driver.ctsu.name}_functions,
			.p_callback       =		${module.driver.ctsu.p_callback},
			.ctsu_soft_option = 	CTSU_PROCESS_OPTION_DEFAULT_SETTING,
			.ctsu_close_option = 	CTSU_CLOSE_OPTION_SUSPEND,
		};
		
        const ctsu_instance_t ${module.driver.ctsu.name} =
        {
            .p_ctrl =   &amp;${module.driver.ctsu.name}_ctrl,
            .p_cfg  =   &amp;${module.driver.ctsu.name}_cfg,
            .p_api  =   &amp;g_ctsu_on_ctsu,
        };
		const ctsu_api_t * ${module.driver.ctsu.name}_api = &amp;g_ctsu_on_ctsu;
		
		</declarations>
		<functions>
		</functions>
		<init>

        </init>
	</module>
</synergyModuleDescription>
