<?xml version="1.0" ?>
<synergyModuleDescription>
    <config id="config.driver.agt" path="driver/r_agt_cfg.h" version="0">
        <property default="config.driver.agt.param_checking_enable.bsp" display="Parameter Checking" id="config.driver.agt.param_checking_enable">
            <option display="Default (BSP)" id="config.driver.agt.param_checking_enable.bsp" value="(BSP_CFG_PARAM_CHECKING_ENABLE)"/>
            <option display="Enabled" id="config.driver.agt.param_checking_enable.enabled" value="(1)"/>
            <option display="Disabled" id="config.driver.agt.param_checking_enable.disabled" value="(0)"/>
        </property>
        <content>#define AGT_CFG_PARAM_CHECKING_ENABLE ${config.driver.agt.param_checking_enable}
</content>
    </config>
    <module config="config.driver.agt" display="${module.driver.timer_on_agt.name} TIMER Module on AGT${module.driver.timer_on_agt.channel}" id="module.driver.timer_on_agt" version="1">
        <constraint display="Requires AGT${module.driver.timer_on_gpt.channel} Underflow Interrupt (AGTI) enabled">
            "${board.icu.agt.agt${module.driver.timer_on_agt.channel}.agt${module.driver.timer_on_agt.channel}.agti}" != "board.icu.common.irq.disabled"
        </constraint> 
        <constraint display="Unique name required for each instance">
            "${interface.driver.timer.${module.driver.timer_on_agt.name}}" === "1"
        </constraint>            
        <provides interface="interface.driver.timer.agt${module.driver.timer_on_agt.channel}" />
        <provides interface="interface.driver.agt.agt${module.driver.timer_on_agt.channel}" />
        <provides interface="interface.driver.timer.${module.driver.timer_on_agt.name}" />    
        <property default="g_timer" display="Name" id="module.driver.timer_on_agt.name">
            <constraint display="Name must be a valid C symbol">testSymbol("${module.driver.timer_on_agt.name}")</constraint>
        </property>
        <property default="0" display="Channel" id="module.driver.timer_on_agt.channel">
            <constraint display="Value must be a non-negative integer">testInteger("${module.driver.timer_on_agt.channel}")  &amp;&amp; ("${module.driver.timer_on_agt.channel}" &gt;= 0)</constraint>
        </property>        
        <property default="module.driver.timer_on_agt.mode.mode_periodic" display="Mode" id="module.driver.timer_on_agt.mode">
            <option display="Periodic" id="module.driver.timer_on_agt.mode.mode_periodic" value="TIMER_MODE_PERIODIC"/>
            <option display="One Shot" id="module.driver.timer_on_agt.mode.mode_one_shot" value="TIMER_MODE_ONE_SHOT"/>
        </property>
        <property default="10" display="Period Value" id="module.driver.timer_on_agt.period">
            <constraint display="Value must be a non-negative integer">testInteger("${module.driver.timer_on_agt.period}")  &amp;&amp; ("${module.driver.timer_on_agt.period}" &gt;= 0)</constraint>
        </property>                
        <property default="module.driver.timer_on_agt.unit.unit_period_msec" display="Period Unit" id="module.driver.timer_on_agt.unit">
            <option display="Raw Counts" id="module.driver.timer_on_agt.unit.unit_period_raw_counts" value="TIMER_UNIT_PERIOD_RAW_COUNTS"/>
            <option display="Nanoseconds" id="module.driver.timer_on_agt.unit.unit_period_nsec" value="TIMER_UNIT_PERIOD_NSEC"/>
            <option display="Microseconds" id="module.driver.timer_on_agt.unit.unit_period_usec" value="TIMER_UNIT_PERIOD_USEC"/>
            <option display="Milliseconds" id="module.driver.timer_on_agt.unit.unit_period_msec" value="TIMER_UNIT_PERIOD_MSEC"/>
            <option display="Seconds" id="module.driver.timer_on_agt.unit.unit_period_sec" value="TIMER_UNIT_PERIOD_SEC"/>
            <option display="Hertz" id="module.driver.timer_on_agt.unit.unit_frequency_hz" value="TIMER_UNIT_FREQUENCY_HZ"/>
            <option display="Kilohertz" id="module.driver.timer_on_agt.unit.unit_frequency_khz" value="TIMER_UNIT_FREQUENCY_KHZ"/>
        </property>
        <property default="module.driver.timer_on_agt.autostart.true" display="Auto Start" id="module.driver.timer_on_agt.autostart">
            <option display="True" id="module.driver.timer_on_agt.autostart.true" value="true"/>
            <option display="False" id="module.driver.timer_on_agt.autostart.false" value="false"/>
        </property>                
        <property default="module.driver.timer_on_agt.count_source.clock_pclkb" display="Count Source" id="module.driver.timer_on_agt.count_source">
            <option display="PCLKB" id="module.driver.timer_on_agt.count_source.clock_pclkb" value="AGT_CLOCK_PCLKB"/>
            <option display="PCLKB/8" id="module.driver.timer_on_agt.count_source.clock_pclkb_div_8" value="AGT_CLOCK_PCLKB_DIV_8"/>
            <option display="PCLKB/2" id="module.driver.timer_on_agt.count_source.clock_pclkb_div_2" value="AGT_CLOCK_PCLKB_DIV_2"/>
            <option display="LOCO" id="module.driver.timer_on_agt.count_source.clock_loco" value="AGT_CLOCK_LOCO"/>
            <option display="AGT0 Underflow" id="module.driver.timer_on_agt.count_source.clock_agt0_underflow" value="AGT_CLOCK_AGT0_UNDERFLOW"/>
            <option display="AGT0 fSUB" id="module.driver.timer_on_agt.count_source.clock_fsub" value="AGT_CLOCK_FSUB"/>
        </property>
        <property default="module.driver.timer_on_agt.agto_output_enabled.false" display="AGTO Output Enabled" id="module.driver.timer_on_agt.agto_output_enabled">
            <option display="True" id="module.driver.timer_on_agt.agto_output_enabled.true" value="true"/>
            <option display="False" id="module.driver.timer_on_agt.agto_output_enabled.false" value="false"/>
        </property>
        <property default="module.driver.timer_on_agt.agtio_output_enabled.false" display="AGTIO Output Enabled" id="module.driver.timer_on_agt.agtio_output_enabled">
            <option display="True" id="module.driver.timer_on_agt.agtio_output_enabled.true" value="true"/>
            <option display="False" id="module.driver.timer_on_agt.agtio_output_enabled.false" value="false"/>
        </property>
        <property default="module.driver.timer_on_agt.output_inverted.false" display="Output Inverted" id="module.driver.timer_on_agt.output_inverted">
            <option display="True" id="module.driver.timer_on_agt.output_inverted.true" value="true"/>
            <option display="False" id="module.driver.timer_on_agt.output_inverted.false" value="false"/>
        </property>
        <property default="NULL" display="Callback" id="module.driver.timer_on_agt.p_callback">
            <constraint display="Name must be a valid C symbol">testSymbol("${module.driver.timer_on_agt.p_callback}")</constraint>
        </property>
        <interrupt node="board.icu.agt.agt${module.driver.timer_on_agt.channel}.agt${module.driver.timer_on_agt.channel}.agti" />
        <header>
            /** AGT Timer Instance */
            extern const timer_instance_t ${module.driver.timer_on_agt.name};            
#ifdef ${module.driver.timer_on_agt.p_callback}
#define TIMER_ON_AGT_CALLBACK_USED_${module.driver.timer_on_agt.name} (0)
#else
#define TIMER_ON_AGT_CALLBACK_USED_${module.driver.timer_on_agt.name} (1)
#endif
#if TIMER_ON_AGT_CALLBACK_USED_${module.driver.timer_on_agt.name}
void ${module.driver.timer_on_agt.p_callback}(timer_callback_args_t * p_args);
#endif
        </header>
        <includes>#include &quot;r_agt.h&quot;
#include &quot;r_timer_api.h&quot;</includes>
        <declarations>
#if TIMER_ON_AGT_CALLBACK_USED_${module.driver.timer_on_agt.name}
#if defined(__ICCARM__)
#define ${module.driver.timer_on_agt.p_callback}_WEAK_ATTRIBUTE
#pragma weak ${module.driver.timer_on_agt.p_callback}                            = ${module.driver.timer_on_agt.p_callback}_internal
#elif defined(__GNUC__)
#define ${module.driver.timer_on_agt.p_callback}_WEAK_ATTRIBUTE       __attribute__ ((weak, alias("${module.driver.timer_on_agt.p_callback}_internal")))
#endif
void ${module.driver.timer_on_agt.p_callback}(timer_callback_args_t * p_args) ${module.driver.timer_on_agt.p_callback}_WEAK_ATTRIBUTE;
#endif

static timer_ctrl_t ${module.driver.timer_on_agt.name}_ctrl;
static const timer_on_agt_cfg_t ${module.driver.timer_on_agt.name}_extend =
{
    .count_source        = ${module.driver.timer_on_agt.count_source},
    .agto_output_enabled = ${module.driver.timer_on_agt.agto_output_enabled},
    .agtio_output_enabled = ${module.driver.timer_on_agt.agtio_output_enabled},
    .output_inverted     = ${module.driver.timer_on_agt.output_inverted},
};
static const timer_cfg_t ${module.driver.timer_on_agt.name}_cfg =
{
    .mode                = ${module.driver.timer_on_agt.mode},
    .period              = ${module.driver.timer_on_agt.period},
    .unit                = ${module.driver.timer_on_agt.unit},
    .channel             = ${module.driver.timer_on_agt.channel},
    .autostart           = ${module.driver.timer_on_agt.autostart},
    .p_callback          = ${module.driver.timer_on_agt.p_callback},
    .p_context           = &amp;${module.driver.timer_on_agt.name},
    .p_extend            = &amp;${module.driver.timer_on_agt.name}_extend
};
/* Instance structure to use this module. */
const timer_instance_t ${module.driver.timer_on_agt.name} = 
{
    .p_ctrl        = &amp;${module.driver.timer_on_agt.name}_ctrl,
    .p_cfg         = &amp;${module.driver.timer_on_agt.name}_cfg,
    .p_api         = &amp;g_timer_on_agt
};

#if TIMER_ON_AGT_CALLBACK_USED_${module.driver.timer_on_agt.name}
/*******************************************************************************************************************//**
 * @brief      This is a weak example callback function.  It should be overridden by defining a user callback function 
 *             with the prototype below.
 *               - void ${module.driver.timer_on_agt.p_callback}(timer_callback_args_t * p_args)
 *
 * @param[in]  p_args  Callback arguments used to identify what caused the callback.
 **********************************************************************************************************************/
void ${module.driver.timer_on_agt.p_callback}_internal(timer_callback_args_t * p_args)
{
    /** Do nothing. */
}
#endif
</declarations>
    </module>
</synergyModuleDescription>
