<?xml version="1.0" encoding="UTF-8"?>
<synergyModuleDescription>
    <!-- S3A7 Clone - do not change ID -->	
    <config id="config.board.s3a7_user" path="bsp/bsp_cfg.h" version="0">
        <property id="config.board.user.package" display="Part package" default="config.board.user.package.fb" macro="BSP_CFG_MCU_PART_PACKAGE">
            <option id="config.board.user.package.bj" display="BJ (BGA/121)" value="0x0" />
            <option id="config.board.user.package.bg" display="BG (BGA/176)" value="0x1" />
            <option id="config.board.user.package.bd" display="BD (BGA/224)" value="0x2" />
            <option id="config.board.user.package.fl" display="FL (LQFP/48)" value="0x3" />
            <option id="config.board.user.package.fm" display="FM (LQFP/64)" value="0x4" />
            <option id="config.board.user.package.fp" display="FP (LQFP/100)" value="0x5" />
            <option id="config.board.user.package.fb" display="FB (LQFP/144)" value="0x6" />
            <option id="config.board.user.package.fc" display="FC (LQFP/176)" value="0x7" />
            <option id="config.board.user.package.lm" display="LM (LGA/36)" value="0x8" />
            <option id="config.board.user.package.la" display="LA (LGA/100/5.5x5.5)" value="0x9" />
            <option id="config.board.user.package.lj" display="LJ (LGA/100/7x7)" value="0xA" />
            <option id="config.board.user.package.lk" display="LB (LGA/145)" value="0xB" />
            <option id="config.board.user.package.nf" display="NF (WQFN/40)" value="0xC" />
            <option id="config.board.user.package.ne" display="NE (WQFN/48)" value="0xD" />
            <option id="config.board.user.package.nb" display="NB (WQFN/64)" value="0xE" />
        </property>
        <property id="config.board.user.memory" display="Part memory size" default="config.board.user.memory.c" macro="BSP_CFG_MCU_PART_MEMORY_SIZE">
            <option id="config.board.user.memory.h" display="H (4MB/640KB/64KB)" value="0x11" />
            <option id="config.board.user.memory.g" display="G (3MB/640KB/64KB)" value="0x10" />
            <option id="config.board.user.memory.e" display="E (2MB/512KB/64KB)" value="0x0E" />
            <option id="config.board.user.memory.c" display="C (1MB/192KB/16KB)" value="0x0C" />
            <option id="config.board.user.memory.a" display="A (512KB/128KB/16KB)" value="0x0A" />
            <option id="config.board.user.memory.8" display="8 (256KB/32KB/8KB)" value="0x08" />
            <option id="config.board.user.memory.7" display="7 (128KB/24KB/8KB)" value="0x07" />
            <option id="config.board.user.memory.6" display="6 (64KB/16KB/4KB)" value="0x06" />
        </property>
        <property id="config.board.user.core" display="Core and Frequency" default="config.board.user.group.a" macro="BSP_CFG_MCU_PART_CORE">
            <option id="config.board.user.group.2" display="CM0+, 32MHz" value="0x02" />
            <option id="config.board.user.group.a" display="CM4, 48MHz" value="0x0A" />
            <option id="config.board.user.group.d" display="CM4, 120MHz" value="0x0D" />
            <option id="config.board.user.group.g" display="CM4, 240MHz" value="0x10" />
        </property>
        <property id="config.board.user.series" display="Part series" default="config.board.user.series.3" macro="BSP_CFG_MCU_PART_SERIES">
            <option id="config.board.user.series.1" display="Ultra-low Power (Up to 32MHz)" value="0x1" />
            <option id="config.board.user.series.3" display="High-efficiency (33MHz-100MHz)" value="0x3" />
            <option id="config.board.user.series.5" display="High-integration (101MHz-200MHz)" value="0x5" />
            <option id="config.board.user.series.7" display="High-performance (201MHz-300MHz)" value="0x7" />
        </property>
        <property id="config.board.user.main" display="Main stack size (bytes)" default="0x1000" macro="BSP_CFG_STACK_MAIN_BYTES">
            <constraint display="Value must be an integer and greater than 0">testInteger("${config.board.user.main}")  &amp;&amp; ("${config.board.user.main}" &gt; 0)</constraint>
        </property>
        <property id="config.board.user.process" display="Process stack size (bytes)" default="0" macro="BSP_CFG_STACK_PROCESS_BYTES">
            <constraint display="Value must be an integer">testInteger("${config.board.user.process}")  &amp;&amp; ("${config.board.user.process}" &gt;= 0)</constraint>
        </property>
        <property id="config.board.user.heap" display="Heap size (bytes)" default="0x400" macro="BSP_CFG_HEAP_BYTES">
            <constraint display="Value must be an integer">testInteger("${config.board.user.heap}") &amp;&amp; ("${config.board.user.heap}" &gt;= 0)</constraint>
        </property>
        <property id="config.board.user.ofs0" display="OFS0 - Option Function Select Register 0" default="0xFFFFFFFF" macro="BSP_CFG_ROM_REG_OFS0" />
        <property id="config.board.user.ofs1" display="OFS1 - Option Function Select Register 1" default="0xFFFFFFFF" macro="BSP_CFG_ROM_REG_OFS1" />
        <property id="config.board.user.mpu_pc0_enable" display="MPU - Enable or disable PC Region 0" default="config.board.user.mpu_pc0_enable.disabled">
            <option id="config.board.user.mpu_pc0_enable.enabled" display="Enabled" value="0" />
            <option id="config.board.user.mpu_pc0_enable.disabled" display="Disabled" value="1" />
        </property>
        <property id="config.board.user.mpu_pc0_start" display="MPU - PC0 Start" default="0xFFFFFFFF" macro="BSP_CFG_ROM_REG_MPU_PC0_START" />            
        <property id="config.board.user.mpu_pc0_end" display="MPU - PC0 End" default="0xFFFFFFFF" macro="BSP_CFG_ROM_REG_MPU_PC0_END" />
        <property id="config.board.user.mpu_pc1_enable" display="MPU - Enable or disable PC Region 1" default="config.board.user.mpu_pc1_enable.disabled">
            <option id="config.board.user.mpu_pc1_enable.enabled" display="Enabled" value="0" />
            <option id="config.board.user.mpu_pc1_enable.disabled" display="Disabled" value="1" />
        </property>
        <property id="config.board.user.mpu_pc1_start" display="MPU - PC1 Start" default="0xFFFFFFFF" macro="BSP_CFG_ROM_REG_MPU_PC1_START" />
        <property id="config.board.user.mpu_pc1_end" display="MPU - PC1 End" default="0xFFFFFFFF" macro="BSP_CFG_ROM_REG_MPU_PC1_END" />
        <property id="config.board.user.mpu_reg0_enable" display="MPU - Enable or disable Memory Region 0" default="config.board.user.mpu_reg0_enable.disabled">
            <option id="config.board.user.mpu_reg0_enable.enabled" display="Enabled" value="0" />
            <option id="config.board.user.mpu_reg0_enable.disabled" display="Disabled" value="1" />
        </property>
        <property id="config.board.user.mpu_reg0_start" display="MPU - Memory Region 0 Start" default="0xFFFFFFFF" macro="BSP_CFG_ROM_REG_MPU_REGION0_START" />
        <property id="config.board.user.mpu_reg0_end" display="MPU - Memory Region 0 End" default="0xFFFFFFFF" macro="BSP_CFG_ROM_REG_MPU_REGION0_END" />
        <property id="config.board.user.mpu_reg1_enable" display="MPU - Enable or disable Memory Region 1" default="config.board.user.mpu_reg1_enable.disabled">
            <option id="config.board.user.mpu_reg1_enable.enabled" display="Enabled" value="0" />
            <option id="config.board.user.mpu_reg1_enable.disabled" display="Disabled" value="1" />
        </property>
        <property id="config.board.user.mpu_reg1_start" display="MPU - Memory Region 1 Start" default="0xFFFFFFFF" macro="BSP_CFG_ROM_REG_MPU_REGION1_START" />
        <property id="config.board.user.mpu_reg1_end" display="MPU - Memory Region 1 End" default="0xFFFFFFFF" macro="BSP_CFG_ROM_REG_MPU_REGION1_END" />
        <property id="config.board.user.mpu_reg2_enable" display="MPU - Enable or disable Memory Region 2" default="config.board.user.mpu_reg2_enable.disabled">
            <option id="config.board.user.mpu_reg2_enable.enabled" display="Enabled" value="0" />
            <option id="config.board.user.mpu_reg2_enable.disabled" display="Disabled" value="1" />
        </property>
        <property id="config.board.user.mpu_reg2_start" display="MPU - Memory Region 2 Start" default="0xFFFFFFFF" macro="BSP_CFG_ROM_REG_MPU_REGION2_START" />
        <property id="config.board.user.mpu_reg2_end" display="MPU - Memory Region 2 End" default="0xFFFFFFFF" macro="BSP_CFG_ROM_REG_MPU_REGION2_END" />
        <property id="config.board.user.mpu_reg3_enable" display="MPU - Enable or disable Memory Region 3" default="config.board.user.mpu_reg3_enable.disabled">
            <option id="config.board.user.mpu_reg3_enable.enabled" display="Enabled" value="0" />
            <option id="config.board.user.mpu_reg3_enable.disabled" display="Disabled" value="1" />
        </property>
        <property id="config.board.user.mpu_reg3_start" display="MPU - Memory Region 3 Start" default="0xFFFFFFFF" macro="BSP_CFG_ROM_REG_MPU_REGION3_START" />
        <property id="config.board.user.mpu_reg3_end" display="MPU - Memory Region 3 End" default="0xFFFFFFFF" macro="BSP_CFG_ROM_REG_MPU_REGION3_END" />
        <property id="config.board.user.id1" display="ID code 1" default="0xFFFFFFFF" macro="BSP_CFG_ID_CODE_LONG_1" />
        <property id="config.board.user.id2" display="ID code 2" default="0xFFFFFFFF" macro="BSP_CFG_ID_CODE_LONG_2" />
        <property id="config.board.user.id3" display="ID code 3" default="0xFFFFFFFF" macro="BSP_CFG_ID_CODE_LONG_3" />
        <property id="config.board.user.id4" display="ID code 4" default="0xFFFFFFFF" macro="BSP_CFG_ID_CODE_LONG_4" />
        <property id="config.board.common.vcc" display="MCU Vcc (mV)" default="3300" macro="BSP_CFG_MCU_VCC_MV">
            <constraint display="Value must between 0 and 4600 (4.6V)">testInteger("${config.board.common.vcc}") &amp;&amp; ("${config.board.common.vcc}" &gt;= 0) &amp;&amp; ("${config.board.common.vcc}" &lt;= 4600)</constraint>
        </property>
        <property id="config.board.common.checking" display="Parameter checking" default="config.board.common.checking.enabled">
            <option id="config.board.common.checking.enabled" display="Enabled" value="1" />
            <option id="config.board.common.checking.disabled" display="Disabled" value="0" />
        </property>
        <property id="config.board.common.rtos" display="RTOS being used" default="config.board.common.rtos.none">
            <option id="config.board.common.rtos.none" display="No RTOS" value="0" />
            <option id="config.board.common.rtos.tx" display="ThreadX" value="1" />
            <option id="config.board.common.rtos.other" display="Other" value="2" />
        </property>
        <property id="config.board.common.assert" display="Assert Failures" default="config.board.common.assert.none">
            <option id="config.board.common.assert.none" display="Return SSP_ERR_ASSERTION" value="0" />
            <option id="config.board.common.assert.ssp_error_log" display="Call ssp_error_log then Return SSP_ERR_ASSERTION" value="1" />
            <option id="config.board.common.assert.assert" display="Use assert() to Halt Execution" value="2" />
        </property>
        <property id="config.board.common.error_log" display="Error Log" default="config.board.common.error_log.none">
            <option id="config.board.common.error_log.none" display="No Error Log" value="0" />
            <option id="config.board.common.error_log.ssp_error_log" display="Errors Logged in ssp_error_log" value="1" />
        </property>
        <content>
            #define BSP_BOARD_S3A7_USER
            #define BSP_CFG_MCU_PART_PACKAGE (${config.board.user.package})
            #define BSP_CFG_MCU_PART_MEMORY_SIZE (${config.board.user.memory})
            #define BSP_CFG_MCU_PART_CORE (${config.board.user.core})
            #define BSP_CFG_MCU_PART_SERIES (${config.board.user.series})
            #define BSP_CFG_STACK_MAIN_BYTES (${config.board.user.main})
            #define BSP_CFG_STACK_PROCESS_BYTES (${config.board.user.process})
            #define BSP_CFG_HEAP_BYTES (${config.board.user.heap})
            #define BSP_CFG_ROM_REG_OFS0 (${config.board.user.ofs0})
            #define BSP_CFG_ROM_REG_OFS1 (${config.board.user.ofs1})
            #define BSP_CFG_ROM_REG_MPU_PC0_ENABLE (${config.board.user.mpu_pc0_enable})
            #define BSP_CFG_ROM_REG_MPU_PC0_START (${config.board.user.mpu_pc0_start})
            #define BSP_CFG_ROM_REG_MPU_PC0_END (${config.board.user.mpu_pc0_end})
            #define BSP_CFG_ROM_REG_MPU_PC1_ENABLE (${config.board.user.mpu_pc1_enable})
            #define BSP_CFG_ROM_REG_MPU_PC1_START (${config.board.user.mpu_pc1_start})
            #define BSP_CFG_ROM_REG_MPU_PC1_END (${config.board.user.mpu_pc1_end})
            #define BSP_CFG_ROM_REG_MPU_REGION0_ENABLE (${config.board.user.mpu_reg0_enable})
            #define BSP_CFG_ROM_REG_MPU_REGION0_START (${config.board.user.mpu_reg0_start})
            #define BSP_CFG_ROM_REG_MPU_REGION0_END (${config.board.user.mpu_reg0_end})
            #define BSP_CFG_ROM_REG_MPU_REGION1_ENABLE (${config.board.user.mpu_reg1_enable})
            #define BSP_CFG_ROM_REG_MPU_REGION1_START (${config.board.user.mpu_reg1_start})
            #define BSP_CFG_ROM_REG_MPU_REGION1_END (${config.board.user.mpu_reg1_end})
            #define BSP_CFG_ROM_REG_MPU_REGION2_ENABLE (${config.board.user.mpu_reg2_enable})
            #define BSP_CFG_ROM_REG_MPU_REGION2_START (${config.board.user.mpu_reg2_start})
            #define BSP_CFG_ROM_REG_MPU_REGION2_END (${config.board.user.mpu_reg2_end})
            #define BSP_CFG_ROM_REG_MPU_REGION3_ENABLE (${config.board.user.mpu_reg3_enable})
            #define BSP_CFG_ROM_REG_MPU_REGION3_START (${config.board.user.mpu_reg3_start})
            #define BSP_CFG_ROM_REG_MPU_REGION3_END (${config.board.user.mpu_reg3_end})
            #define BSP_CFG_ID_CODE_LONG_1 (${config.board.user.id1})
            #define BSP_CFG_ID_CODE_LONG_2 (${config.board.user.id2})
            #define BSP_CFG_ID_CODE_LONG_3 (${config.board.user.id3})
            #define BSP_CFG_ID_CODE_LONG_4 (${config.board.user.id4})
            #define BSP_CFG_MCU_VCC_MV (${config.board.common.vcc})
            #define BSP_CFG_PARAM_CHECKING_ENABLE (${config.board.common.checking})
            #define BSP_CFG_RTOS (${config.board.common.rtos})
            #define BSP_CFG_ASSERT (${config.board.common.assert})
            #define BSP_CFG_ERROR_LOG (${config.board.common.error_log})
        </content>
    </config>   
    <board id="board.s3a7_user" display="Custom User Board (S3A7)" config="config.board.s3a7_user" cpu="S3A7" device="R7FS3A77C3A01CFB" version="0">
        <icu>
            <option display="Priority 0 (highest)" id="board.icu.common.irq.priority0" macroValue="(0)"/>
            <option display="Priority 1" id="board.icu.common.irq.priority1" macroValue="(1)"/>
            <option display="Priority 2" id="board.icu.common.irq.priority2" macroValue="(2)"/>
            <option display="Priority 3" id="board.icu.common.irq.priority3" macroValue="(3)"/>
            <option display="Priority 4" id="board.icu.common.irq.priority4" macroValue="(4)"/>
            <option display="Priority 5" id="board.icu.common.irq.priority5" macroValue="(5)"/>
            <option display="Priority 6" id="board.icu.common.irq.priority6" macroValue="(6)"/>
            <option display="Priority 7" id="board.icu.common.irq.priority7" macroValue="(7)"/>
            <option display="Priority 8" id="board.icu.common.irq.priority8" macroValue="(8)"/>
            <option display="Priority 9" id="board.icu.common.irq.priority9" macroValue="(9)"/>
            <option display="Priority 10" id="board.icu.common.irq.priority10" macroValue="(10)"/>
            <option display="Priority 11" id="board.icu.common.irq.priority11" macroValue="(11)"/>
            <option display="Priority 12" id="board.icu.common.irq.priority12" macroValue="(12)"/>
            <option display="Priority 13" id="board.icu.common.irq.priority13" macroValue="(13)"/>
            <option display="Priority 14" id="board.icu.common.irq.priority14" macroValue="(14)"/>
            <option display="Priority 15 (lowest)" id="board.icu.common.irq.priority15" macroValue="(15)"/>
            <option display="Disabled" id="board.icu.common.irq.disabled" macroValue="(BSP_IRQ_DISABLED)"/>
            <group display="PORT" id="board.icu.port">
                <group display="PORT0" id="board.icu.port.port0">
                    <node default="board.icu.common.irq.disabled" display="PORT0 IRQ" id="board.icu.port.port0.port0.irq" macroName="BSP_IRQ_CFG_PORT0_IRQ"/>
                </group>
                <group display="PORT1" id="board.icu.port.port1">
                    <node default="board.icu.common.irq.disabled" display="PORT1 IRQ" id="board.icu.port.port1.port1.irq" macroName="BSP_IRQ_CFG_PORT1_IRQ"/>
                </group>
                <group display="PORT2" id="board.icu.port.port2">
                    <node default="board.icu.common.irq.disabled" display="PORT2 IRQ" id="board.icu.port.port2.port2.irq" macroName="BSP_IRQ_CFG_PORT2_IRQ"/>
                </group>
                <group display="PORT3" id="board.icu.port.port3">
                    <node default="board.icu.common.irq.disabled" display="PORT3 IRQ" id="board.icu.port.port3.port3.irq" macroName="BSP_IRQ_CFG_PORT3_IRQ"/>
                </group>
                <group display="PORT4" id="board.icu.port.port4">
                    <node default="board.icu.common.irq.disabled" display="PORT4 IRQ" id="board.icu.port.port4.port4.irq" macroName="BSP_IRQ_CFG_PORT4_IRQ"/>
                </group>
                <group display="PORT5" id="board.icu.port.port5">
                    <node default="board.icu.common.irq.disabled" display="PORT5 IRQ" id="board.icu.port.port5.port5.irq" macroName="BSP_IRQ_CFG_PORT5_IRQ"/>
                </group>
                <group display="PORT6" id="board.icu.port.port6">
                    <node default="board.icu.common.irq.disabled" display="PORT6 IRQ" id="board.icu.port.port6.port6.irq" macroName="BSP_IRQ_CFG_PORT6_IRQ"/>
                </group>
                <group display="PORT7" id="board.icu.port.port7">
                    <node default="board.icu.common.irq.disabled" display="PORT7 IRQ" id="board.icu.port.port7.port7.irq" macroName="BSP_IRQ_CFG_PORT7_IRQ"/>
                </group>
                <group display="PORT8" id="board.icu.port.port8">
                    <node default="board.icu.common.irq.disabled" display="PORT8 IRQ" id="board.icu.port.port8.port8.irq" macroName="BSP_IRQ_CFG_PORT8_IRQ"/>
                </group>
                <group display="PORT9" id="board.icu.port.port9">
                    <node default="board.icu.common.irq.disabled" display="PORT9 IRQ" id="board.icu.port.port9.port9.irq" macroName="BSP_IRQ_CFG_PORT9_IRQ"/>
                </group>
                <group display="PORT10" id="board.icu.port.port10">
                    <node default="board.icu.common.irq.disabled" display="PORT10 IRQ" id="board.icu.port.port10.port10.irq" macroName="BSP_IRQ_CFG_PORT10_IRQ"/>
                </group>
                <group display="PORT11" id="board.icu.port.port11">
                    <node default="board.icu.common.irq.disabled" display="PORT11 IRQ" id="board.icu.port.port11.port11.irq" macroName="BSP_IRQ_CFG_PORT11_IRQ"/>
                </group>
                <group display="PORT12" id="board.icu.port.port12">
                    <node default="board.icu.common.irq.disabled" display="PORT12 IRQ" id="board.icu.port.port12.port12.irq" macroName="BSP_IRQ_CFG_PORT12_IRQ"/>
                </group>
                <group display="PORT13" id="board.icu.port.port13">
                    <node default="board.icu.common.irq.disabled" display="PORT13 IRQ" id="board.icu.port.port13.port13.irq" macroName="BSP_IRQ_CFG_PORT13_IRQ"/>
                </group>
                <group display="PORT14" id="board.icu.port.port14">
                    <node default="board.icu.common.irq.disabled" display="PORT14 IRQ" id="board.icu.port.port14.port14.irq" macroName="BSP_IRQ_CFG_PORT14_IRQ"/>
                </group>
                <group display="PORT15" id="board.icu.port.port15">
                    <node default="board.icu.common.irq.disabled" display="PORT15 IRQ" id="board.icu.port.port15.port15.irq" macroName="BSP_IRQ_CFG_PORT15_IRQ"/>
                </group>
            </group>
            <group display="DMAC" id="board.icu.dmac">
                <group display="DMAC0" id="board.icu.dmac.dmac0">
                    <node default="board.icu.common.irq.disabled" display="DMAC0 DMAC" id="board.icu.dmac.dmac0.dmac0.dmac" macroName="BSP_IRQ_CFG_DMAC0_DMAC"/>
                </group>
                <group display="DMAC1" id="board.icu.dmac.dmac1">
                    <node default="board.icu.common.irq.disabled" display="DMAC1 DMAC" id="board.icu.dmac.dmac1.dmac1.dmac" macroName="BSP_IRQ_CFG_DMAC1_DMAC"/>
                </group>
                <group display="DMAC2" id="board.icu.dmac.dmac2">
                    <node default="board.icu.common.irq.disabled" display="DMAC2 DMAC" id="board.icu.dmac.dmac2.dmac2.dmac" macroName="BSP_IRQ_CFG_DMAC2_DMAC"/>
                </group>
                <group display="DMAC3" id="board.icu.dmac.dmac3">
                    <node default="board.icu.common.irq.disabled" display="DMAC3 DMAC" id="board.icu.dmac.dmac3.dmac3.dmac" macroName="BSP_IRQ_CFG_DMAC3_DMAC"/>
                </group>
            </group>
            <group display="DTC" id="board.icu.dtc">
                <node default="board.icu.common.irq.disabled" display="DTC TRANSFER" id="board.icu.dtc.transfer" macroName="BSP_IRQ_CFG_DTC_TRANSFER"/>
                <node default="board.icu.common.irq.disabled" display="DTC COMPLETE" id="board.icu.dtc.complete" macroName="BSP_IRQ_CFG_DTC_COMPLETE"/>
                <node default="board.icu.common.irq.disabled" display="DTC DTC END" id="board.icu.dtc.dtc_end" macroName="BSP_IRQ_CFG_DTC_DTC_END"/>
            </group>
            <group display="ICU" id="board.icu.icu">
                <node default="board.icu.common.irq.disabled" display="ICU CANCELING SNOOZE MODE" id="board.icu.icu.canceling_snooze_mode" macroName="BSP_IRQ_CFG_ICU_CANCELING_SNOOZE_MODE"/>
            </group>
            <group display="FCU" id="board.icu.fcu">
                <node default="board.icu.common.irq.disabled" display="FCU FRDYI" id="board.icu.fcu.frdyi" macroName="BSP_IRQ_CFG_FCU_FRDYI"/>
            </group>
            <group display="LVD" id="board.icu.lvd">
                <group display="LVD1" id="board.icu.lvd.lvd1">
                    <node default="board.icu.common.irq.disabled" display="LVD1 LVD1" id="board.icu.lvd.lvd1.lvd1.lvd1" macroName="BSP_IRQ_CFG_LVD1_LVD1"/>
                </group>
                <group display="LVD2" id="board.icu.lvd.lvd2">
                    <node default="board.icu.common.irq.disabled" display="LVD2 LVD2" id="board.icu.lvd.lvd2.lvd2.lvd2" macroName="BSP_IRQ_CFG_LVD2_LVD2"/>
                </group>
            </group>
            <group display="VBATT" id="board.icu.vbatt">
                <node default="board.icu.common.irq.disabled" display="VBATT VBAT" id="board.icu.vbatt.vbat" macroName="BSP_IRQ_CFG_VBATT_VBAT"/>
            </group>
            <group display="MOSC" id="board.icu.mosc">
                <node default="board.icu.common.irq.disabled" display="MOSC OSC STOP" id="board.icu.mosc.osc_stop" macroName="BSP_IRQ_CFG_MOSC_OSC_STOP"/>
            </group>
            <group display="CPUSYS" id="board.icu.cpusys">
                <node default="board.icu.common.irq.disabled" display="CPUSYS SNOOZE MODE ENTRY FLAG" id="board.icu.cpusys.snooze_mode_entry_flag" macroName="BSP_IRQ_CFG_CPUSYS_SNOOZE_MODE_ENTRY_FLAG"/>
            </group>
            <group display="AGT" id="board.icu.agt">
                <group display="AGT0" id="board.icu.agt.agt0">
                    <node default="board.icu.common.irq.disabled" display="AGT0 AGTI" id="board.icu.agt.agt0.agt0.agti" macroName="BSP_IRQ_CFG_AGT0_AGTI"/>
                    <node default="board.icu.common.irq.disabled" display="AGT0 AGTCMAI" id="board.icu.agt.agt0.agt0.agtcmai" macroName="BSP_IRQ_CFG_AGT0_AGTCMAI"/>
                    <node default="board.icu.common.irq.disabled" display="AGT0 AGTCMBI" id="board.icu.agt.agt0.agt0.agtcmbi" macroName="BSP_IRQ_CFG_AGT0_AGTCMBI"/>
                </group>
                <group display="AGT1" id="board.icu.agt.agt1">
                    <node default="board.icu.common.irq.disabled" display="AGT1 AGTI" id="board.icu.agt.agt1.agt1.agti" macroName="BSP_IRQ_CFG_AGT1_AGTI"/>
                    <node default="board.icu.common.irq.disabled" display="AGT1 AGTCMAI" id="board.icu.agt.agt1.agt1.agtcmai" macroName="BSP_IRQ_CFG_AGT1_AGTCMAI"/>
                    <node default="board.icu.common.irq.disabled" display="AGT1 AGTCMBI" id="board.icu.agt.agt1.agt1.agtcmbi" macroName="BSP_IRQ_CFG_AGT1_AGTCMBI"/>
                </group>
            </group>
            <group display="IWDT" id="board.icu.iwdt">
                <node default="board.icu.common.irq.disabled" display="IWDT NMIUNDF N" id="board.icu.iwdt.nmiundf_n" macroName="BSP_IRQ_CFG_IWDT_NMIUNDF_N"/>
            </group>
            <group display="CWDT" id="board.icu.cwdt">
                <node default="board.icu.common.irq.disabled" display="CWDT NMIUNDF N" id="board.icu.cwdt.nmiundf_n" macroName="BSP_IRQ_CFG_CWDT_NMIUNDF_N"/>
            </group>
            <group display="RTC" id="board.icu.rtc">
                <node default="board.icu.common.irq.disabled" display="RTC ALM" id="board.icu.rtc.alm" macroName="BSP_IRQ_CFG_RTC_ALM"/>
                <node default="board.icu.common.irq.disabled" display="RTC PRD" id="board.icu.rtc.prd" macroName="BSP_IRQ_CFG_RTC_PRD"/>
                <node default="board.icu.common.irq.disabled" display="RTC CUP" id="board.icu.rtc.cup" macroName="BSP_IRQ_CFG_RTC_CUP"/>
            </group>
            <group display="S12AD" id="board.icu.s12ad">
                <group display="S12AD0" id="board.icu.s12ad.s12ad0">
                    <node default="board.icu.common.irq.disabled" display="S12AD0 ADI" id="board.icu.s12ad.s12ad0.s12ad0.adi" macroName="BSP_IRQ_CFG_S12AD0_ADI"/>
                    <node default="board.icu.common.irq.disabled" display="S12AD0 GBADI" id="board.icu.s12ad.s12ad0.s12ad0.gbadi" macroName="BSP_IRQ_CFG_S12AD0_GBADI"/>
                    <node default="board.icu.common.irq.disabled" display="S12AD0 CMPAI" id="board.icu.s12ad.s12ad0.s12ad0.cmpai" macroName="BSP_IRQ_CFG_S12AD0_CMPAI"/>
                    <node default="board.icu.common.irq.disabled" display="S12AD0 CMPBI" id="board.icu.s12ad.s12ad0.s12ad0.cmpbi" macroName="BSP_IRQ_CFG_S12AD0_CMPBI"/>
                    <node default="board.icu.common.irq.disabled" display="S12AD0 COMPARE MATCH" id="board.icu.s12ad.s12ad0.s12ad0.compare_match" macroName="BSP_IRQ_CFG_S12AD0_COMPARE_MATCH"/>
                    <node default="board.icu.common.irq.disabled" display="S12AD0 COMPARE MISMATCH" id="board.icu.s12ad.s12ad0.s12ad0.compare_mismatch" macroName="BSP_IRQ_CFG_S12AD0_COMPARE_MISMATCH"/>
                </group>
            </group>
            <group display="COMP" id="board.icu.comp">
                <node default="board.icu.common.irq.disabled" display="COMP OC0 COMP IRQ" id="board.icu.comp.oc0_comp_irq" macroName="BSP_IRQ_CFG_COMP_OC0_COMP_IRQ"/>
                <node default="board.icu.common.irq.disabled" display="COMP RD1 COMP IRQ" id="board.icu.comp.rd1_comp_irq" macroName="BSP_IRQ_CFG_COMP_RD1_COMP_IRQ"/>
                <node default="board.icu.common.irq.disabled" display="COMP LP COMP C0IRQ" id="board.icu.comp.lp_comp_c0irq" macroName="BSP_IRQ_CFG_COMP_LP_COMP_C0IRQ"/>
                <node default="board.icu.common.irq.disabled" display="COMP LP COMP C1IRQ" id="board.icu.comp.lp_comp_c1irq" macroName="BSP_IRQ_CFG_COMP_LP_COMP_C1IRQ"/>
            </group>
            <group display="USBFS" id="board.icu.usbfs">
                <node default="board.icu.common.irq.disabled" display="USBFS D0FIFO" id="board.icu.usbfs.d0fifo" macroName="BSP_IRQ_CFG_USBFS_D0FIFO"/>
                <node default="board.icu.common.irq.disabled" display="USBFS D1FIFO" id="board.icu.usbfs.d1fifo" macroName="BSP_IRQ_CFG_USBFS_D1FIFO"/>
                <node default="board.icu.common.irq.disabled" display="USBFS USBI" id="board.icu.usbfs.usbi" macroName="BSP_IRQ_CFG_USBFS_USBI"/>
                <node default="board.icu.common.irq.disabled" display="USBFS USBR" id="board.icu.usbfs.usbr" macroName="BSP_IRQ_CFG_USBFS_USBR"/>
            </group>
            <group display="RIIC" id="board.icu.riic">
                <group display="RIIC0" id="board.icu.riic.riic0">
                    <node default="board.icu.common.irq.disabled" display="RIIC0 RXI" id="board.icu.riic.riic0.riic0.rxi" macroName="BSP_IRQ_CFG_RIIC0_RXI"/>
                    <node default="board.icu.common.irq.disabled" display="RIIC0 TXI" id="board.icu.riic.riic0.riic0.txi" macroName="BSP_IRQ_CFG_RIIC0_TXI"/>
                    <node default="board.icu.common.irq.disabled" display="RIIC0 TEI" id="board.icu.riic.riic0.riic0.tei" macroName="BSP_IRQ_CFG_RIIC0_TEI"/>
                    <node default="board.icu.common.irq.disabled" display="RIIC0 EEI" id="board.icu.riic.riic0.riic0.eei" macroName="BSP_IRQ_CFG_RIIC0_EEI"/>
                    <node default="board.icu.common.irq.disabled" display="RIIC0 WUI" id="board.icu.riic.riic0.riic0.wui" macroName="BSP_IRQ_CFG_RIIC0_WUI"/>
                </group>
                <group display="RIIC1" id="board.icu.riic.riic1">
                    <node default="board.icu.common.irq.disabled" display="RIIC1 RXI" id="board.icu.riic.riic1.riic1.rxi" macroName="BSP_IRQ_CFG_RIIC1_RXI"/>
                    <node default="board.icu.common.irq.disabled" display="RIIC1 TXI" id="board.icu.riic.riic1.riic1.txi" macroName="BSP_IRQ_CFG_RIIC1_TXI"/>
                    <node default="board.icu.common.irq.disabled" display="RIIC1 TEI" id="board.icu.riic.riic1.riic1.tei" macroName="BSP_IRQ_CFG_RIIC1_TEI"/>
                    <node default="board.icu.common.irq.disabled" display="RIIC1 EEI" id="board.icu.riic.riic1.riic1.eei" macroName="BSP_IRQ_CFG_RIIC1_EEI"/>
                </group>
                <group display="RIIC2" id="board.icu.riic.riic2">
                    <node default="board.icu.common.irq.disabled" display="RIIC2 RXI" id="board.icu.riic.riic2.riic2.rxi" macroName="BSP_IRQ_CFG_RIIC2_RXI"/>
                    <node default="board.icu.common.irq.disabled" display="RIIC2 TXI" id="board.icu.riic.riic2.riic2.txi" macroName="BSP_IRQ_CFG_RIIC2_TXI"/>
                    <node default="board.icu.common.irq.disabled" display="RIIC2 TEI" id="board.icu.riic.riic2.riic2.tei" macroName="BSP_IRQ_CFG_RIIC2_TEI"/>
                    <node default="board.icu.common.irq.disabled" display="RIIC2 EEI" id="board.icu.riic.riic2.riic2.eei" macroName="BSP_IRQ_CFG_RIIC2_EEI"/>
                </group>
            </group>
            <group display="SSI" id="board.icu.ssi">
                <group display="SSI0" id="board.icu.ssi.ssi0">
                    <node default="board.icu.common.irq.disabled" display="SSI0 SSITXI" id="board.icu.ssi.ssi0.ssi0.ssitxi" macroName="BSP_IRQ_CFG_SSI0_SSITXI"/>
                    <node default="board.icu.common.irq.disabled" display="SSI0 SSIRXI" id="board.icu.ssi.ssi0.ssi0.ssirxi" macroName="BSP_IRQ_CFG_SSI0_SSIRXI"/>
                    <node default="board.icu.common.irq.disabled" display="SSI0 SSIRT" id="board.icu.ssi.ssi0.ssi0.ssirt" macroName="BSP_IRQ_CFG_SSI0_SSIRT"/>
                    <node default="board.icu.common.irq.disabled" display="SSI0 SSIF" id="board.icu.ssi.ssi0.ssi0.ssif" macroName="BSP_IRQ_CFG_SSI0_SSIF"/>
                </group>
                <group display="SSI1" id="board.icu.ssi.ssi1">
                    <node default="board.icu.common.irq.disabled" display="SSI1 SSITXI" id="board.icu.ssi.ssi1.ssi1.ssitxi" macroName="BSP_IRQ_CFG_SSI1_SSITXI"/>
                    <node default="board.icu.common.irq.disabled" display="SSI1 SSIRXI" id="board.icu.ssi.ssi1.ssi1.ssirxi" macroName="BSP_IRQ_CFG_SSI1_SSIRXI"/>
                    <node default="board.icu.common.irq.disabled" display="SSI1 SSIRT" id="board.icu.ssi.ssi1.ssi1.ssirt" macroName="BSP_IRQ_CFG_SSI1_SSIRT"/>
                    <node default="board.icu.common.irq.disabled" display="SSI1 SSIF" id="board.icu.ssi.ssi1.ssi1.ssif" macroName="BSP_IRQ_CFG_SSI1_SSIF"/>
                </group>
            </group>
            <group display="CTSU" id="board.icu.ctsu">
                <node default="board.icu.common.irq.disabled" display="CTSU CTSUWR" id="board.icu.ctsu.ctsuwr" macroName="BSP_IRQ_CFG_CTSU_CTSUWR"/>
                <node default="board.icu.common.irq.disabled" display="CTSU CTSURD" id="board.icu.ctsu.ctsurd" macroName="BSP_IRQ_CFG_CTSU_CTSURD"/>
                <node default="board.icu.common.irq.disabled" display="CTSU CTSUFN" id="board.icu.ctsu.ctsufn" macroName="BSP_IRQ_CFG_CTSU_CTSUFN"/>
            </group>
            <group display="KEY" id="board.icu.key">
                <node default="board.icu.common.irq.disabled" display="KEY INTKR" id="board.icu.key.intkr" macroName="BSP_IRQ_CFG_KEY_INTKR"/>
            </group>
            <group display="DOC" id="board.icu.doc">
                <node default="board.icu.common.irq.disabled" display="DOC DOPCF" id="board.icu.doc.dopcf" macroName="BSP_IRQ_CFG_DOC_DOPCF"/>
            </group>
            <group display="CAC" id="board.icu.cac">
                <node default="board.icu.common.irq.disabled" display="CAC FERRF" id="board.icu.cac.ferrf" macroName="BSP_IRQ_CFG_CAC_FERRF"/>
                <node default="board.icu.common.irq.disabled" display="CAC MENDF" id="board.icu.cac.mendf" macroName="BSP_IRQ_CFG_CAC_MENDF"/>
                <node default="board.icu.common.irq.disabled" display="CAC OVFF" id="board.icu.cac.ovff" macroName="BSP_IRQ_CFG_CAC_OVFF"/>
            </group>
            <group display="RCAN" id="board.icu.rcan">
                <group display="RCAN20" id="board.icu.rcan.rcan20">
                    <node default="board.icu.common.irq.disabled" display="RCAN20 ERS" id="board.icu.rcan.rcan20.rcan20.ers" macroName="BSP_IRQ_CFG_RCAN20_ERS"/>
                    <node default="board.icu.common.irq.disabled" display="RCAN20 RXF" id="board.icu.rcan.rcan20.rcan20.rxf" macroName="BSP_IRQ_CFG_RCAN20_RXF"/>
                    <node default="board.icu.common.irq.disabled" display="RCAN20 TXF" id="board.icu.rcan.rcan20.rcan20.txf" macroName="BSP_IRQ_CFG_RCAN20_TXF"/>
                    <node default="board.icu.common.irq.disabled" display="RCAN20 RXM" id="board.icu.rcan.rcan20.rcan20.rxm" macroName="BSP_IRQ_CFG_RCAN20_RXM"/>
                    <node default="board.icu.common.irq.disabled" display="RCAN20 TXM" id="board.icu.rcan.rcan20.rcan20.txm" macroName="BSP_IRQ_CFG_RCAN20_TXM"/>
                </group>
            </group>
            <group display="GPIO" id="board.icu.gpio">
                <node default="board.icu.common.irq.disabled" display="GPIO PORT GROUP A" id="board.icu.gpio.port_group_a" macroName="BSP_IRQ_CFG_GPIO_PORT_GROUP_A"/>
                <node default="board.icu.common.irq.disabled" display="GPIO PORT GROUP B" id="board.icu.gpio.port_group_b" macroName="BSP_IRQ_CFG_GPIO_PORT_GROUP_B"/>
                <node default="board.icu.common.irq.disabled" display="GPIO PORT GROUP C" id="board.icu.gpio.port_group_c" macroName="BSP_IRQ_CFG_GPIO_PORT_GROUP_C"/>
                <node default="board.icu.common.irq.disabled" display="GPIO PORT GROUP D" id="board.icu.gpio.port_group_d" macroName="BSP_IRQ_CFG_GPIO_PORT_GROUP_D"/>
            </group>
            <group display="ELC" id="board.icu.elc">
                <group display="ELC0" id="board.icu.elc.elc0">
                    <node default="board.icu.common.irq.disabled" display="ELC0 SOFTWARE EVENT" id="board.icu.elc.elc0.elc0.software_event" macroName="BSP_IRQ_CFG_ELC0_SOFTWARE_EVENT"/>
                </group>
                <group display="ELC1" id="board.icu.elc.elc1">
                    <node default="board.icu.common.irq.disabled" display="ELC1 SOFTWARE EVENT" id="board.icu.elc.elc1.elc1.software_event" macroName="BSP_IRQ_CFG_ELC1_SOFTWARE_EVENT"/>
                </group>
            </group>
            <group display="POEG" id="board.icu.poeg">
                <node default="board.icu.common.irq.disabled" display="POEG GROUP EVENT0" id="board.icu.poeg.group_event0" macroName="BSP_IRQ_CFG_POEG_GROUP_EVENT0"/>
                <node default="board.icu.common.irq.disabled" display="POEG GROUP EVENT1" id="board.icu.poeg.group_event1" macroName="BSP_IRQ_CFG_POEG_GROUP_EVENT1"/>
                <node default="board.icu.common.irq.disabled" display="POEG GROUP EVENT2" id="board.icu.poeg.group_event2" macroName="BSP_IRQ_CFG_POEG_GROUP_EVENT2"/>
                <node default="board.icu.common.irq.disabled" display="POEG GROUP EVENT3" id="board.icu.poeg.group_event3" macroName="BSP_IRQ_CFG_POEG_GROUP_EVENT3"/>
            </group>
            <group display="GPT" id="board.icu.gpt">
                <group display="GPT0" id="board.icu.gpt.gpt0">
                    <node default="board.icu.common.irq.disabled" display="GPT0 CAPTURE COMPARE INT A" id="board.icu.gpt.gpt0.gpt0.capture_compare_int_a" macroName="BSP_IRQ_CFG_GPT0_CAPTURE_COMPARE_INT_A"/>
                    <node default="board.icu.common.irq.disabled" display="GPT0 CAPTURE COMPARE INT B" id="board.icu.gpt.gpt0.gpt0.capture_compare_int_b" macroName="BSP_IRQ_CFG_GPT0_CAPTURE_COMPARE_INT_B"/>
                    <node default="board.icu.common.irq.disabled" display="GPT0 COMPARE INT C" id="board.icu.gpt.gpt0.gpt0.compare_int_c" macroName="BSP_IRQ_CFG_GPT0_COMPARE_INT_C"/>
                    <node default="board.icu.common.irq.disabled" display="GPT0 COMPARE INT D" id="board.icu.gpt.gpt0.gpt0.compare_int_d" macroName="BSP_IRQ_CFG_GPT0_COMPARE_INT_D"/>
                    <node default="board.icu.common.irq.disabled" display="GPT0 COMPARE INT E" id="board.icu.gpt.gpt0.gpt0.compare_int_e" macroName="BSP_IRQ_CFG_GPT0_COMPARE_INT_E"/>
                    <node default="board.icu.common.irq.disabled" display="GPT0 COMPARE INT F" id="board.icu.gpt.gpt0.gpt0.compare_int_f" macroName="BSP_IRQ_CFG_GPT0_COMPARE_INT_F"/>
                    <node default="board.icu.common.irq.disabled" display="GPT0 COUNTER OVERFLOW" id="board.icu.gpt.gpt0.gpt0.counter_overflow" macroName="BSP_IRQ_CFG_GPT0_COUNTER_OVERFLOW"/>
                    <node default="board.icu.common.irq.disabled" display="GPT0 COUNTER UNDERFLOW" id="board.icu.gpt.gpt0.gpt0.counter_underflow" macroName="BSP_IRQ_CFG_GPT0_COUNTER_UNDERFLOW"/>
                </group>
                <group display="GPT1" id="board.icu.gpt.gpt1">
                    <node default="board.icu.common.irq.disabled" display="GPT1 CAPTURE COMPARE INT A" id="board.icu.gpt.gpt1.gpt1.capture_compare_int_a" macroName="BSP_IRQ_CFG_GPT1_CAPTURE_COMPARE_INT_A"/>
                    <node default="board.icu.common.irq.disabled" display="GPT1 CAPTURE COMPARE INT B" id="board.icu.gpt.gpt1.gpt1.capture_compare_int_b" macroName="BSP_IRQ_CFG_GPT1_CAPTURE_COMPARE_INT_B"/>
                    <node default="board.icu.common.irq.disabled" display="GPT1 COMPARE INT C" id="board.icu.gpt.gpt1.gpt1.compare_int_c" macroName="BSP_IRQ_CFG_GPT1_COMPARE_INT_C"/>
                    <node default="board.icu.common.irq.disabled" display="GPT1 COMPARE INT D" id="board.icu.gpt.gpt1.gpt1.compare_int_d" macroName="BSP_IRQ_CFG_GPT1_COMPARE_INT_D"/>
                    <node default="board.icu.common.irq.disabled" display="GPT1 COMPARE INT E" id="board.icu.gpt.gpt1.gpt1.compare_int_e" macroName="BSP_IRQ_CFG_GPT1_COMPARE_INT_E"/>
                    <node default="board.icu.common.irq.disabled" display="GPT1 COMPARE INT F" id="board.icu.gpt.gpt1.gpt1.compare_int_f" macroName="BSP_IRQ_CFG_GPT1_COMPARE_INT_F"/>
                    <node default="board.icu.common.irq.disabled" display="GPT1 COUNTER OVERFLOW" id="board.icu.gpt.gpt1.gpt1.counter_overflow" macroName="BSP_IRQ_CFG_GPT1_COUNTER_OVERFLOW"/>
                    <node default="board.icu.common.irq.disabled" display="GPT1 COUNTER UNDERFLOW" id="board.icu.gpt.gpt1.gpt1.counter_underflow" macroName="BSP_IRQ_CFG_GPT1_COUNTER_UNDERFLOW"/>
                </group>
                <group display="GPT2" id="board.icu.gpt.gpt2">
                    <node default="board.icu.common.irq.disabled" display="GPT2 CAPTURE COMPARE INT A" id="board.icu.gpt.gpt2.gpt2.capture_compare_int_a" macroName="BSP_IRQ_CFG_GPT2_CAPTURE_COMPARE_INT_A"/>
                    <node default="board.icu.common.irq.disabled" display="GPT2 CAPTURE COMPARE INT B" id="board.icu.gpt.gpt2.gpt2.capture_compare_int_b" macroName="BSP_IRQ_CFG_GPT2_CAPTURE_COMPARE_INT_B"/>
                    <node default="board.icu.common.irq.disabled" display="GPT2 COMPARE INT C" id="board.icu.gpt.gpt2.gpt2.compare_int_c" macroName="BSP_IRQ_CFG_GPT2_COMPARE_INT_C"/>
                    <node default="board.icu.common.irq.disabled" display="GPT2 COMPARE INT D" id="board.icu.gpt.gpt2.gpt2.compare_int_d" macroName="BSP_IRQ_CFG_GPT2_COMPARE_INT_D"/>
                    <node default="board.icu.common.irq.disabled" display="GPT2 COMPARE INT E" id="board.icu.gpt.gpt2.gpt2.compare_int_e" macroName="BSP_IRQ_CFG_GPT2_COMPARE_INT_E"/>
                    <node default="board.icu.common.irq.disabled" display="GPT2 COMPARE INT F" id="board.icu.gpt.gpt2.gpt2.compare_int_f" macroName="BSP_IRQ_CFG_GPT2_COMPARE_INT_F"/>
                    <node default="board.icu.common.irq.disabled" display="GPT2 COUNTER OVERFLOW" id="board.icu.gpt.gpt2.gpt2.counter_overflow" macroName="BSP_IRQ_CFG_GPT2_COUNTER_OVERFLOW"/>
                    <node default="board.icu.common.irq.disabled" display="GPT2 COUNTER UNDERFLOW" id="board.icu.gpt.gpt2.gpt2.counter_underflow" macroName="BSP_IRQ_CFG_GPT2_COUNTER_UNDERFLOW"/>
                </group>
                <group display="GPT3" id="board.icu.gpt.gpt3">
                    <node default="board.icu.common.irq.disabled" display="GPT3 CAPTURE COMPARE INT A" id="board.icu.gpt.gpt3.gpt3.capture_compare_int_a" macroName="BSP_IRQ_CFG_GPT3_CAPTURE_COMPARE_INT_A"/>
                    <node default="board.icu.common.irq.disabled" display="GPT3 CAPTURE COMPARE INT B" id="board.icu.gpt.gpt3.gpt3.capture_compare_int_b" macroName="BSP_IRQ_CFG_GPT3_CAPTURE_COMPARE_INT_B"/>
                    <node default="board.icu.common.irq.disabled" display="GPT3 COMPARE INT C" id="board.icu.gpt.gpt3.gpt3.compare_int_c" macroName="BSP_IRQ_CFG_GPT3_COMPARE_INT_C"/>
                    <node default="board.icu.common.irq.disabled" display="GPT3 COMPARE INT D" id="board.icu.gpt.gpt3.gpt3.compare_int_d" macroName="BSP_IRQ_CFG_GPT3_COMPARE_INT_D"/>
                    <node default="board.icu.common.irq.disabled" display="GPT3 COMPARE INT E" id="board.icu.gpt.gpt3.gpt3.compare_int_e" macroName="BSP_IRQ_CFG_GPT3_COMPARE_INT_E"/>
                    <node default="board.icu.common.irq.disabled" display="GPT3 COMPARE INT F" id="board.icu.gpt.gpt3.gpt3.compare_int_f" macroName="BSP_IRQ_CFG_GPT3_COMPARE_INT_F"/>
                    <node default="board.icu.common.irq.disabled" display="GPT3 COUNTER OVERFLOW" id="board.icu.gpt.gpt3.gpt3.counter_overflow" macroName="BSP_IRQ_CFG_GPT3_COUNTER_OVERFLOW"/>
                    <node default="board.icu.common.irq.disabled" display="GPT3 COUNTER UNDERFLOW" id="board.icu.gpt.gpt3.gpt3.counter_underflow" macroName="BSP_IRQ_CFG_GPT3_COUNTER_UNDERFLOW"/>
                </group>
                <group display="GPT4" id="board.icu.gpt.gpt4">
                    <node default="board.icu.common.irq.disabled" display="GPT4 CAPTURE COMPARE INT A" id="board.icu.gpt.gpt4.gpt4.capture_compare_int_a" macroName="BSP_IRQ_CFG_GPT4_CAPTURE_COMPARE_INT_A"/>
                    <node default="board.icu.common.irq.disabled" display="GPT4 CAPTURE COMPARE INT B" id="board.icu.gpt.gpt4.gpt4.capture_compare_int_b" macroName="BSP_IRQ_CFG_GPT4_CAPTURE_COMPARE_INT_B"/>
                    <node default="board.icu.common.irq.disabled" display="GPT4 COMPARE INT C" id="board.icu.gpt.gpt4.gpt4.compare_int_c" macroName="BSP_IRQ_CFG_GPT4_COMPARE_INT_C"/>
                    <node default="board.icu.common.irq.disabled" display="GPT4 COMPARE INT D" id="board.icu.gpt.gpt4.gpt4.compare_int_d" macroName="BSP_IRQ_CFG_GPT4_COMPARE_INT_D"/>
                    <node default="board.icu.common.irq.disabled" display="GPT4 COMPARE INT E" id="board.icu.gpt.gpt4.gpt4.compare_int_e" macroName="BSP_IRQ_CFG_GPT4_COMPARE_INT_E"/>
                    <node default="board.icu.common.irq.disabled" display="GPT4 COMPARE INT F" id="board.icu.gpt.gpt4.gpt4.compare_int_f" macroName="BSP_IRQ_CFG_GPT4_COMPARE_INT_F"/>
                    <node default="board.icu.common.irq.disabled" display="GPT4 COUNTER OVERFLOW" id="board.icu.gpt.gpt4.gpt4.counter_overflow" macroName="BSP_IRQ_CFG_GPT4_COUNTER_OVERFLOW"/>
                    <node default="board.icu.common.irq.disabled" display="GPT4 COUNTER UNDERFLOW" id="board.icu.gpt.gpt4.gpt4.counter_underflow" macroName="BSP_IRQ_CFG_GPT4_COUNTER_UNDERFLOW"/>
                </group>
                <group display="GPT5" id="board.icu.gpt.gpt5">
                    <node default="board.icu.common.irq.disabled" display="GPT5 CAPTURE COMPARE INT A" id="board.icu.gpt.gpt5.gpt5.capture_compare_int_a" macroName="BSP_IRQ_CFG_GPT5_CAPTURE_COMPARE_INT_A"/>
                    <node default="board.icu.common.irq.disabled" display="GPT5 CAPTURE COMPARE INT B" id="board.icu.gpt.gpt5.gpt5.capture_compare_int_b" macroName="BSP_IRQ_CFG_GPT5_CAPTURE_COMPARE_INT_B"/>
                    <node default="board.icu.common.irq.disabled" display="GPT5 COMPARE INT C" id="board.icu.gpt.gpt5.gpt5.compare_int_c" macroName="BSP_IRQ_CFG_GPT5_COMPARE_INT_C"/>
                    <node default="board.icu.common.irq.disabled" display="GPT5 COMPARE INT D" id="board.icu.gpt.gpt5.gpt5.compare_int_d" macroName="BSP_IRQ_CFG_GPT5_COMPARE_INT_D"/>
                    <node default="board.icu.common.irq.disabled" display="GPT5 COMPARE INT E" id="board.icu.gpt.gpt5.gpt5.compare_int_e" macroName="BSP_IRQ_CFG_GPT5_COMPARE_INT_E"/>
                    <node default="board.icu.common.irq.disabled" display="GPT5 COMPARE INT F" id="board.icu.gpt.gpt5.gpt5.compare_int_f" macroName="BSP_IRQ_CFG_GPT5_COMPARE_INT_F"/>
                    <node default="board.icu.common.irq.disabled" display="GPT5 COUNTER OVERFLOW" id="board.icu.gpt.gpt5.gpt5.counter_overflow" macroName="BSP_IRQ_CFG_GPT5_COUNTER_OVERFLOW"/>
                    <node default="board.icu.common.irq.disabled" display="GPT5 COUNTER UNDERFLOW" id="board.icu.gpt.gpt5.gpt5.counter_underflow" macroName="BSP_IRQ_CFG_GPT5_COUNTER_UNDERFLOW"/>
                </group>
                <group display="GPT6" id="board.icu.gpt.gpt6">
                    <node default="board.icu.common.irq.disabled" display="GPT6 CAPTURE COMPARE INT A" id="board.icu.gpt.gpt6.gpt6.capture_compare_int_a" macroName="BSP_IRQ_CFG_GPT6_CAPTURE_COMPARE_INT_A"/>
                    <node default="board.icu.common.irq.disabled" display="GPT6 CAPTURE COMPARE INT B" id="board.icu.gpt.gpt6.gpt6.capture_compare_int_b" macroName="BSP_IRQ_CFG_GPT6_CAPTURE_COMPARE_INT_B"/>
                    <node default="board.icu.common.irq.disabled" display="GPT6 COMPARE INT C" id="board.icu.gpt.gpt6.gpt6.compare_int_c" macroName="BSP_IRQ_CFG_GPT6_COMPARE_INT_C"/>
                    <node default="board.icu.common.irq.disabled" display="GPT6 COMPARE INT D" id="board.icu.gpt.gpt6.gpt6.compare_int_d" macroName="BSP_IRQ_CFG_GPT6_COMPARE_INT_D"/>
                    <node default="board.icu.common.irq.disabled" display="GPT6 COMPARE INT E" id="board.icu.gpt.gpt6.gpt6.compare_int_e" macroName="BSP_IRQ_CFG_GPT6_COMPARE_INT_E"/>
                    <node default="board.icu.common.irq.disabled" display="GPT6 COMPARE INT F" id="board.icu.gpt.gpt6.gpt6.compare_int_f" macroName="BSP_IRQ_CFG_GPT6_COMPARE_INT_F"/>
                    <node default="board.icu.common.irq.disabled" display="GPT6 COUNTER OVERFLOW" id="board.icu.gpt.gpt6.gpt6.counter_overflow" macroName="BSP_IRQ_CFG_GPT6_COUNTER_OVERFLOW"/>
                    <node default="board.icu.common.irq.disabled" display="GPT6 COUNTER UNDERFLOW" id="board.icu.gpt.gpt6.gpt6.counter_underflow" macroName="BSP_IRQ_CFG_GPT6_COUNTER_UNDERFLOW"/>
                </group>
                <group display="GPT7" id="board.icu.gpt.gpt7">
                    <node default="board.icu.common.irq.disabled" display="GPT7 CAPTURE COMPARE INT A" id="board.icu.gpt.gpt7.gpt7.capture_compare_int_a" macroName="BSP_IRQ_CFG_GPT7_CAPTURE_COMPARE_INT_A"/>
                    <node default="board.icu.common.irq.disabled" display="GPT7 CAPTURE COMPARE INT B" id="board.icu.gpt.gpt7.gpt7.capture_compare_int_b" macroName="BSP_IRQ_CFG_GPT7_CAPTURE_COMPARE_INT_B"/>
                    <node default="board.icu.common.irq.disabled" display="GPT7 COMPARE INT C" id="board.icu.gpt.gpt7.gpt7.compare_int_c" macroName="BSP_IRQ_CFG_GPT7_COMPARE_INT_C"/>
                    <node default="board.icu.common.irq.disabled" display="GPT7 COMPARE INT D" id="board.icu.gpt.gpt7.gpt7.compare_int_d" macroName="BSP_IRQ_CFG_GPT7_COMPARE_INT_D"/>
                    <node default="board.icu.common.irq.disabled" display="GPT7 COMPARE INT E" id="board.icu.gpt.gpt7.gpt7.compare_int_e" macroName="BSP_IRQ_CFG_GPT7_COMPARE_INT_E"/>
                    <node default="board.icu.common.irq.disabled" display="GPT7 COMPARE INT F" id="board.icu.gpt.gpt7.gpt7.compare_int_f" macroName="BSP_IRQ_CFG_GPT7_COMPARE_INT_F"/>
                    <node default="board.icu.common.irq.disabled" display="GPT7 COUNTER OVERFLOW" id="board.icu.gpt.gpt7.gpt7.counter_overflow" macroName="BSP_IRQ_CFG_GPT7_COUNTER_OVERFLOW"/>
                    <node default="board.icu.common.irq.disabled" display="GPT7 COUNTER UNDERFLOW" id="board.icu.gpt.gpt7.gpt7.counter_underflow" macroName="BSP_IRQ_CFG_GPT7_COUNTER_UNDERFLOW"/>
                </group>
                <group display="GPT8" id="board.icu.gpt.gpt8">
                    <node default="board.icu.common.irq.disabled" display="GPT8 CAPTURE COMPARE INT A" id="board.icu.gpt.gpt8.gpt8.capture_compare_int_a" macroName="BSP_IRQ_CFG_GPT8_CAPTURE_COMPARE_INT_A"/>
                    <node default="board.icu.common.irq.disabled" display="GPT8 CAPTURE COMPARE INT B" id="board.icu.gpt.gpt8.gpt8.capture_compare_int_b" macroName="BSP_IRQ_CFG_GPT8_CAPTURE_COMPARE_INT_B"/>
                    <node default="board.icu.common.irq.disabled" display="GPT8 COMPARE INT C" id="board.icu.gpt.gpt8.gpt8.compare_int_c" macroName="BSP_IRQ_CFG_GPT8_COMPARE_INT_C"/>
                    <node default="board.icu.common.irq.disabled" display="GPT8 COMPARE INT D" id="board.icu.gpt.gpt8.gpt8.compare_int_d" macroName="BSP_IRQ_CFG_GPT8_COMPARE_INT_D"/>
                    <node default="board.icu.common.irq.disabled" display="GPT8 COMPARE INT E" id="board.icu.gpt.gpt8.gpt8.compare_int_e" macroName="BSP_IRQ_CFG_GPT8_COMPARE_INT_E"/>
                    <node default="board.icu.common.irq.disabled" display="GPT8 COMPARE INT F" id="board.icu.gpt.gpt8.gpt8.compare_int_f" macroName="BSP_IRQ_CFG_GPT8_COMPARE_INT_F"/>
                    <node default="board.icu.common.irq.disabled" display="GPT8 COUNTER OVERFLOW" id="board.icu.gpt.gpt8.gpt8.counter_overflow" macroName="BSP_IRQ_CFG_GPT8_COUNTER_OVERFLOW"/>
                    <node default="board.icu.common.irq.disabled" display="GPT8 COUNTER UNDERFLOW" id="board.icu.gpt.gpt8.gpt8.counter_underflow" macroName="BSP_IRQ_CFG_GPT8_COUNTER_UNDERFLOW"/>
                </group>
                <group display="GPT9" id="board.icu.gpt.gpt9">
                    <node default="board.icu.common.irq.disabled" display="GPT9 CAPTURE COMPARE INT A" id="board.icu.gpt.gpt9.gpt9.capture_compare_int_a" macroName="BSP_IRQ_CFG_GPT9_CAPTURE_COMPARE_INT_A"/>
                    <node default="board.icu.common.irq.disabled" display="GPT9 CAPTURE COMPARE INT B" id="board.icu.gpt.gpt9.gpt9.capture_compare_int_b" macroName="BSP_IRQ_CFG_GPT9_CAPTURE_COMPARE_INT_B"/>
                    <node default="board.icu.common.irq.disabled" display="GPT9 COMPARE INT C" id="board.icu.gpt.gpt9.gpt9.compare_int_c" macroName="BSP_IRQ_CFG_GPT9_COMPARE_INT_C"/>
                    <node default="board.icu.common.irq.disabled" display="GPT9 COMPARE INT D" id="board.icu.gpt.gpt9.gpt9.compare_int_d" macroName="BSP_IRQ_CFG_GPT9_COMPARE_INT_D"/>
                    <node default="board.icu.common.irq.disabled" display="GPT9 COMPARE INT E" id="board.icu.gpt.gpt9.gpt9.compare_int_e" macroName="BSP_IRQ_CFG_GPT9_COMPARE_INT_E"/>
                    <node default="board.icu.common.irq.disabled" display="GPT9 COMPARE INT F" id="board.icu.gpt.gpt9.gpt9.compare_int_f" macroName="BSP_IRQ_CFG_GPT9_COMPARE_INT_F"/>
                    <node default="board.icu.common.irq.disabled" display="GPT9 COUNTER OVERFLOW" id="board.icu.gpt.gpt9.gpt9.counter_overflow" macroName="BSP_IRQ_CFG_GPT9_COUNTER_OVERFLOW"/>
                    <node default="board.icu.common.irq.disabled" display="GPT9 COUNTER UNDERFLOW" id="board.icu.gpt.gpt9.gpt9.counter_underflow" macroName="BSP_IRQ_CFG_GPT9_COUNTER_UNDERFLOW"/>
                </group>
                <node default="board.icu.common.irq.disabled" display="GPT UVW EDGE" id="board.icu.gpt.uvw_edge" macroName="BSP_IRQ_CFG_GPT_UVW_EDGE"/>
            </group>
            <group display="SCI" id="board.icu.sci">
                <group display="SCI0" id="board.icu.sci.sci0">
                    <node default="board.icu.common.irq.disabled" display="SCI0 RXI" id="board.icu.sci.sci0.sci0.rxi" macroName="BSP_IRQ_CFG_SCI0_RXI"/>
                    <node default="board.icu.common.irq.disabled" display="SCI0 TXI" id="board.icu.sci.sci0.sci0.txi" macroName="BSP_IRQ_CFG_SCI0_TXI"/>
                    <node default="board.icu.common.irq.disabled" display="SCI0 TEI" id="board.icu.sci.sci0.sci0.tei" macroName="BSP_IRQ_CFG_SCI0_TEI"/>
                    <node default="board.icu.common.irq.disabled" display="SCI0 ERI" id="board.icu.sci.sci0.sci0.eri" macroName="BSP_IRQ_CFG_SCI0_ERI"/>
                    <node default="board.icu.common.irq.disabled" display="SCI0 AM" id="board.icu.sci.sci0.sci0.am" macroName="BSP_IRQ_CFG_SCI0_AM"/>
                    <node default="board.icu.common.irq.disabled" display="SCI0 RXI OR ERI" id="board.icu.sci.sci0.sci0.rxi_or_eri" macroName="BSP_IRQ_CFG_SCI0_RXI_OR_ERI"/>
                </group>
                <group display="SCI1" id="board.icu.sci.sci1">
                    <node default="board.icu.common.irq.disabled" display="SCI1 RXI" id="board.icu.sci.sci1.sci1.rxi" macroName="BSP_IRQ_CFG_SCI1_RXI"/>
                    <node default="board.icu.common.irq.disabled" display="SCI1 TXI" id="board.icu.sci.sci1.sci1.txi" macroName="BSP_IRQ_CFG_SCI1_TXI"/>
                    <node default="board.icu.common.irq.disabled" display="SCI1 TEI" id="board.icu.sci.sci1.sci1.tei" macroName="BSP_IRQ_CFG_SCI1_TEI"/>
                    <node default="board.icu.common.irq.disabled" display="SCI1 ERI" id="board.icu.sci.sci1.sci1.eri" macroName="BSP_IRQ_CFG_SCI1_ERI"/>
                    <node default="board.icu.common.irq.disabled" display="SCI1 AM" id="board.icu.sci.sci1.sci1.am" macroName="BSP_IRQ_CFG_SCI1_AM"/>
                </group>
                <group display="SCI2" id="board.icu.sci.sci2">
                    <node default="board.icu.common.irq.disabled" display="SCI2 RXI" id="board.icu.sci.sci2.sci2.rxi" macroName="BSP_IRQ_CFG_SCI2_RXI"/>
                    <node default="board.icu.common.irq.disabled" display="SCI2 TXI" id="board.icu.sci.sci2.sci2.txi" macroName="BSP_IRQ_CFG_SCI2_TXI"/>
                    <node default="board.icu.common.irq.disabled" display="SCI2 TEI" id="board.icu.sci.sci2.sci2.tei" macroName="BSP_IRQ_CFG_SCI2_TEI"/>
                    <node default="board.icu.common.irq.disabled" display="SCI2 ERI" id="board.icu.sci.sci2.sci2.eri" macroName="BSP_IRQ_CFG_SCI2_ERI"/>
                    <node default="board.icu.common.irq.disabled" display="SCI2 AM" id="board.icu.sci.sci2.sci2.am" macroName="BSP_IRQ_CFG_SCI2_AM"/>
                </group>
                <group display="SCI3" id="board.icu.sci.sci3">
                    <node default="board.icu.common.irq.disabled" display="SCI3 RXI" id="board.icu.sci.sci3.sci3.rxi" macroName="BSP_IRQ_CFG_SCI3_RXI"/>
                    <node default="board.icu.common.irq.disabled" display="SCI3 TXI" id="board.icu.sci.sci3.sci3.txi" macroName="BSP_IRQ_CFG_SCI3_TXI"/>
                    <node default="board.icu.common.irq.disabled" display="SCI3 TEI" id="board.icu.sci.sci3.sci3.tei" macroName="BSP_IRQ_CFG_SCI3_TEI"/>
                    <node default="board.icu.common.irq.disabled" display="SCI3 ERI" id="board.icu.sci.sci3.sci3.eri" macroName="BSP_IRQ_CFG_SCI3_ERI"/>
                    <node default="board.icu.common.irq.disabled" display="SCI3 AM" id="board.icu.sci.sci3.sci3.am" macroName="BSP_IRQ_CFG_SCI3_AM"/>
                </group>
                <group display="SCI4" id="board.icu.sci.sci4">
                    <node default="board.icu.common.irq.disabled" display="SCI4 RXI" id="board.icu.sci.sci4.sci4.rxi" macroName="BSP_IRQ_CFG_SCI4_RXI"/>
                    <node default="board.icu.common.irq.disabled" display="SCI4 TXI" id="board.icu.sci.sci4.sci4.txi" macroName="BSP_IRQ_CFG_SCI4_TXI"/>
                    <node default="board.icu.common.irq.disabled" display="SCI4 TEI" id="board.icu.sci.sci4.sci4.tei" macroName="BSP_IRQ_CFG_SCI4_TEI"/>
                    <node default="board.icu.common.irq.disabled" display="SCI4 ERI" id="board.icu.sci.sci4.sci4.eri" macroName="BSP_IRQ_CFG_SCI4_ERI"/>
                    <node default="board.icu.common.irq.disabled" display="SCI4 AM" id="board.icu.sci.sci4.sci4.am" macroName="BSP_IRQ_CFG_SCI4_AM"/>
                </group>
                <group display="SCI9" id="board.icu.sci.sci9">
                    <node default="board.icu.common.irq.disabled" display="SCI9 RXI" id="board.icu.sci.sci9.sci9.rxi" macroName="BSP_IRQ_CFG_SCI9_RXI"/>
                    <node default="board.icu.common.irq.disabled" display="SCI9 TXI" id="board.icu.sci.sci9.sci9.txi" macroName="BSP_IRQ_CFG_SCI9_TXI"/>
                    <node default="board.icu.common.irq.disabled" display="SCI9 TEI" id="board.icu.sci.sci9.sci9.tei" macroName="BSP_IRQ_CFG_SCI9_TEI"/>
                    <node default="board.icu.common.irq.disabled" display="SCI9 ERI" id="board.icu.sci.sci9.sci9.eri" macroName="BSP_IRQ_CFG_SCI9_ERI"/>
                    <node default="board.icu.common.irq.disabled" display="SCI9 AM" id="board.icu.sci.sci9.sci9.am" macroName="BSP_IRQ_CFG_SCI9_AM"/>
                </group>
            </group>
            <group display="RSPI" id="board.icu.rspi">
                <group display="RSPI0" id="board.icu.rspi.rspi0">
                    <node default="board.icu.common.irq.disabled" display="RSPI0 SPRI" id="board.icu.rspi.rspi0.rspi0.spri" macroName="BSP_IRQ_CFG_RSPI0_SPRI"/>
                    <node default="board.icu.common.irq.disabled" display="RSPI0 SPTI" id="board.icu.rspi.rspi0.rspi0.spti" macroName="BSP_IRQ_CFG_RSPI0_SPTI"/>
                    <node default="board.icu.common.irq.disabled" display="RSPI0 SPII" id="board.icu.rspi.rspi0.rspi0.spii" macroName="BSP_IRQ_CFG_RSPI0_SPII"/>
                    <node default="board.icu.common.irq.disabled" display="RSPI0 SPEI" id="board.icu.rspi.rspi0.rspi0.spei" macroName="BSP_IRQ_CFG_RSPI0_SPEI"/>
                    <node default="board.icu.common.irq.disabled" display="RSPI0 SP ELCTEND" id="board.icu.rspi.rspi0.rspi0.sp_elctend" macroName="BSP_IRQ_CFG_RSPI0_SP_ELCTEND"/>
                </group>
                <group display="RSPI1" id="board.icu.rspi.rspi1">
                    <node default="board.icu.common.irq.disabled" display="RSPI1 SPRI" id="board.icu.rspi.rspi1.rspi1.spri" macroName="BSP_IRQ_CFG_RSPI1_SPRI"/>
                    <node default="board.icu.common.irq.disabled" display="RSPI1 SPTI" id="board.icu.rspi.rspi1.rspi1.spti" macroName="BSP_IRQ_CFG_RSPI1_SPTI"/>
                    <node default="board.icu.common.irq.disabled" display="RSPI1 SPII" id="board.icu.rspi.rspi1.rspi1.spii" macroName="BSP_IRQ_CFG_RSPI1_SPII"/>
                    <node default="board.icu.common.irq.disabled" display="RSPI1 SPEI" id="board.icu.rspi.rspi1.rspi1.spei" macroName="BSP_IRQ_CFG_RSPI1_SPEI"/>
                    <node default="board.icu.common.irq.disabled" display="RSPI1 SP ELCTEND" id="board.icu.rspi.rspi1.rspi1.sp_elctend" macroName="BSP_IRQ_CFG_RSPI1_SP_ELCTEND"/>
                </group>
            </group>
            <group display="QSPI" id="board.icu.qspi">
                <node default="board.icu.common.irq.disabled" display="QSPI INTR" id="board.icu.qspi.intr" macroName="BSP_IRQ_CFG_QSPI_INTR"/>
            </group>
            <group display="SDHI" id="board.icu.sdhi">
                <node default="board.icu.common.irq.disabled" display="SDHI MMC0 ACCS" id="board.icu.sdhi.mmc0_accs" macroName="BSP_IRQ_CFG_SDHI_MMC0_ACCS"/>
                <node default="board.icu.common.irq.disabled" display="SDHI MMC0 SDIO" id="board.icu.sdhi.mmc0_sdio" macroName="BSP_IRQ_CFG_SDHI_MMC0_SDIO"/>
                <node default="board.icu.common.irq.disabled" display="SDHI MMC0 CARD" id="board.icu.sdhi.mmc0_card" macroName="BSP_IRQ_CFG_SDHI_MMC0_CARD"/>
                <node default="board.icu.common.irq.disabled" display="SDHI MMC0 ODMSDBREQ" id="board.icu.sdhi.mmc0_odmsdbreq" macroName="BSP_IRQ_CFG_SDHI_MMC0_ODMSDBREQ"/>
                <node default="board.icu.common.irq.disabled" display="SDHI MMC1 ACCS" id="board.icu.sdhi.mmc1_accs" macroName="BSP_IRQ_CFG_SDHI_MMC1_ACCS"/>
                <node default="board.icu.common.irq.disabled" display="SDHI MMC1 SDIO" id="board.icu.sdhi.mmc1_sdio" macroName="BSP_IRQ_CFG_SDHI_MMC1_SDIO"/>
                <node default="board.icu.common.irq.disabled" display="SDHI MMC1 CARD" id="board.icu.sdhi.mmc1_card" macroName="BSP_IRQ_CFG_SDHI_MMC1_CARD"/>
                <node default="board.icu.common.irq.disabled" display="SDHI MMC1 ODMSDBREQ" id="board.icu.sdhi.mmc1_odmsdbreq" macroName="BSP_IRQ_CFG_SDHI_MMC1_ODMSDBREQ"/>
            </group>
            <group display="EXT" id="board.icu.ext">
                <node default="board.icu.common.irq.disabled" display="EXT DIVIDER INTMD" id="board.icu.ext.divider_intmd" macroName="BSP_IRQ_CFG_EXT_DIVIDER_INTMD"/>
            </group>
            <group display="TSIP" id="board.icu.tsip">
                <node default="board.icu.common.irq.disabled" display="TSIP PROC BUSY N" id="board.icu.tsip.proc_busy_n" macroName="BSP_IRQ_CFG_TSIP_PROC_BUSY_N"/>
                <node default="board.icu.common.irq.disabled" display="TSIP ROMOK N" id="board.icu.tsip.romok_n" macroName="BSP_IRQ_CFG_TSIP_ROMOK_N"/>
                <node default="board.icu.common.irq.disabled" display="TSIP LONG PLG N" id="board.icu.tsip.long_plg_n" macroName="BSP_IRQ_CFG_TSIP_LONG_PLG_N"/>
                <node default="board.icu.common.irq.disabled" display="TSIP TEST BUSY N" id="board.icu.tsip.test_busy_n" macroName="BSP_IRQ_CFG_TSIP_TEST_BUSY_N"/>
                <node default="board.icu.common.irq.disabled" display="TSIP WRRDY 0 N" id="board.icu.tsip.wrrdy_0_n" macroName="BSP_IRQ_CFG_TSIP_WRRDY_0_N"/>
                <node default="board.icu.common.irq.disabled" display="TSIP WRRDY 1 N" id="board.icu.tsip.wrrdy_1_n" macroName="BSP_IRQ_CFG_TSIP_WRRDY_1_N"/>
                <node default="board.icu.common.irq.disabled" display="TSIP WRRDY 4 N" id="board.icu.tsip.wrrdy_4_n" macroName="BSP_IRQ_CFG_TSIP_WRRDY_4_N"/>
                <node default="board.icu.common.irq.disabled" display="TSIP RDRDY 0 N" id="board.icu.tsip.rdrdy_0_n" macroName="BSP_IRQ_CFG_TSIP_RDRDY_0_N"/>
                <node default="board.icu.common.irq.disabled" display="TSIP RDRDY 1 N" id="board.icu.tsip.rdrdy_1_n" macroName="BSP_IRQ_CFG_TSIP_RDRDY_1_N"/>
                <node default="board.icu.common.irq.disabled" display="TSIP INTEGRATE WRRDY N" id="board.icu.tsip.integrate_wrrdy_n" macroName="BSP_IRQ_CFG_TSIP_INTEGRATE_WRRDY_N"/>
                <node default="board.icu.common.irq.disabled" display="TSIP INTEGRATE RDRDY N" id="board.icu.tsip.integrate_rdrdy_n" macroName="BSP_IRQ_CFG_TSIP_INTEGRATE_RDRDY_N"/>
            </group>
            <group display="LCDC" id="board.icu.lcdc">
                <node default="board.icu.common.irq.disabled" display="LCDC LCDC LEVEL 0" id="board.icu.lcdc.lcdc_level_0" macroName="BSP_IRQ_CFG_LCDC_LCDC_LEVEL_0"/>
                <node default="board.icu.common.irq.disabled" display="LCDC LCDC LEVEL 1" id="board.icu.lcdc.lcdc_level_1" macroName="BSP_IRQ_CFG_LCDC_LCDC_LEVEL_1"/>
                <node default="board.icu.common.irq.disabled" display="LCDC LCDC LEVEL 2" id="board.icu.lcdc.lcdc_level_2" macroName="BSP_IRQ_CFG_LCDC_LCDC_LEVEL_2"/>
            </group>
            <group display="TWOD" id="board.icu.twod">
                <node default="board.icu.common.irq.disabled" display="TWOD ENGINE IRQ" id="board.icu.twod.engine_irq" macroName="BSP_IRQ_CFG_TWOD_ENGINE_IRQ"/>
            </group>
            <group display="JPEG" id="board.icu.jpeg">
                <node default="board.icu.common.irq.disabled" display="JPEG JEDI" id="board.icu.jpeg.jedi" macroName="BSP_IRQ_CFG_JPEG_JEDI"/>
                <node default="board.icu.common.irq.disabled" display="JPEG JDTI" id="board.icu.jpeg.jdti" macroName="BSP_IRQ_CFG_JPEG_JDTI"/>
            </group>
        </icu>
        <clock>
            <node id="board.clock.xtal.freq" xhint="0" yhint="0" default="board.clock.xtal.freq.24m">
                <option id="board.clock.xtal.freq.12m" display="XTAL 12MHz" mul="12000000" macroName="BSP_CFG_XTAL_HZ" macroValue="(12000000)" />
            </node>
            <node id="board.clock.pll.source" xhint="1" yhint="1" default="board.clock.pll.source.xtal">
                <option id="board.clock.pll.source.xtal" display="PLL Src: XTAL" input="board.clock.xtal.freq" macroName="BSP_CFG_PLL_SOURCE" macroValue="(CGC_CLOCK_MAIN_OSC)" />
            </node>
            <node id="board.clock.hoco.freq" xhint="0" yhint="5" default="board.clock.hoco.freq.24m">
                <option id="board.clock.hoco.freq.24m" display="HOCO 24MHz" mul="24000000" macroName="BSP_CFG_HOCO_FREQUENCY" macroValue="(0)" />
                <option id="board.clock.hoco.freq.29_5m" display="HOCO 29.491MHz" mul="29491000" macroName="BSP_CFG_HOCO_FREQUENCY" macroValue="(1)" />
                <option id="board.clock.hoco.freq.32m" display="HOCO 32MHz" mul="32000000" macroName="BSP_CFG_HOCO_FREQUENCY" macroValue="(2)" />
                <option id="board.clock.hoco.freq.48m" display="HOCO 48MHz" mul="48000000" macroName="BSP_CFG_HOCO_FREQUENCY" macroValue="(4)" />
                <option id="board.clock.hoco.freq.64m" display="HOCO 64MHz" mul="64000000" macroName="BSP_CFG_HOCO_FREQUENCY" macroValue="(5)" />
            </node>
            <node id="board.clock.loco.freq" xhint="0" yhint="6" default="board.clock.loco.freq.32768">
                <option id="board.clock.loco.freq.32768" display="LOCO 32768Hz" mul="32768" />
            </node>
            <node id="board.clock.moco.freq" xhint="0" yhint="7" default="board.clock.moco.freq.8m">
                <option id="board.clock.moco.freq.8m" display="MOCO 8MHz" mul="8000000" />
            </node>
            <node id="board.clock.subclk.freq" xhint="0" yhint="8" default="board.clock.subclk.freq.32768">
                <option id="board.clock.subclk.freq.32768" display="SUBCLK 32768Hz" mul="32768" />
            </node>
            <node id="board.clock.pll.div" xhint="1" yhint="2" default="board.clock.pll.div.2">
                <option id="board.clock.pll.div.1" display="PLL Div /1" div="1" input="board.clock.pll.source" macroName="BSP_CFG_PLL_DIV" macroValue="(CGC_PLL_DIV_1)" />
                <option id="board.clock.pll.div.2" display="PLL Div /2" div="2" input="board.clock.pll.source" macroName="BSP_CFG_PLL_DIV" macroValue="(CGC_PLL_DIV_2)" />
                <option id="board.clock.pll.div.4" display="PLL Div /4" div="4" input="board.clock.pll.source" macroName="BSP_CFG_PLL_DIV" macroValue="(CGC_PLL_DIV_4)" />
            </node>
            <node id="board.clock.pll.mul" xhint="1" yhint="3" default="board.clock.pll.mul.8">
                <option id="board.clock.pll.mul.8" display="PLL Mul x8" mul="8" input="board.clock.pll.div" macroName="BSP_CFG_PLL_MUL" macroValue="(8)" />
                <option id="board.clock.pll.mul.9" display="PLL Mul x9" mul="9" input="board.clock.pll.div" macroName="BSP_CFG_PLL_MUL" macroValue="(9)" />
                <option id="board.clock.pll.mul.10" display="PLL Mul x10" mul="10" input="board.clock.pll.div" macroName="BSP_CFG_PLL_MUL" macroValue="(10)" />
                <option id="board.clock.pll.mul.11" display="PLL Mul x11" mul="11" input="board.clock.pll.div" macroName="BSP_CFG_PLL_MUL" macroValue="(11)" />
                <option id="board.clock.pll.mul.12" display="PLL Mul x12" mul="12" input="board.clock.pll.div" macroName="BSP_CFG_PLL_MUL" macroValue="(12)" />
                <option id="board.clock.pll.mul.13" display="PLL Mul x13" mul="13" input="board.clock.pll.div" macroName="BSP_CFG_PLL_MUL" macroValue="(13)" />
                <option id="board.clock.pll.mul.14" display="PLL Mul x14" mul="14" input="board.clock.pll.div" macroName="BSP_CFG_PLL_MUL" macroValue="(14)" />
                <option id="board.clock.pll.mul.15" display="PLL Mul x15" mul="15" input="board.clock.pll.div" macroName="BSP_CFG_PLL_MUL" macroValue="(15)" />
                <option id="board.clock.pll.mul.16" display="PLL Mul x16" mul="16" input="board.clock.pll.div" macroName="BSP_CFG_PLL_MUL" macroValue="(16)" />
                <option id="board.clock.pll.mul.17" display="PLL Mul x17" mul="17" input="board.clock.pll.div" macroName="BSP_CFG_PLL_MUL" macroValue="(17)" />
                <option id="board.clock.pll.mul.18" display="PLL Mul x18" mul="18" input="board.clock.pll.div" macroName="BSP_CFG_PLL_MUL" macroValue="(18)" />
                <option id="board.clock.pll.mul.19" display="PLL Mul x19" mul="19" input="board.clock.pll.div" macroName="BSP_CFG_PLL_MUL" macroValue="(19)" />
                <option id="board.clock.pll.mul.20" display="PLL Mul x20" mul="20" input="board.clock.pll.div" macroName="BSP_CFG_PLL_MUL" macroValue="(20)" />
                <option id="board.clock.pll.mul.21" display="PLL Mul x21" mul="21" input="board.clock.pll.div" macroName="BSP_CFG_PLL_MUL" macroValue="(21)" />
                <option id="board.clock.pll.mul.22" display="PLL Mul x22" mul="22" input="board.clock.pll.div" macroName="BSP_CFG_PLL_MUL" macroValue="(22)" />
                <option id="board.clock.pll.mul.23" display="PLL Mul x23" mul="23" input="board.clock.pll.div" macroName="BSP_CFG_PLL_MUL" macroValue="(23)" />
                <option id="board.clock.pll.mul.24" display="PLL Mul x24" mul="24" input="board.clock.pll.div" macroName="BSP_CFG_PLL_MUL" macroValue="(24)" />
                <option id="board.clock.pll.mul.25" display="PLL Mul x25" mul="25" input="board.clock.pll.div" macroName="BSP_CFG_PLL_MUL" macroValue="(25)" />
                <option id="board.clock.pll.mul.26" display="PLL Mul x26" mul="26" input="board.clock.pll.div" macroName="BSP_CFG_PLL_MUL" macroValue="(26)" />
                <option id="board.clock.pll.mul.27" display="PLL Mul x27" mul="27" input="board.clock.pll.div" macroName="BSP_CFG_PLL_MUL" macroValue="(27)" />
                <option id="board.clock.pll.mul.28" display="PLL Mul x28" mul="28" input="board.clock.pll.div" macroName="BSP_CFG_PLL_MUL" macroValue="(28)" />
                <option id="board.clock.pll.mul.29" display="PLL Mul x29" mul="29" input="board.clock.pll.div" macroName="BSP_CFG_PLL_MUL" macroValue="(29)" />
                <option id="board.clock.pll.mul.30" display="PLL Mul x30" mul="30" input="board.clock.pll.div" macroName="BSP_CFG_PLL_MUL" macroValue="(30)" />
                <option id="board.clock.pll.mul.31" display="PLL Mul x31" mul="31" input="board.clock.pll.div" macroName="BSP_CFG_PLL_MUL" macroValue="(31)" />
            </node>
            <node id="board.clock.pll.display" xhint="1" yhint="4">
                <option id="board.clock.pll.display.value" input="board.clock.pll.mul" display="PLL ${value}Hz" minValue="24000000" maxValue="64000000" />
            </node>
            <node id="board.clock.clock.source" xhint="2" yhint="4" default="board.clock.clock.source.pll">
                <option id="board.clock.clock.source.hoco" display="Clock Src: HOCO" input="board.clock.hoco.freq" macroName="BSP_CFG_CLOCK_SOURCE" macroValue="(CGC_CLOCK_HOCO)" />
                <option id="board.clock.clock.source.moco" display="Clock Src: MOCO" input="board.clock.moco.freq" macroName="BSP_CFG_CLOCK_SOURCE" macroValue="(CGC_CLOCK_MOCO)" />
                <option id="board.clock.clock.source.loco" display="Clock Src: LOCO" input="board.clock.loco.freq" macroName="BSP_CFG_CLOCK_SOURCE" macroValue="(CGC_CLOCK_LOCO)" />
                <option id="board.clock.clock.source.xtal" display="Clock Src: XTAL" input="board.clock.xtal.freq" macroName="BSP_CFG_CLOCK_SOURCE" macroValue="(CGC_CLOCK_MAIN_OSC)" />
                <option id="board.clock.clock.source.subclk" display="Clock Src: SUBCLK" input="board.clock.subclk.freq" macroName="BSP_CFG_CLOCK_SOURCE" macroValue="(CGC_CLOCK_SUBCLOCK)" />
                <option id="board.clock.clock.source.pll" display="Clock Src: PLL" input="board.clock.pll.display" macroName="BSP_CFG_CLOCK_SOURCE" macroValue="(CGC_CLOCK_PLL)" />
            </node>
            <node id="board.clock.iclk.div" xhint="3" yhint="0" default="board.clock.iclk.div.1">
                <option id="board.clock.iclk.div.1" display="ICLK Div /1" div="1" input="board.clock.clock.source" macroName="BSP_CFG_ICK_DIV" macroValue="(CGC_SYS_CLOCK_DIV_1)" />
                <option id="board.clock.iclk.div.2" display="ICLK Div /2" div="2" input="board.clock.clock.source" macroName="BSP_CFG_ICK_DIV" macroValue="(CGC_SYS_CLOCK_DIV_2)" />
                <option id="board.clock.iclk.div.4" display="ICLK Div /4" div="4" input="board.clock.clock.source" macroName="BSP_CFG_ICK_DIV" macroValue="(CGC_SYS_CLOCK_DIV_4)" />
                <option id="board.clock.iclk.div.8" display="ICLK Div /8" div="8" input="board.clock.clock.source" macroName="BSP_CFG_ICK_DIV" macroValue="(CGC_SYS_CLOCK_DIV_8)" />
                <option id="board.clock.iclk.div.16" display="ICLK Div /16" div="16" input="board.clock.clock.source" macroName="BSP_CFG_ICK_DIV" macroValue="(CGC_SYS_CLOCK_DIV_16)" />
                <option id="board.clock.iclk.div.32" display="ICLK Div /32" div="32" input="board.clock.clock.source" macroName="BSP_CFG_ICK_DIV" macroValue="(CGC_SYS_CLOCK_DIV_32)" />
                <option id="board.clock.iclk.div.64" display="ICLK Div /64" div="64" input="board.clock.clock.source" macroName="BSP_CFG_ICK_DIV" macroValue="(CGC_SYS_CLOCK_DIV_64)" />
            </node>
            <node id="board.clock.iclk.display" xhint="4" yhint="0" tooltip="The system clock (ICLK) is used as the operating clock of the CPU, DMAC, DTC, ROM and RAM.">
                <option id="board.clock.iclk.display.value" input="board.clock.iclk.div" display="ICLK ${value}Hz" maxValue="240000000" />
            </node>
            <node id="board.clock.pclka.div" xhint="3" yhint="1" default="board.clock.pclka.div.1">
                <option id="board.clock.pclka.div.1" display="PCLKA Div /1" div="1" input="board.clock.clock.source" macroName="BSP_CFG_PCKA_DIV" macroValue="(CGC_SYS_CLOCK_DIV_1)" />
                <option id="board.clock.pclka.div.2" display="PCLKA Div /2" div="2" input="board.clock.clock.source" macroName="BSP_CFG_PCKA_DIV" macroValue="(CGC_SYS_CLOCK_DIV_2)" />
                <option id="board.clock.pclka.div.4" display="PCLKA Div /4" div="4" input="board.clock.clock.source" macroName="BSP_CFG_PCKA_DIV" macroValue="(CGC_SYS_CLOCK_DIV_4)" />
                <option id="board.clock.pclka.div.8" display="PCLKA Div /8" div="8" input="board.clock.clock.source" macroName="BSP_CFG_PCKA_DIV" macroValue="(CGC_SYS_CLOCK_DIV_8)" />
                <option id="board.clock.pclka.div.16" display="PCLKA Div /16" div="16" input="board.clock.clock.source" macroName="BSP_CFG_PCKA_DIV" macroValue="(CGC_SYS_CLOCK_DIV_16)" />
                <option id="board.clock.pclka.div.32" display="PCLKA Div /32" div="32" input="board.clock.clock.source" macroName="BSP_CFG_PCKA_DIV" macroValue="(CGC_SYS_CLOCK_DIV_32)" />
                <option id="board.clock.pclka.div.64" display="PCLKA Div /64" div="64" input="board.clock.clock.source" macroName="BSP_CFG_PCKA_DIV" macroValue="(CGC_SYS_CLOCK_DIV_64)" />
            </node>
            <node id="board.clock.pclka.display" xhint="4" yhint="1" tooltip="The Peripheral clock A (PCLKA) is used as the operating clock for the ETHER, USBHS, QSPI, RSPI, SCI, TSIP, GLCD, SDHI, CRC, JPEG, G2D, GPT and Standby-RAM modules.">
                <option id="board.clock.pclka.display.value" input="board.clock.pclka.div" display="PCLKA ${value}Hz" maxValue="120000000" />
            </node>
            <node id="board.clock.pclkb.div" xhint="3" yhint="2" default="board.clock.pclkb.div.2">
                <option id="board.clock.pclkb.div.1" display="PCLKB Div /1" div="1" input="board.clock.clock.source" macroName="BSP_CFG_PCKB_DIV" macroValue="(CGC_SYS_CLOCK_DIV_1)" />
                <option id="board.clock.pclkb.div.2" display="PCLKB Div /2" div="2" input="board.clock.clock.source" macroName="BSP_CFG_PCKB_DIV" macroValue="(CGC_SYS_CLOCK_DIV_2)" />
                <option id="board.clock.pclkb.div.4" display="PCLKB Div /4" div="4" input="board.clock.clock.source" macroName="BSP_CFG_PCKB_DIV" macroValue="(CGC_SYS_CLOCK_DIV_4)" />
                <option id="board.clock.pclkb.div.8" display="PCLKB Div /8" div="8" input="board.clock.clock.source" macroName="BSP_CFG_PCKB_DIV" macroValue="(CGC_SYS_CLOCK_DIV_8)" />
                <option id="board.clock.pclkb.div.16" display="PCLKB Div /16" div="16" input="board.clock.clock.source" macroName="BSP_CFG_PCKB_DIV" macroValue="(CGC_SYS_CLOCK_DIV_16)" />
                <option id="board.clock.pclkb.div.32" display="PCLKB Div /32" div="32" input="board.clock.clock.source" macroName="BSP_CFG_PCKB_DIV" macroValue="(CGC_SYS_CLOCK_DIV_32)" />
                <option id="board.clock.pclkb.div.64" display="PCLKB Div /64" div="64" input="board.clock.clock.source" macroName="BSP_CFG_PCKB_DIV" macroValue="(CGC_SYS_CLOCK_DIV_64)" />
            </node>
            <node id="board.clock.pclkb.display" xhint="4" yhint="2" tooltip="The Peripheral clock B (PCLKB) is used as the operating clock for all other modules not supported by PCLKA, PCLKC and PCLKD.">
                <option id="board.clock.pclkb.display.value" input="board.clock.pclkb.div" display="PCLKB ${value}Hz" maxValue="60000000" />
            </node>
            <node id="board.clock.pclkc.div" xhint="3" yhint="3" default="board.clock.pclkc.div.1">
                <option id="board.clock.pclkc.div.1" display="PCLKC Div /1" div="1" input="board.clock.clock.source" macroName="BSP_CFG_PCKC_DIV" macroValue="(CGC_SYS_CLOCK_DIV_1)" />
                <option id="board.clock.pclkc.div.2" display="PCLKC Div /2" div="2" input="board.clock.clock.source" macroName="BSP_CFG_PCKC_DIV" macroValue="(CGC_SYS_CLOCK_DIV_2)" />
                <option id="board.clock.pclkc.div.4" display="PCLKC Div /4" div="4" input="board.clock.clock.source" macroName="BSP_CFG_PCKC_DIV" macroValue="(CGC_SYS_CLOCK_DIV_4)" />
                <option id="board.clock.pclkc.div.8" display="PCLKC Div /8" div="8" input="board.clock.clock.source" macroName="BSP_CFG_PCKC_DIV" macroValue="(CGC_SYS_CLOCK_DIV_8)" />
                <option id="board.clock.pclkc.div.16" display="PCLKC Div /16" div="16" input="board.clock.clock.source" macroName="BSP_CFG_PCKC_DIV" macroValue="(CGC_SYS_CLOCK_DIV_16)" />
                <option id="board.clock.pclkc.div.32" display="PCLKC Div /32" div="32" input="board.clock.clock.source" macroName="BSP_CFG_PCKC_DIV" macroValue="(CGC_SYS_CLOCK_DIV_32)" />
                <option id="board.clock.pclkc.div.64" display="PCLKC Div /64" div="64" input="board.clock.clock.source" macroName="BSP_CFG_PCKC_DIV" macroValue="(CGC_SYS_CLOCK_DIV_64)" />
            </node>
            <node id="board.clock.pclkc.display" xhint="4" yhint="3" tooltip="The Peripheral clock C (PCLKC) is used as the operating clock for the ADC modules.">
                <option id="board.clock.pclkc.display.value" input="board.clock.pclkc.div" display="PCLKC ${value}Hz" maxValue="60000000" />
            </node>
            <node id="board.clock.pclkd.div" xhint="3" yhint="4" default="board.clock.pclkd.div.1">
                <option id="board.clock.pclkd.div.1" display="PCLKD Div /1" div="1" input="board.clock.clock.source" macroName="BSP_CFG_PCKD_DIV" macroValue="(CGC_SYS_CLOCK_DIV_1)" />
                <option id="board.clock.pclkd.div.2" display="PCLKD Div /2" div="2" input="board.clock.clock.source" macroName="BSP_CFG_PCKD_DIV" macroValue="(CGC_SYS_CLOCK_DIV_2)" />
                <option id="board.clock.pclkd.div.4" display="PCLKD Div /4" div="4" input="board.clock.clock.source" macroName="BSP_CFG_PCKD_DIV" macroValue="(CGC_SYS_CLOCK_DIV_4)" />
                <option id="board.clock.pclkd.div.8" display="PCLKD Div /8" div="8" input="board.clock.clock.source" macroName="BSP_CFG_PCKD_DIV" macroValue="(CGC_SYS_CLOCK_DIV_8)" />
                <option id="board.clock.pclkd.div.16" display="PCLKD Div /16" div="16" input="board.clock.clock.source" macroName="BSP_CFG_PCKD_DIV" macroValue="(CGC_SYS_CLOCK_DIV_16)" />
                <option id="board.clock.pclkd.div.32" display="PCLKD Div /32" div="32" input="board.clock.clock.source" macroName="BSP_CFG_PCKD_DIV" macroValue="(CGC_SYS_CLOCK_DIV_32)" />
                <option id="board.clock.pclkd.div.64" display="PCLKD Div /64" div="64" input="board.clock.clock.source" macroName="BSP_CFG_PCKD_DIV" macroValue="(CGC_SYS_CLOCK_DIV_64)" />
            </node>
            <node id="board.clock.pclkd.display" xhint="4" yhint="4" tooltip="The Peripheral clock D (PCLKD) is used as the operating clock for the GPT module.">
                <option id="board.clock.pclkd.display.value" input="board.clock.pclkd.div" display="PCLKD ${value}Hz" maxValue="120000000" />
            </node>
            <node id="board.clock.bclk.div" xhint="3" yhint="5" default="board.clock.bclk.div.2">
                <option id="board.clock.bclk.div.1" display="BCLK Div /1" div="1" input="board.clock.clock.source" macroName="BSP_CFG_BCK_DIV" macroValue="(CGC_SYS_CLOCK_DIV_1)" />
                <option id="board.clock.bclk.div.2" display="BCLK Div /2" div="2" input="board.clock.clock.source" macroName="BSP_CFG_BCK_DIV" macroValue="(CGC_SYS_CLOCK_DIV_2)" />
                <option id="board.clock.bclk.div.4" display="BCLK Div /4" div="4" input="board.clock.clock.source" macroName="BSP_CFG_BCK_DIV" macroValue="(CGC_SYS_CLOCK_DIV_4)" />
                <option id="board.clock.bclk.div.8" display="BCLK Div /8" div="8" input="board.clock.clock.source" macroName="BSP_CFG_BCK_DIV" macroValue="(CGC_SYS_CLOCK_DIV_8)" />
                <option id="board.clock.bclk.div.16" display="BCLK Div /16" div="16" input="board.clock.clock.source" macroName="BSP_CFG_BCK_DIV" macroValue="(CGC_SYS_CLOCK_DIV_16)" />
                <option id="board.clock.bclk.div.32" display="BCLK Div /32" div="32" input="board.clock.clock.source" macroName="BSP_CFG_BCK_DIV" macroValue="(CGC_SYS_CLOCK_DIV_32)" />
                <option id="board.clock.bclk.div.64" display="BCLK Div /64" div="64" input="board.clock.clock.source" macroName="BSP_CFG_BCK_DIV" macroValue="(CGC_SYS_CLOCK_DIV_64)" />
            </node>
            <node id="board.clock.bclk.display" xhint="4" yhint="5" tooltip="The external bus clock (BCLK) is an operating clock for the external bus controller and EXDMAC.\nIt is also output externally from the BCLK pin for the external connection bus.">
                <option id="board.clock.bclk.display.value" input="board.clock.bclk.div" display="BCLK ${value}Hz" maxValue="32000000" />
            </node>
            <node id="board.clock.bclkout.div" xhint="3" yhint="6" default="board.clock.bclkout.div.2">
                <option id="board.clock.bclkout.div.0" display="No output" mul="0" input="board.clock.bclk.div" macroName="BSP_CFG_BCLK_OUTPUT" macroValue="(0)" />
                <option id="board.clock.bclkout.div.1" display="BCK" div="1" input="board.clock.bclk.div" macroName="BSP_CFG_BCLK_OUTPUT" macroValue="(1)" />
                <option id="board.clock.bclkout.div.2" display="BCK/2" div="2" input="board.clock.bclk.div" macroName="BSP_CFG_BCLK_OUTPUT" macroValue="(2)" />
            </node>
            <node id="board.clock.bclkout.display" xhint="4" yhint="6" tooltip="Whether to output the BCLK frequency on the BCLKOUT pin.">
                <option id="board.clock.bclkout.display.value" input="board.clock.bclkout.div" display="BCLKout ${value}Hz" maxValue="16000000" />
            </node>
            <node id="board.clock.fclk.div" xhint="3" yhint="7" default="board.clock.fclk.div.2">
                <option id="board.clock.fclk.div.1" display="FCLK Div /1" div="1" input="board.clock.clock.source" macroName="BSP_CFG_FCK_DIV" macroValue="(CGC_SYS_CLOCK_DIV_1)" />
                <option id="board.clock.fclk.div.2" display="FCLK Div /2" div="2" input="board.clock.clock.source" macroName="BSP_CFG_FCK_DIV" macroValue="(CGC_SYS_CLOCK_DIV_2)" />
                <option id="board.clock.fclk.div.4" display="FCLK Div /4" div="4" input="board.clock.clock.source" macroName="BSP_CFG_FCK_DIV" macroValue="(CGC_SYS_CLOCK_DIV_4)" />
                <option id="board.clock.fclk.div.8" display="FCLK Div /8" div="8" input="board.clock.clock.source" macroName="BSP_CFG_FCK_DIV" macroValue="(CGC_SYS_CLOCK_DIV_8)" />
                <option id="board.clock.fclk.div.16" display="FCLK Div /16" div="16" input="board.clock.clock.source" macroName="BSP_CFG_FCK_DIV" macroValue="(CGC_SYS_CLOCK_DIV_16)" />
                <option id="board.clock.fclk.div.32" display="FCLK Div /32" div="32" input="board.clock.clock.source" macroName="BSP_CFG_FCK_DIV" macroValue="(CGC_SYS_CLOCK_DIV_32)" />
                <option id="board.clock.fclk.div.64" display="FCLK Div /64" div="64" input="board.clock.clock.source" macroName="BSP_CFG_FCK_DIV" macroValue="(CGC_SYS_CLOCK_DIV_64)" />
            </node>
            <node id="board.clock.fclk.display" xhint="4" yhint="7" tooltip="The flash-interface clock (FCLK) is used as the operating clock for the flash-memory interfaces.\nThat is, FCLK is used for programming and erasure of the ROM and E2 DataFlash, and reading from the E2 DataFlash.">
                <option id="board.clock.fclk.display.value" input="board.clock.fclk.div" display="FCLK ${value}Hz" minValue="1000000" maxValue="32000000" />
            </node>            
            <node id="board.clock.uclk.display" xhint="3" yhint="8" tooltip="The USB clock (UCLK) is an operating clock for the USBFS module.\nA 48-MHz clock must be supplied to the USB module.\nWhen the USB module is used, setting must be made so that UCLK is 48 MHz.">
                <option id="board.clock.uclk.display.value" input="board.clock.clock.source" display="UCLK ${value}Hz" minValue="48000000" maxValue="48000000" />
            </node>            
        </clock>
    </board>
</synergyModuleDescription>
