<?xml version="1.0" ?>
<synergyModuleDescription>
	<config id="config.driver.qspi" path="driver/r_qspi_cfg.h" version="0">
		<property default="config.driver.qspi.param_checking_enable.bsp" display="Parameter Checking Enable" id="config.driver.qspi.param_checking_enable">
			<option display="Default (BSP)" id="config.driver.qspi.param_checking_enable.bsp" value="(BSP_CFG_PARAM_CHECKING_ENABLE)"/>
			<option display="Enabled" id="config.driver.qspi.param_checking_enable.enabled" value="(1)"/>
			<option display="Disabled" id="config.driver.qspi.param_checking_enable.disabled" value="(0)"/>
		</property>
		<content>#define QSPI_CFG_PARAM_CHECKING_ENABLE ${config.driver.qspi.param_checking_enable}
</content>
	</config>
	<module config="config.driver.qspi" display="${module.driver.qspi_on_qspi.name} QSPI Driver on QSPI" id="module.driver.qspi_on_qspi" version="1">
        <constraint display="Unique name required for each instance">
            "${interface.driver.qspi.${module.driver.qspi_on_qspi.name}}" === "1"
        </constraint>        
        <provides interface="interface.driver.qspi" />
        <provides interface="interface.driver.qspi.${module.driver.qspi_on_qspi.name}" />
        <property default="g_qspi" display="Name" id="module.driver.qspi_on_qspi.name">
			<constraint display="Name must be a valid C symbol">testSymbol("${module.driver.qspi_on_qspi.name}")</constraint>
        </property>
	</module>
</synergyModuleDescription>
