<?xml version="1.0" ?>
<synergyModuleDescription>
    <config id="config.framework.sf_audio_playback" path="framework/sf_audio_playback_cfg.h" version="0">
        <property default="config.framework.sf_audio_playback.param_checking_enable.bsp" display="Parameter Checking" id="config.framework.sf_audio_playback.param_checking_enable">
            <option display="Default (BSP)" id="config.driver.sf_audio_playback.param_checking_enable.bsp" value="(BSP_CFG_PARAM_CHECKING_ENABLE)"/>
            <option display="Enabled" id="config.framework.sf_audio_playback.param_checking_enable.enabled" value="(1)"/>
            <option display="Disabled" id="config.framework.sf_audio_playback.param_checking_enable.disabled" value="(0)"/>
        </property>
        <property default="512" display="Buffer Size Bytes" id="config.framework.sf_audio_playback.buffer_size_bytes">
            <constraint display="Value must be a non-negative integer">testInteger("${config.framework.sf_audio_playback.buffer_size_bytes}")  &amp;&amp; ("${config.framework.sf_audio_playback.buffer_size_bytes}" &gt;= 0)</constraint>
        </property>
        <property default="1" display="Maximum Number of Streams" id="config.framework.sf_audio_playback.max_streams">
            <constraint display="Value must be a non-negative integer">testInteger("${config.framework.sf_audio_playback.max_streams}")  &amp;&amp; ("${config.framework.sf_audio_playback.max_streams}" &gt;= 0)</constraint>
        </property>
        <content>#define SF_AUDIO_PLAYBACK_CFG_PARAM_CHECKING_ENABLE ${config.framework.sf_audio_playback.param_checking_enable}
#define SF_AUDIO_PLAYBACK_CFG_BUFFER_SIZE_BYTES ${config.framework.sf_audio_playback.buffer_size_bytes}
#define SF_AUDIO_PLAYBACK_CFG_MAX_STREAMS ${config.framework.sf_audio_playback.max_streams}
</content>
    </config>
    <module config="config.framework.sf_audio_playback_hw" display="${module.framework.sf_audio_playback_hw_on_sf_audio_playback.name} SF_AUDIO_PLAYBACK_HARDWARE Module on SF_AUDIO_PLAYBACK" id="module.framework.sf_audio_playback_hw_on_sf_audio_playback" version="1">
        <constraint display="Requires one TRANSFER module named ${module.framework.sf_audio_playback_hw_on_sf_audio_playback.lowerleveltransfername}">
            "${interface.driver.transfer.${module.framework.sf_audio_playback_hw_on_sf_audio_playback.lowerleveltransfername}}" === "1"
        </constraint>
        <constraint display="Requires one TIMER module named ${module.framework.sf_audio_playback_hw_on_sf_audio_playback.lowerleveltimername}">
            "${interface.driver.timer.${module.framework.sf_audio_playback_hw_on_sf_audio_playback.lowerleveltimername}}" === "1"
        </constraint>
        <constraint display="Requires one DAC module named ${module.framework.sf_audio_playback_hw_on_sf_audio_playback.lowerleveldacname}">
            "${interface.driver.dac.${module.framework.sf_audio_playback_hw_on_sf_audio_playback.lowerleveldacname}}" === "1"
        </constraint>
        <constraint display="Requires one SF_MESSAGE Module named ${module.framework.sf_audio_playback_hw_on_sf_audio_playback.messagename}">
            "${interface.framework.sf_message.${module.framework.sf_audio_playback_hw_on_sf_audio_playback.messagename}}" === "1"
        </constraint>
        <requires interface="interface.driver.transfer.${module.framework.sf_audio_playback_hw_on_sf_audio_playback.lowerleveltransfername}" />
        <requires interface="interface.driver.timer.${module.framework.sf_audio_playback_hw_on_sf_audio_playback.lowerleveltimername}" />
        <requires interface="interface.driver.dac.${module.framework.sf_audio_playback_hw_on_sf_audio_playback.lowerleveldacname}" />
        <requires interface="_rtos" />
         <provides interface="interface.framework.sf_audio_playback_hw.${module.framework.sf_audio_playback_hw_on_sf_audio_playback.name}" />
       <property default="g_sf_audio_playback_hw" display="Name" id="module.framework.sf_audio_playback_hw_on_sf_audio_playback.name">
            <constraint display="Name must be a valid C symbol">testSymbol("${module.framework.sf_audio_playback_hw_on_sf_audio_playback.name}")</constraint>
        </property>
        <property default="3" display="Thread Priority" id="module.framework.sf_audio_playback_hw_on_sf_audio_playback.priority">
            <constraint display="Value must be a non-negative integer">testInteger("${module.framework.sf_audio_playback_hw_on_sf_audio_playback.priority}")  &amp;&amp; ("${module.framework.sf_audio_playback_hw_on_sf_audio_playback.priority}" &gt;= 0)</constraint>
           </property>
        <property id="module.framework.sf_audio_playback_hw_on_sf_audio_playback.messagename" display="Messaging Framework Name" default="g_sf_message">
            <constraint display="Name must be a valid C symbol">testSymbol("${module.framework.sf_audio_playback_hw_on_sf_audio_playback.messagename}")</constraint>
        </property>
        <property default="module.framework.sf_audio_playback_hw_on_sf_audio_playback.hw_type.hw_type_dac" display="Hardware Type" id="module.framework.sf_audio_playback_hw_on_sf_audio_playback.hw_type">
            <option display="Hardware Type Dac" id="module.framework.sf_audio_playback_hw_on_sf_audio_playback.hw_type.hw_type_dac" value="SF_AUDIO_PLAYBACK_HW_TYPE_DAC"/>
        </property>
        <property id="module.framework.sf_audio_playback_hw_on_sf_audio_playback.lowerleveldacapi" display="Lower Level Dac Api" default="module.framework.sf_audio_playback_hw_on_sf_audio_playback.lowerleveldacapi.dac">
            <option display="DAC" id="module.framework.sf_audio_playback_hw_on_sf_audio_playback.lowerleveldacapi.dac" value="dac"/>
        </property>
        <property id="module.framework.sf_audio_playback_hw_on_sf_audio_playback.lowerleveldacname" display="Lower Level Dac Name" default="g_dac">
            <constraint display="Name must be a valid C symbol">testSymbol("${module.framework.sf_audio_playback_hw_on_sf_audio_playback.lowerleveldacname}")</constraint>
        </property>
        <property id="module.framework.sf_audio_playback_hw_on_sf_audio_playback.lowerleveltransferapi" display="Lower Level Transfer Api" default="module.framework.sf_audio_playback_hw_on_sf_audio_playback.lowerleveltransferapi.dtc">
            <option display="DTC" id="module.framework.sf_audio_playback_hw_on_sf_audio_playback.lowerleveltransferapi.dtc" value="dtc"/>
            <option display="DMAC" id="module.framework.sf_audio_playback_hw_on_sf_audio_playback.lowerleveltransferapi.dmac" value="dmac"/>
        </property>
        <property id="module.framework.sf_audio_playback_hw_on_sf_audio_playback.lowerleveltransfername" display="Lower Level Transfer Name" default="g_transfer">
            <constraint display="Name must be a valid C symbol">testSymbol("${module.framework.sf_audio_playback_hw_on_sf_audio_playback.lowerleveltransfername}")</constraint>
        </property>
        <property id="module.framework.sf_audio_playback_hw_on_sf_audio_playback.lowerleveltimerapi" display="Lower Level Timer Api" default="module.framework.sf_audio_playback_hw_on_sf_audio_playback.lowerleveltimerapi.gpt">
            <option display="GPT" id="module.framework.sf_audio_playback_hw_on_sf_audio_playback.lowerleveltimerapi.gpt" value="gpt"/>
            <option display="AGT" id="module.framework.sf_audio_playback_hw_on_sf_audio_playback.lowerleveltimerapi.agt" value="agt"/>
        </property>
        <property id="module.framework.sf_audio_playback_hw_on_sf_audio_playback.lowerleveltimername" display="Lower Level Timer Name" default="g_timer">
            <constraint display="Name must be a valid C symbol">testSymbol("${module.framework.sf_audio_playback_hw_on_sf_audio_playback.lowerleveltimername}")</constraint>
        </property>
        <includes>#include &quot;sf_audio_playback.h&quot;</includes>
        <declarations>
extern const sf_message_instance_t ${module.framework.sf_audio_playback_hw_on_sf_audio_playback.messagename};
sf_audio_playback_hw_ctrl_t ${module.framework.sf_audio_playback_hw_on_sf_audio_playback.name};
const sf_audio_playback_hw_cfg_t ${module.framework.sf_audio_playback_hw_on_sf_audio_playback.name}_cfg =
{
    .hw_api.type         = ${module.framework.sf_audio_playback_hw_on_sf_audio_playback.hw_type},
    .hw_api.p_lower_lvl_dac_api    = &amp;g_dac_on_${module.framework.sf_audio_playback_hw_on_sf_audio_playback.lowerleveldacapi},
    .hw_api.p_lower_lvl_timer_api  = &amp;g_timer_on_${module.framework.sf_audio_playback_hw_on_sf_audio_playback.lowerleveltimerapi},
    .hw_api.p_lower_lvl_transfer_api = &amp;g_transfer_on_${module.framework.sf_audio_playback_hw_on_sf_audio_playback.lowerleveltransferapi},
    .p_lower_lvl_timer_cfg = &amp;${module.framework.sf_audio_playback_hw_on_sf_audio_playback.lowerleveltimername}_cfg,
    .p_lower_lvl_dac_cfg = &amp;${module.framework.sf_audio_playback_hw_on_sf_audio_playback.lowerleveldacname}_cfg,
    .p_lower_lvl_transfer_cfg = &amp;${module.framework.sf_audio_playback_hw_on_sf_audio_playback.lowerleveltransfername}_cfg,
    .priority            = ${module.framework.sf_audio_playback_hw_on_sf_audio_playback.priority},
    .p_message           = &amp;${module.framework.sf_audio_playback_hw_on_sf_audio_playback.messagename},
};
</declarations>
    </module>
    <module config="config.framework.sf_audio_playback" display="${module.framework.sf_audio_playback_on_sf_audio_playback.name} SF_AUDIO_PLAYBACK Module on SF_AUDIO_PLAYBACK" id="module.framework.sf_audio_playback_on_sf_audio_playback" version="1">
        <constraint display="Requires one SF_AUDIO_PLAYBACK_HARDWARE module named ${module.framework.sf_audio_playback_on_sf_audio_playback.lowerlevelhwname}">
            "${interface.framework.sf_audio_playback_hw.${module.framework.sf_audio_playback_on_sf_audio_playback.lowerlevelhwname}}" === "1"
        </constraint>
        <property default="g_sf_audio_playback" display="Name" id="module.framework.sf_audio_playback_on_sf_audio_playback.name">
            <constraint display="Name must be a valid C symbol">testSymbol("${module.framework.sf_audio_playback_on_sf_audio_playback.name}")</constraint>
        </property>
        <property id="module.framework.sf_audio_playback_on_sf_audio_playback.queuename" display="Audio Message Queue Name" default="g_sf_audio_playback_queue">
            <constraint display="Name must be a valid C symbol">testSymbol("${module.framework.sf_audio_playback_on_sf_audio_playback.queuename}")</constraint>
        </property>
        <property id="module.framework.sf_audio_playback_on_sf_audio_playback.lowerlevelhwname" display="Lower Level Hardware Framework Name" default="g_sf_audio_playback_hw">
            <constraint display="Name must be a valid C symbol">testSymbol("${module.framework.sf_audio_playback_on_sf_audio_playback.lowerlevelhwname}")</constraint>
        </property>
        <header>
            extern sf_audio_playback_hw_ctrl_t ${module.framework.sf_audio_playback_on_sf_audio_playback.lowerlevelhwname};
            extern const sf_audio_playback_hw_cfg_t ${module.framework.sf_audio_playback_on_sf_audio_playback.lowerlevelhwname}_cfg;
            extern const sf_audio_playback_instance_t ${module.framework.sf_audio_playback_on_sf_audio_playback.name};
		    /** Pointer to Audio Playback API */
            extern const sf_audio_playback_api_t * ${module.framework.sf_audio_playback_on_sf_audio_playback.name}_api;
        </header>
        <includes>#include &quot;sf_audio_playback.h&quot;</includes>
        <declarations>
extern TX_QUEUE ${module.framework.sf_audio_playback_on_sf_audio_playback.queuename};
sf_audio_playback_ctrl_t ${module.framework.sf_audio_playback_on_sf_audio_playback.name}_ctrl;
const sf_audio_playback_cfg_t ${module.framework.sf_audio_playback_on_sf_audio_playback.name}_cfg =
{
    .p_hw_cfg = &amp;${module.framework.sf_audio_playback_on_sf_audio_playback.lowerlevelhwname}_cfg,
    .p_hw_ctrl = &amp;${module.framework.sf_audio_playback_on_sf_audio_playback.lowerlevelhwname},
    .p_queue = &amp;${module.framework.sf_audio_playback_on_sf_audio_playback.queuename},
};
const sf_audio_playback_instance_t ${module.framework.sf_audio_playback_on_sf_audio_playback.name} = 
{
    .p_api = &amp;g_sf_audio_playback_on_sf_audio_playback,
	.p_ctrl = &amp;${module.framework.sf_audio_playback_on_sf_audio_playback.name}_ctrl,
	.p_cfg = &amp;${module.framework.sf_audio_playback_on_sf_audio_playback.name}_cfg,
};
</declarations>
        <init>
            ssp_err_t ssp_err_${module.framework.sf_audio_playback_on_sf_audio_playback.name};
            ssp_err_${module.framework.sf_audio_playback_on_sf_audio_playback.name} = ${module.framework.sf_audio_playback_on_sf_audio_playback.name}.p_api->open(${module.framework.sf_audio_playback_on_sf_audio_playback.name}.p_ctrl, ${module.framework.sf_audio_playback_on_sf_audio_playback.name}.p_cfg);
            if (SSP_SUCCESS != ssp_err_${module.framework.sf_audio_playback_on_sf_audio_playback.name})
            {
                while (1);
            }
        </init>
    </module>
</synergyModuleDescription>
