<?xml version="1.0" encoding="UTF-8"?>

<synergyModuleDescription>
	<module config="config.framework.sf_el_nx" display="${module.framework.sf_el_nx.name} SF_EL_NX Module on SF_EL_NX" id="module.framework.sf_el_nx" version="1">
        <constraint display="Requires ETHER Interrupt (ETHER EINT${module.framework.sf_el_nx.channel}) enabled">
            "${board.icu.ether.eint${module.framework.sf_el_nx.channel}}" != "board.icu.common.irq.disabled"
        </constraint>
        <requires interface="_rtos" />
        <provides interface="interface.framework.sf_el_nx.${module.framework.sf_el_nx.name}" />
        <property default="g_sf_el_nx" display="Name" id="module.framework.sf_el_nx.name">
            <constraint display="Name must be a valid C symbol">testSymbol("${module.framework.sf_el_nx.name}")</constraint>
        </property>
	    <property default="0" display="Channel" id="module.framework.sf_el_nx.channel">
			<constraint display="Value must be an integer between 0 and 1">testInteger("${module.framework.sf_el_nx.channel}")  &amp;&amp; ("${module.framework.sf_el_nx.channel}" &gt;= 0) &amp;&amp; ("${module.framework.sf_el_nx.channel}" &lt;= 1)</constraint>
        </property>
		<interrupt node="board.icu.ether.eint${module.framework.sf_el_nx.channel}" />
		<peripheral component="ethernetcontroller${module.framework.sf_el_nx.channel}rmii.ethernetcontroller${module.framework.sf_el_nx.channel}rmii" />
	</module>
</synergyModuleDescription>