<?xml version="1.0" ?>
<synergyModuleDescription>
	<config id="config.driver.sdmmc" path="driver/r_sdmmc_cfg.h" version="0">
		<property default="config.driver.sdmmc.param_checking_enable.bsp" display="Parameter Checking Enable" id="config.driver.sdmmc.param_checking_enable">
			<option display="Default (BSP)" id="config.driver.sdmmc.param_checking_enable.bsp" value="(BSP_CFG_PARAM_CHECKING_ENABLE)"/>
			<option display="Enabled" id="config.driver.sdmmc.param_checking_enable.enabled" value="(1)"/>
			<option display="Disabled" id="config.driver.sdmmc.param_checking_enable.disabled" value="(0)"/>
		</property>
		<content>#define SDMMC_CFG_PARAM_CHECKING_ENABLE ${config.driver.sdmmc.param_checking_enable}
</content>
	</config>
	<module config="config.driver.sdmmc" display="${module.driver.sdmmc_on_sdmmc.name} SDMMC Driver on SDMMC" id="module.driver.sdmmc_on_sdmmc" version="1">
	     <constraint display="Only one driver instance is allowed per SDMMC channel">
            "${interface.driver.sdmmc.${module.driver.sdmmc_on_sdmmc.channel}}" === "1"
        </constraint>
        <constraint display="Driver instances must have unique names">
            "${interface.driver.sdmmc.${module.driver.sdmmc_on_sdmmc.name}}" === "1"
        </constraint>
		<provides interface="interface.driver.sdmmc.${module.driver.sdmmc_on_sdmmc.name}" />
        <provides interface="interface.driver.sdmmc.${module.driver.sdmmc_on_sdmmc.channel}" />
        <property default="g_sdmmc" display="Name" id="module.driver.sdmmc_on_sdmmc.name">
            <constraint display="Name must be a valid C symbol">testSymbol("${module.driver.sdmmc_on_sdmmc.name}")</constraint>
        </property>
        <property default="1" display="Channel" id="module.driver.sdmmc_on_sdmmc.channel">
            <constraint display="Value must be a non-negative integer">testInteger("${module.driver.sdmmc_on_sdmmc.channel}")  &amp;&amp; (("${module.driver.sdmmc_on_sdmmc.channel}" &gt;= 0) &amp;&amp; ("${module.driver.sdmmc_on_sdmmc.channel}" &lt; 2))</constraint>
           </property>	
		<property default="module.driver.sdmmc_on_sdmmc.media_type.media_type_embedded" display="Media Type" id="module.driver.sdmmc_on_sdmmc.media_type">
			<option display="Embedded" id="module.driver.sdmmc_on_sdmmc.media_type.media_type_embedded" value="SDMMC_MEDIA_TYPE_EMBEDDED"/>
			<option display="Card" id="module.driver.sdmmc_on_sdmmc.media_type.media_type_card" value="SDMMC_MEDIA_TYPE_CARD"/>
		</property>
		<property default="module.driver.sdmmc_on_sdmmc.bus_width.bus_width_4_bits" display="Bus Width" id="module.driver.sdmmc_on_sdmmc.bus_width">
			<option display="1 Bit" id="module.driver.sdmmc_on_sdmmc.bus_width.bus_width_1_bit" value="SDMMC_BUS_WIDTH_1_BIT"/>
			<option display="4 Bits" id="module.driver.sdmmc_on_sdmmc.bus_width.bus_width_4_bits" value="SDMMC_BUS_WIDTH_4_BITS"/>
			<option display="8 Bits" id="module.driver.sdmmc_on_sdmmc.bus_width.bus_width_8_bits" value="SDMMC_BUS_WIDTH_8_BITS"/>
		</property>
        <property id="module.driver.sdmmc_on_sdmmc.lowerleveltransfername" display="Lower Level Transfer Name (optional)" default="NULL">
            <constraint display="Name must be a valid C symbol">testSymbol("${module.driver.sdmmc_on_sdmmc.lowerleveltransfername}")</constraint>
        </property>
		<header>
            /** SDMMC on SDMMC Instance. */
			extern const sdmmc_instance_t ${module.driver.sdmmc_on_sdmmc.name};
		</header>
		<includes>#include &quot;r_sdmmc.h&quot;
#include &quot;r_sdmmc_api.h&quot;</includes>
		<declarations>sdmmc_ctrl_t ${module.driver.sdmmc_on_sdmmc.name}_ctrl;
#ifdef ${module.driver.sdmmc_on_sdmmc.lowerleveltransfername}
#define SDMMC_TRANSFER (${module.driver.sdmmc_on_sdmmc.lowerleveltransfername})
#else
#define SDMMC_TRANSFER (&amp;${module.driver.sdmmc_on_sdmmc.lowerleveltransfername})
#endif
sdmmc_cfg_t ${module.driver.sdmmc_on_sdmmc.name}_cfg =
{
    .hw.channel             = ${module.driver.sdmmc_on_sdmmc.channel},
    .hw.media_type          = ${module.driver.sdmmc_on_sdmmc.media_type},
    .hw.bus_width           = ${module.driver.sdmmc_on_sdmmc.bus_width},
	.p_lower_lvl_transfer   = SDMMC_TRANSFER,
    .p_extend            = NULL,
};
/* Instance structure to use this module. */
const sdmmc_instance_t ${module.driver.sdmmc_on_sdmmc.name} = 
{
    .p_ctrl        = &amp;${module.driver.sdmmc_on_sdmmc.name}_ctrl,
    .p_cfg         = &amp;${module.driver.sdmmc_on_sdmmc.name}_cfg,
    .p_api         = &amp;g_sdmmc_on_sdmmc
};




</declarations>
	</module>
</synergyModuleDescription>
