<?xml version="1.0" encoding="UTF-8"?>

<synergyModuleDescription>
	<module config="config.framework.sf_el_ux" display="${module.framework.sf_el_ux.name} SF_EL_UX Module on SF_EL_UX" id="module.framework.sf_el_ux" version="1">
        <constraint display="Requires USBX Interrupt (USBFS USBI or USBHS USBIR) enabled">
            ("${board.icu.usbfs.usbi}" != "board.icu.common.irq.disabled") || ("${board.icu.usbhs.usbir}" != "board.icu.common.irq.disabled")
        </constraint>
        <requires interface="_rtos" />
        <provides interface="interface.framework.sf_el_ux.${module.framework.sf_el_ux.name}" />
        <property default="g_sf_el_ux" display="Name" id="module.framework.sf_el_ux.name">
            <constraint display="Name must be a valid C symbol">testSymbol("${module.framework.sf_el_ux.name}")</constraint>
        </property>
		<interrupt node="board.icu.usbfs.usbi" />
		<interrupt node="board.icu.usbhs.usbir" />
		<peripheral component="usbfs.usbfs" />
		<peripheral component="usbhs.usbhs" />
	</module>
</synergyModuleDescription>