<?xml version="1.0" ?>
<synergyModuleDescription>
	<config id="config.driver.elc" path="driver/r_elc_cfg.h" version="0">
		<property id="config.driver.elc.checking" display="Parameter Checking" default="config.driver.elc.checking.system">
			<option id="config.driver.elc.checking.system" display="Default (BSP)" value="(BSP_CFG_PARAM_CHECKING_ENABLE)" />		
	 		<option id="config.driver.elc.checking.enabled" display="Enabled" value="(1)" />
			<option id="config.driver.elc.checking.disabled" display="Disabled" value="(0)" />				
		</property>			
		<content>#define ELC_CFG_PARAM_CHECKING_ENABLE ${config.driver.elc.checking}</content>
	</config>
	<module config="config.driver.elc" display="g_elc ELC Driver on ELC" id="module.driver.elc_on_elc" version="1">
        <constraint display="Only one ELC driver instance is allowed">
            "${interface.driver.elc_on_elc}" === "1"
        </constraint>
        <requires interface="_hal" />
        <provides interface="interface.driver.elc_on_elc" />
		<header>
		/** Pointer to ELC API */
		extern const elc_instance_t g_elc;
		</header>
		<includes>
		#include &quot;r_elc.h&quot;
		#include &quot;r_elc_api.h&quot;
		</includes>
		<declarations>
		const elc_instance_t g_elc = {
            .p_api = &amp;g_elc_on_elc,
            .p_cfg = NULL
        };
		</declarations>
    </module>        
</synergyModuleDescription>
